timestamp,cone_type,rel_x_sensor,rel_y_sensor,confidence,label
0.0,left,0.026,3.531,0.87,real
0.0,left,-5.075,2.862,0.78,real
0.0,left,-9.808,0.925,0.86,real
0.0,left,-14.271,-2.37,0.96,real
0.0,left,-18.437,-6.697,0.83,real
0.0,right,-3.55,-4.099,0.97,real
0.0,right,-7.36,-5.682,0.92,real
0.0,right,-10.488,-8.334,0.91,real
0.1,left,-4.598,2.851,0.99,real
0.1,left,-9.669,1.298,0.8,real
0.1,left,-13.997,-1.87,0.95,real
0.1,left,-18.137,-6.051,0.84,real
0.1,left,-21.506,-11.431,0.78,real
0.1,right,-3.407,-4.118,0.89,real
0.1,right,-7.168,-5.65,0.88,real
0.1,right,-10.71,-8.166,0.98,real
0.1,right,-13.644,-11.938,0.89,real
0.2,left,-4.465,3.142,0.8,real
0.2,left,-9.328,0.938,0.92,real
0.2,left,-13.947,-2.115,0.87,real
0.2,left,-17.753,-5.973,0.95,real
0.2,left,-21.44,-11.316,0.9,real
0.2,right,-3.286,-4.067,0.92,real
0.2,right,-7.434,-5.572,0.84,real
0.2,right,-10.4,-7.884,0.95,real
0.2,right,-13.59,-11.565,0.93,real
0.3,left,-3.996,2.826,0.94,real
0.3,left,-8.798,1.226,0.99,real
0.3,left,-13.485,-1.624,0.91,real
0.3,left,-17.871,-5.546,0.79,real
0.3,left,-21.566,-10.978,0.71,real
0.3,right,-3.553,-3.411,0.85,real
0.3,right,-6.862,-5.323,0.86,real
0.3,right,-10.105,-7.721,0.87,real
0.3,right,-13.566,-11.282,0.81,real
0.4,left,-3.78,3.029,0.84,real
0.4,left,-8.508,1.493,0.99,real
0.4,left,-13.137,-1.327,0.98,real
0.4,left,-17.598,-5.406,0.89,real
0.4,left,-21.318,-10.626,0.8,real
0.4,right,-3.108,-3.832,0.99,real
0.4,right,-6.722,-5.477,0.79,real
0.4,right,-10.218,-7.745,0.99,real
0.4,right,-13.245,-11.301,0.92,real
0.4,left,-5.83,4.253,0.45,ghost
0.5,left,-3.488,3.223,0.79,real
0.5,left,-8.29,1.23,0.84,real
0.5,left,-13.095,-0.909,0.86,real
0.5,left,-17.328,-5.095,0.82,real
0.5,left,-21.613,-10.111,0.88,real
0.5,right,-2.816,-4.01,0.89,real
0.5,right,-6.477,-5.11,0.87,real
0.5,right,-10.045,-7.559,0.89,real
0.5,right,-13.365,-11.086,0.87,real
0.6,left,-3.274,3.304,0.74,real
0.6,left,-7.922,1.832,0.81,real
0.6,left,-12.873,-1.187,0.94,real
0.6,left,-17.213,-5.034,0.9,real
0.6,left,-21.313,-9.723,0.8,real
0.6,right,-2.82,-3.847,0.89,real
0.6,right,-6.235,-5.095,0.96,real
0.6,right,-10.039,-7.438,0.74,real
0.6,right,-13.472,-10.964,0.94,real
0.7,left,-2.967,3.139,0.87,real
0.7,left,-7.74,1.651,0.94,real
0.7,left,-12.609,-0.939,0.74,real
0.7,left,-17.184,-4.689,0.86,real
0.7,left,-21.436,-9.518,0.99,real
0.7,right,-2.209,-3.638,0.99,real
0.7,right,-6.099,-4.599,0.84,real
0.7,right,-9.648,-7.232,0.93,real
0.7,right,-13.574,-10.557,0.94,real
0.7,unknown,-10.371,6.71,0.3,ghost
0.8,left,-2.493,3.262,0.87,real
0.8,left,-7.547,1.805,0.86,real
0.8,left,-12.224,-0.825,0.98,real
0.8,left,-16.959,-4.56,0.83,real
0.8,left,-21.021,-8.975,0.84,real
0.8,right,-2.259,-3.613,0.87,real
0.8,right,-5.825,-4.598,0.94,real
0.8,right,-9.631,-7.173,0.88,real
0.8,right,-13.138,-9.606,0.95,real
0.9,left,-2.228,3.315,0.86,real
0.9,left,-7.571,1.877,0.78,real
0.9,left,-12.013,-0.424,0.93,real
0.9,left,-16.516,-3.633,0.75,real
0.9,left,-21.021,-8.797,0.9,real
0.9,right,-1.806,-3.407,0.74,real
0.9,right,-5.829,-4.78,0.95,real
0.9,right,-9.673,-6.83,0.97,real
0.9,right,-13.088,-9.894,0.84,real
1.0,left,-1.691,3.115,0.8,real
1.0,left,-7.012,2.161,0.88,real
1.0,left,-11.84,-0.184,0.78,real
1.0,left,-16.537,-4.059,0.81,real
1.0,left,-20.852,-8.54,0.88,real
1.0,right,-2.03,-3.336,0.75,real
1.0,right,-5.487,-4.531,0.86,real
1.0,right,-9.487,-6.819,0.98,real
1.0,right,-12.821,-10.045,0.76,real
1.1,left,-1.476,3.346,0.91,real
1.1,left,-6.185,2.583,0.93,real
1.1,left,-11.796,-0.3,0.99,real
1.1,left,-15.985,-3.632,0.75,real
1.1,left,-21.076,-8.172,0.8,real
1.1,right,-1.897,-3.686,0.75,real
1.1,right,-5.447,-4.398,0.89,real
1.1,right,-9.14,-6.803,0.78,real
1.1,right,-12.964,-9.911,0.82,real
1.2,left,-1.193,3.446,0.9,real
1.2,left,-6.303,2.329,0.99,real
1.2,left,-10.941,0.277,0.98,real
1.2,left,-15.735,-3.526,0.72,real
1.2,left,-20.555,-8.144,0.99,real
1.2,right,-1.529,-3.962,0.88,real
1.2,right,-5.289,-4.176,0.93,real
1.2,right,-8.97,-6.632,0.81,real
1.2,right,-12.785,-9.252,0.86,real
1.3,left,-1.243,3.463,0.77,real
1.3,left,-5.872,2.592,0.78,real
1.3,left,-10.979,0.36,0.85,real
1.3,left,-15.792,-2.829,0.99,real
1.3,left,-20.481,-7.301,0.85,real
1.3,right,-1.293,-3.403,0.91,real
1.3,right,-5.141,-4.494,0.98,real
1.3,right,-8.804,-6.463,0.82,real
1.3,right,-12.612,-9.381,0.94,real
1.4,left,-0.511,3.709,0.83,real
1.4,left,-5.442,2.63,0.9,real
1.4,left,-10.949,0.328,0.81,real
1.4,left,-15.747,-2.774,0.78,real
1.4,left,-20.338,-6.949,0.99,real
1.4,right,-0.914,-3.241,0.89,real
1.4,right,-4.932,-4.413,0.89,real
1.4,right,-8.392,-6.17,0.94,real
1.4,right,-12.647,-8.88,0.85,real
1.5,left,-0.053,3.48,0.88,real
1.5,left,-5.306,2.76,0.76,real
1.5,left,-10.622,0.643,0.96,real
1.5,left,-15.891,-2.398,0.88,real
1.5,left,-20.21,-7.14,0.76,real
1.5,right,-0.79,-3.232,0.7,real
1.5,right,-4.252,-3.955,0.95,real
1.5,right,-8.413,-5.935,0.8,real
1.5,right,-12.552,-8.56,0.97,real
1.6,left,-4.831,2.852,0.93,real
1.6,left,-9.994,1.16,0.78,real
1.6,left,-15.223,-2.197,0.91,real
1.6,left,-20.016,-6.606,0.84,real
1.6,right,-0.695,-3.572,0.92,real
1.6,right,-4.319,-3.866,0.95,real
1.6,right,-8.47,-5.659,0.86,real
1.6,right,-12.365,-8.74,0.96,real
1.7,left,-4.561,2.732,0.79,real
1.7,left,-9.894,1.074,0.81,real
1.7,left,-15.264,-2.235,0.74,real
1.7,left,-19.62,-6.292,0.79,real
1.7,right,-0.21,-3.505,0.93,real
1.7,right,-4.174,-4.079,0.83,real
1.7,right,-8.455,-5.617,0.9,real
1.7,right,-12.09,-8.382,0.87,real
1.7,right,-15.944,-11.771,0.94,real
1.7,right,-7.716,-5.829,0.3,ghost
1.8,left,-4.37,2.835,0.82,real
1.8,left,-9.667,1.138,0.84,real
1.8,left,-14.962,-1.671,0.92,real
1.8,left,-19.533,-5.831,0.86,real
1.8,right,-0.189,-3.44,0.99,real
1.8,right,-4.199,-4.04,0.88,real
1.8,right,-8.05,-5.92,0.84,real
1.8,right,-11.953,-8.083,0.89,real
1.8,right,-16.084,-11.635,0.88,real
1.9,left,-4.235,2.782,0.85,real
1.9,left,-9.35,1.5,0.85,real
1.9,left,-14.759,-1.709,0.84,real
1.9,left,-19.675,-5.425,0.92,real
1.9,right,-3.76,-3.65,0.81,real
1.9,right,-7.874,-5.728,0.85,real
1.9,right,-12.163,-8.09,0.76,real
1.9,right,-15.759,-11.428,0.78,real
1.9,right,-7.639,-7.798,0.5,ghost
2.0,left,-3.69,2.762,0.99,real
2.0,left,-8.816,1.793,0.86,real
2.0,left,-14.105,-1.222,0.7,real
2.0,left,-19.302,-5.539,0.8,real
2.0,right,-3.545,-3.608,0.92,real
2.0,right,-7.636,-5.677,0.89,real
2.0,right,-11.691,-7.893,0.84,real
2.0,right,-15.474,-11.255,0.87,real
2.1,left,-3.454,3.127,0.92,real
2.1,left,-8.791,1.834,0.96,real
2.1,left,-13.847,-1.043,0.89,real
2.1,left,-19.224,-4.889,0.86,real
2.1,right,-3.179,-3.835,0.77,real
2.1,right,-7.361,-5.043,0.89,real
2.1,right,-11.531,-7.66,0.99,real
2.1,right,-15.536,-11.178,0.8,real
2.2,left,-3.139,3.234,0.82,real
2.2,left,-8.402,1.948,0.88,real
2.2,left,-13.872,-0.863,0.91,real
2.2,left,-18.656,-4.549,0.9,real
2.2,right,-3.287,-3.483,0.89,real
2.2,right,-7.513,-5.062,0.87,real
2.2,right,-11.534,-7.477,0.93,real
2.2,right,-15.527,-10.741,0.83,real
2.3,left,-2.749,3.538,0.84,real
2.3,left,-8.396,1.68,0.74,real
2.3,left,-13.54,-0.439,0.84,real
2.3,left,-18.643,-4.368,0.99,real
2.3,right,-3.092,-3.392,0.9,real
2.3,right,-7.044,-5.024,0.86,real
2.3,right,-11.25,-7.394,0.95,real
2.3,right,-15.215,-11.017,0.97,real
2.4,left,-2.662,3.283,0.83,real
2.4,left,-7.642,2.089,0.75,real
2.4,left,-13.379,-0.569,0.88,real
2.4,left,-18.362,-3.87,0.87,real
2.4,right,-2.303,-3.712,0.93,real
2.4,right,-6.847,-4.787,0.89,real
2.4,right,-11.193,-7.281,0.88,real
2.4,right,-15.166,-10.156,0.89,real
2.5,left,-2.41,3.613,0.91,real
2.5,left,-7.812,2.324,0.81,real
2.5,left,-12.797,-0.389,0.85,real
2.5,left,-18.076,-3.687,0.99,real
2.5,right,-2.337,-3.737,0.9,real
2.5,right,-6.596,-5.052,0.83,real
2.5,right,-10.899,-7.112,0.96,real
2.5,right,-15.036,-9.598,0.8,real
2.6,left,-1.803,3.194,0.9,real
2.6,left,-7.161,2.167,0.99,real
2.6,left,-12.96,-0.142,0.8,real
2.6,left,-18.78,-3.268,0.85,real
2.6,right,-2.174,-3.896,0.91,real
2.6,right,-6.241,-4.721,0.92,real
2.6,right,-10.732,-6.532,0.83,real
2.6,right,-14.965,-9.783,0.84,real
2.7,left,-1.608,3.304,0.83,real
2.7,left,-6.858,2.535,0.99,real
2.7,left,-12.321,0.356,0.86,real
2.7,left,-17.815,-3.36,0.95,real
2.7,right,-2.042,-3.036,0.86,real
2.7,right,-6.167,-4.388,0.84,real
2.7,right,-10.673,-6.396,0.97,real
2.7,right,-14.698,-9.339,0.91,real
2.8,left,-1.365,3.682,0.92,real
2.8,left,-6.945,2.162,0.84,real
2.8,left,-12.066,0.226,0.95,real
2.8,left,-17.571,-2.924,0.99,real
2.8,right,-1.832,-3.453,0.89,real
2.8,right,-6.185,-4.301,0.86,real
2.8,right,-10.222,-6.385,0.99,real
2.8,right,-14.908,-9.317,0.81,real
2.9,left,-0.761,3.808,0.87,real
2.9,left,-6.374,2.701,0.9,real
2.9,left,-11.685,0.331,0.85,real
2.9,left,-17.472,-2.558,0.85,real
2.9,right,-1.853,-3.724,0.88,real
2.9,right,-6.0,-4.576,0.83,real
2.9,right,-10.435,-6.091,0.86,real
2.9,right,-14.581,-9.221,0.85,real
3.0,left,-0.265,3.44,0.86,real
3.0,left,-5.95,2.962,0.91,real
3.0,left,-11.411,0.871,0.77,real
3.0,left,-17.375,-2.413,0.96,real
3.0,right,-1.445,-3.186,0.8,real
3.0,right,-5.787,-4.174,0.8,real
3.0,right,-10.025,-6.102,0.81,real
3.0,right,-14.425,-8.817,0.7,real
3.1,left,-0.246,3.545,0.79,real
3.1,left,-5.849,3.048,0.92,real
3.1,left,-11.147,0.982,0.98,real
3.1,left,-16.94,-1.826,0.91,real
3.1,right,-1.181,-3.199,0.76,real
3.1,right,-5.73,-4.227,0.85,real
3.1,right,-9.897,-5.745,0.77,real
3.1,right,-14.071,-8.79,0.9,real
3.2,left,-5.285,2.891,0.95,real
3.2,left,-11.123,0.85,0.77,real
3.2,left,-16.538,-1.984,0.9,real
3.2,right,-1.105,-3.278,0.89,real
3.2,right,-5.606,-4.279,0.94,real
3.2,right,-9.664,-5.986,0.99,real
3.2,right,-14.191,-8.709,0.82,real
3.2,right,-18.693,-12.158,0.83,real
3.3,left,-5.189,3.039,0.9,real
3.3,left,-10.756,1.279,0.82,real
3.3,left,-16.546,-1.731,0.97,real
3.3,left,-21.475,-5.416,0.83,real
3.3,right,-1.176,-3.369,0.83,real
3.3,right,-4.734,-3.972,0.88,real
3.3,right,-9.409,-5.546,0.83,real
3.3,right,-14.13,-8.204,0.91,real
3.3,right,-18.238,-11.577,0.96,real
3.4,left,-4.539,3.244,0.81,real
3.4,left,-10.096,1.599,0.77,real
3.4,left,-16.052,-1.359,0.79,real
3.4,left,-21.858,-5.354,0.85,real
3.4,right,-0.379,-3.726,0.9,real
3.4,right,-4.842,-3.548,0.83,real
3.4,right,-8.87,-5.502,0.91,real
3.4,right,-13.718,-8.184,0.81,real
3.4,right,-18.455,-11.19,0.86,real
3.5,left,-4.412,2.752,0.99,real
3.5,left,-10.264,1.695,0.99,real
3.5,left,-15.82,-1.315,0.82,real
3.5,left,-21.566,-5.029,0.8,real
3.5,right,-0.179,-3.309,0.79,real
3.5,right,-4.238,-3.779,0.91,real
3.5,right,-9.021,-5.455,0.9,real
3.5,right,-13.837,-7.744,0.92,real
3.5,right,-18.16,-11.523,0.93,real
3.6,left,-3.947,2.933,0.99,real
3.6,left,-10.106,1.681,0.96,real
3.6,left,-15.916,-1.255,0.93,real
3.6,left,-21.488,-4.618,0.78,real
3.6,right,-4.47,-3.824,0.88,real
3.6,right,-8.735,-5.256,0.9,real
3.6,right,-13.302,-7.721,0.9,real
3.6,right,-18.077,-10.827,0.94,real
3.7,left,-3.725,3.225,0.85,real
3.7,left,-9.251,1.575,0.87,real
3.7,left,-15.238,-0.896,0.98,real
3.7,left,-21.356,-4.214,0.91,real
3.7,right,-3.905,-3.641,0.99,real
3.7,right,-8.666,-5.21,0.92,real
3.7,right,-13.239,-7.498,0.88,real
3.7,right,-17.829,-10.79,0.99,real
3.8,left,-3.573,2.898,0.99,real
3.8,left,-9.15,1.812,0.91,real
3.8,left,-15.051,-0.73,0.87,real
3.8,left,-20.848,-4.499,0.89,real
3.8,right,-3.831,-3.934,0.89,real
3.8,right,-8.456,-5.079,0.79,real
3.8,right,-13.107,-7.14,0.89,real
3.8,right,-17.593,-10.634,0.93,real
3.9,left,-3.308,3.166,0.94,real
3.9,left,-8.664,2.44,0.93,real
3.9,left,-14.958,-0.494,0.79,real
3.9,left,-20.805,-3.507,0.89,real
3.9,right,-3.645,-3.759,0.86,real
3.9,right,-8.138,-4.938,0.98,real
3.9,right,-12.767,-7.121,0.97,real
3.9,right,-17.647,-9.995,0.91,real
4.0,left,-2.563,3.625,0.81,real
4.0,left,-8.256,2.13,0.83,real
4.0,left,-14.355,-0.26,0.84,real
4.0,left,-20.571,-3.557,0.9,real
4.0,right,-3.097,-3.798,0.85,real
4.0,right,-8.026,-4.93,0.87,real
4.0,right,-12.761,-6.928,0.97,real
4.0,right,-17.665,-10.081,0.8,real
4.1,left,-2.181,3.383,0.93,real
4.1,left,-8.3,2.37,0.78,real
4.1,left,-14.38,0.18,0.97,real
4.1,left,-20.107,-3.217,0.95,real
4.1,right,-3.15,-3.893,0.89,real
4.1,right,-7.807,-4.863,0.82,real
4.1,right,-12.537,-6.595,0.93,real
4.1,right,-17.008,-10.092,0.86,real
4.2,left,-1.965,3.383,0.99,real
4.2,left,-7.711,2.336,0.92,real
4.2,left,-13.844,0.301,0.88,real
4.2,left,-19.918,-3.254,0.81,real
4.2,right,-2.76,-3.656,0.87,real
4.2,right,-7.455,-4.663,0.83,real
4.2,right,-12.168,-6.746,0.8,real
4.2,right,-17.374,-9.576,0.79,real
4.3,left,-1.75,3.34,0.8,real
4.3,left,-7.347,2.46,0.98,real
4.3,left,-13.395,0.314,0.86,real
4.3,left,-19.942,-2.982,0.93,real
4.3,right,-2.534,-3.828,0.78,real
4.3,right,-7.274,-4.744,0.9,real
4.3,right,-12.082,-6.495,0.86,real
4.3,right,-17.107,-9.405,0.92,real
4.4,left,-1.606,3.378,0.91,real
4.4,left,-7.356,2.579,0.8,real
4.4,left,-13.448,0.786,0.99,real
4.4,left,-19.536,-2.621,0.88,real
4.4,right,-2.652,-3.361,0.8,real
4.4,right,-6.903,-4.432,0.81,real
4.4,right,-11.912,-6.378,0.82,real
4.4,right,-17.098,-8.847,0.79,real
4.5,left,-1.259,3.225,0.88,real
4.5,left,-7.106,2.786,0.87,real
4.5,left,-12.916,0.519,0.86,real
4.5,left,-19.205,-2.253,0.88,real
4.5,right,-1.691,-3.478,0.81,real
4.5,right,-7.002,-4.53,0.76,real
4.5,right,-11.672,-6.305,0.91,real
4.5,right,-16.855,-8.902,0.78,real
4.6,left,-0.649,3.625,0.88,real
4.6,left,-6.227,3.08,0.93,real
4.6,left,-12.431,0.934,0.78,real
4.6,left,-18.583,-2.031,0.85,real
4.6,right,-2.001,-3.559,0.86,real
4.6,right,-6.656,-4.508,0.91,real
4.6,right,-11.366,-6.241,0.99,real
4.6,right,-16.551,-8.995,0.94,real
4.7,left,-0.113,3.564,0.79,real
4.7,left,-6.247,2.672,0.74,real
4.7,left,-12.039,0.888,0.84,real
4.7,left,-18.429,-1.767,0.89,real
4.7,right,-1.642,-3.489,0.93,real
4.7,right,-6.172,-4.18,0.8,real
4.7,right,-11.274,-6.037,0.81,real
4.7,right,-16.31,-8.368,0.87,real
4.7,right,-21.09,-11.923,0.83,real
4.8,left,-5.943,2.783,0.78,real
4.8,left,-12.106,1.108,0.86,real
4.8,left,-18.143,-1.598,0.78,real
4.8,right,-1.606,-3.236,0.83,real
4.8,right,-6.223,-4.257,0.93,real
4.8,right,-11.251,-5.723,0.81,real
4.8,right,-16.187,-8.416,0.86,real
4.8,right,-20.804,-11.78,0.92,real
4.9,left,-5.265,2.935,0.77,real
4.9,left,-11.456,1.328,0.82,real
4.9,left,-18.067,-1.345,0.91,real
4.9,right,-1.135,-3.851,0.83,real
4.9,right,-5.772,-4.126,0.9,real
4.9,right,-10.788,-5.578,0.9,real
4.9,right,-15.49,-8.115,0.87,real
4.9,right,-20.706,-11.563,0.93,real
5.0,left,-5.297,2.829,0.78,real
5.0,left,-11.427,1.526,0.81,real
5.0,left,-17.766,-1.144,0.83,real
5.0,right,-0.633,-3.465,0.88,real
5.0,right,-5.306,-3.86,0.87,real
5.0,right,-10.575,-5.329,0.91,real
5.0,right,-15.469,-8.378,0.81,real
5.0,right,-20.551,-11.084,0.82,real
5.1,left,-4.972,2.908,0.77,real
5.1,left,-11.148,1.456,0.79,real
5.1,left,-17.115,-0.914,0.87,real
5.1,right,-0.702,-3.117,0.85,real
5.1,right,-5.539,-3.891,0.99,real
5.1,right,-10.374,-5.548,0.93,real
5.1,right,-15.359,-7.542,0.9,real
5.1,right,-20.573,-10.811,0.83,real
5.2,left,-4.474,3.126,0.89,real
5.2,left,-11.042,1.834,0.81,real
5.2,left,-16.841,-0.884,0.92,real
5.2,right,-0.366,-3.158,0.95,real
5.2,right,-5.192,-3.869,0.88,real
5.2,right,-10.132,-5.339,0.92,real
5.2,right,-14.985,-7.488,0.8,real
5.2,right,-20.444,-10.655,0.87,real
5.3,left,-4.18,3.092,0.81,real
5.3,left,-10.696,1.563,0.87,real
5.3,left,-16.776,-0.455,0.87,real
5.3,right,-4.827,-3.979,0.84,real
5.3,right,-9.67,-4.927,0.93,real
5.3,right,-15.375,-7.593,0.96,real
5.3,right,-20.231,-9.785,0.87,real
5.4,left,-3.619,3.063,0.75,real
5.4,left,-9.679,1.933,0.89,real
5.4,left,-16.525,-0.234,0.87,real
5.4,right,-4.187,-3.815,0.77,real
5.4,right,-9.477,-5.092,0.76,real
5.4,right,-14.632,-7.312,0.99,real
5.4,right,-19.674,-10.149,0.79,real
5.4,right,-5.581,-0.677,0.31,ghost
5.5,left,-3.18,3.138,0.74,real
5.5,left,-9.66,1.904,0.78,real
5.5,left,-16.371,-0.159,0.88,real
5.5,right,-4.077,-3.609,0.89,real
5.5,right,-9.202,-4.857,0.83,real
5.5,right,-14.55,-6.818,0.82,real
5.5,right,-19.858,-10.017,0.86,real
5.6,left,-3.007,3.431,0.9,real
5.6,left,-9.245,1.991,0.92,real
5.6,left,-15.325,-0.272,0.9,real
5.6,right,-4.027,-3.809,0.92,real
5.6,right,-8.928,-5.021,0.87,real
5.6,right,-14.147,-6.654,0.91,real
5.6,right,-19.48,-9.244,0.82,real
5.7,left,-2.585,3.287,0.86,real
5.7,left,-8.949,2.421,0.76,real
5.7,left,-15.513,0.128,0.89,real
5.7,right,-3.771,-3.418,0.85,real
5.7,right,-8.754,-4.756,0.98,real
5.7,right,-13.725,-7.014,0.92,real
5.7,right,-19.347,-9.252,0.9,real
5.8,left,-2.441,3.286,0.84,real
5.8,left,-8.806,2.44,0.99,real
5.8,left,-15.328,0.305,0.73,real
5.8,left,-21.683,-2.94,0.96,real
5.8,right,-3.297,-3.479,0.8,real
5.8,right,-8.271,-4.758,0.88,real
5.8,right,-13.81,-6.577,0.93,real
5.8,right,-19.361,-9.53,0.88,real
5.9,left,-2.261,3.378,0.86,real
5.9,left,-8.121,2.49,0.94,real
5.9,left,-15.043,0.254,0.87,real
5.9,left,-21.328,-2.389,0.92,real
5.9,right,-3.368,-3.534,0.89,real
5.9,right,-8.388,-4.395,0.95,real
5.9,right,-13.009,-6.477,0.98,real
5.9,right,-19.159,-9.158,0.91,real
6.0,left,-1.451,3.35,0.8,real
6.0,left,-8.117,2.431,0.92,real
6.0,left,-14.737,0.561,0.84,real
6.0,left,-21.125,-2.347,0.8,real
6.0,right,-2.503,-3.371,0.94,real
6.0,right,-8.058,-4.687,0.78,real
6.0,right,-13.105,-6.209,0.97,real
6.0,right,-19.019,-8.854,0.99,real
6.1,left,-1.256,3.32,0.94,real
6.1,left,-8.061,2.665,0.98,real
6.1,left,-14.164,0.86,0.82,real
6.1,left,-20.646,-1.915,0.86,real
6.1,right,-2.202,-3.23,0.8,real
6.1,right,-7.974,-4.721,0.92,real
6.1,right,-13.381,-6.298,0.89,real
6.1,right,-18.289,-8.643,0.97,real
6.2,left,-1.279,3.331,0.78,real
6.2,left,-7.208,2.75,0.93,real
6.2,left,-13.952,1.13,0.78,real
6.2,left,-20.605,-1.891,0.94,real
6.2,right,-2.028,-3.515,0.97,real
6.2,right,-7.626,-4.067,0.99,real
6.2,right,-12.633,-6.096,0.89,real
6.2,right,-17.977,-8.494,0.91,real
6.3,left,-0.449,3.379,0.99,real
6.3,left,-7.058,2.658,0.83,real
6.3,left,-13.925,1.194,0.94,real
6.3,left,-19.829,-1.552,0.84,real
6.3,right,-2.218,-3.961,0.74,real
6.3,right,-7.138,-4.138,0.88,real
6.3,right,-12.313,-5.936,0.89,real
6.3,right,-18.19,-8.337,0.9,real
6.4,left,-0.325,3.639,0.88,real
6.4,left,-6.585,2.777,0.9,real
6.4,left,-13.189,1.074,0.86,real
6.4,left,-19.931,-1.582,0.91,real
6.4,right,-1.505,-3.552,0.82,real
6.4,right,-6.904,-3.824,0.84,real
6.4,right,-12.022,-5.51,0.9,real
6.4,right,-17.765,-7.64,0.99,real
6.5,left,-6.133,2.844,0.82,real
6.5,left,-12.749,1.331,0.88,real
6.5,left,-19.507,-0.84,0.84,real
6.5,right,-1.293,-3.501,0.86,real
6.5,right,-6.629,-4.009,0.8,real
6.5,right,-12.081,-5.69,0.8,real
6.5,right,-17.242,-7.817,0.79,real
6.6,left,-5.851,2.82,0.89,real
6.6,left,-12.654,1.392,0.83,real
6.6,left,-19.618,-1.133,0.81,real
6.6,right,-0.89,-3.331,0.78,real
6.6,right,-5.794,-3.895,0.86,real
6.6,right,-11.843,-5.501,0.77,real
6.6,right,-17.159,-7.675,0.81,real
6.7,left,-5.481,2.804,0.87,real
6.7,left,-12.047,1.812,0.91,real
6.7,left,-18.828,-0.825,0.78,real
6.7,right,-0.703,-3.059,0.9,real
6.7,right,-5.859,-3.669,0.79,real
6.7,right,-11.34,-5.524,0.88,real
6.7,right,-16.622,-7.789,0.8,real
6.8,left,-5.157,3.255,0.75,real
6.8,left,-11.667,2.052,0.87,real
6.8,left,-18.807,-0.713,0.87,real
6.8,right,-0.274,-3.807,0.99,real
6.8,right,-5.567,-3.812,0.78,real
6.8,right,-10.878,-5.219,0.73,real
6.8,right,-16.526,-7.278,0.82,real
6.9,left,-4.363,3.244,0.83,real
6.9,left,-11.549,1.86,0.84,real
6.9,left,-18.7,-0.505,0.99,real
6.9,right,-0.293,-3.229,0.78,real
6.9,right,-5.377,-4.164,0.87,real
6.9,right,-11.026,-5.084,0.91,real
6.9,right,-16.408,-7.006,0.99,real
6.9,right,-22.113,-9.922,0.93,real
7.0,left,-4.262,3.008,0.86,real
7.0,left,-10.999,1.501,0.84,real
7.0,left,-18.073,-0.428,0.94,real
7.0,right,-4.859,-3.607,0.78,real
7.0,right,-10.472,-5.133,0.99,real
7.0,right,-16.257,-6.902,0.84,real
7.0,right,-21.722,-9.335,0.99,real
7.1,left,-4.081,3.008,0.74,real
7.1,left,-11.059,2.016,0.89,real
7.1,left,-17.476,-0.032,0.74,real
7.1,right,-4.681,-3.785,0.85,real
7.1,right,-10.446,-5.034,0.85,real
7.1,right,-15.624,-6.893,0.73,real
7.1,right,-21.442,-9.614,0.94,real
7.2,left,-3.67,3.415,0.87,real
7.2,left,-10.103,2.201,0.87,real
7.2,left,-17.166,0.007,0.86,real
7.2,right,-4.281,-3.495,0.82,real
7.2,right,-9.758,-4.897,0.85,real
7.2,right,-15.754,-7.087,0.99,real
7.2,right,-20.829,-9.324,0.95,real
7.3,left,-3.242,3.314,0.94,real
7.3,left,-9.79,2.41,0.88,real
7.3,left,-17.067,0.277,0.98,real
7.3,right,-3.972,-3.674,0.82,real
7.3,right,-9.241,-4.931,0.8,real
7.3,right,-15.217,-6.279,0.94,real
7.3,right,-20.927,-9.144,0.99,real
7.4,left,-2.338,3.176,0.8,real
7.4,left,-9.825,2.129,0.82,real
7.4,left,-16.655,0.778,0.89,real
7.4,right,-3.493,-3.353,0.81,real
7.4,right,-9.096,-4.57,0.78,real
7.4,right,-15.333,-6.631,0.97,real
7.4,right,-20.828,-8.793,0.84,real
7.5,left,-2.451,3.605,0.92,real
7.5,left,-9.21,2.681,0.94,real
7.5,left,-16.077,0.524,0.89,real
7.5,right,-3.249,-3.697,0.78,real
7.5,right,-8.911,-4.506,0.89,real
7.5,right,-14.737,-6.247,0.89,real
7.5,right,-20.532,-8.42,0.93,real
7.6,left,-2.449,3.232,0.96,real
7.6,left,-8.862,2.588,0.92,real
7.6,left,-16.007,0.571,0.86,real
7.6,right,-2.673,-3.282,0.98,real
7.6,right,-8.319,-4.564,0.86,real
7.6,right,-14.496,-6.453,0.85,real
7.6,right,-20.433,-8.742,0.99,real
7.7,left,-2.095,3.043,0.99,real
7.7,left,-8.657,2.903,0.96,real
7.7,left,-15.45,0.946,0.81,real
7.7,right,-2.719,-3.611,0.84,real
7.7,right,-8.415,-4.495,0.99,real
7.7,right,-14.153,-5.917,0.83,real
7.7,right,-19.709,-8.638,0.82,real
7.8,left,-1.547,3.305,0.78,real
7.8,left,-8.215,2.625,0.84,real
7.8,left,-15.301,0.997,0.77,real
7.8,right,-2.418,-3.513,0.84,real
7.8,right,-8.207,-4.276,0.96,real
7.8,right,-13.732,-5.561,0.82,real
7.8,right,-19.697,-7.988,0.99,real
7.9,left,-0.573,3.539,0.91,real
7.9,left,-7.52,2.875,0.88,real
7.9,left,-14.639,1.286,0.8,real
7.9,left,-21.899,-1.396,0.84,real
7.9,right,-2.031,-3.201,0.86,real
7.9,right,-7.632,-4.292,0.92,real
7.9,right,-13.752,-5.717,0.93,real
7.9,right,-19.423,-7.852,0.86,real
8.0,left,-0.568,3.613,0.92,real
8.0,left,-7.258,2.77,0.87,real
8.0,left,-14.446,1.483,0.9,real
8.0,left,-21.066,-1.078,0.94,real
8.0,right,-1.9,-3.417,0.87,real
8.0,right,-7.733,-4.284,0.79,real
8.0,right,-13.102,-5.614,0.93,real
8.0,right,-19.202,-7.673,0.92,real
8.1,left,-0.098,3.441,0.76,real
8.1,left,-6.991,3.323,0.84,real
8.1,left,-13.747,1.552,0.91,real
8.1,left,-20.983,-1.095,0.78,real
8.1,right,-1.572,-3.382,0.94,real
8.1,right,-7.269,-3.939,0.92,real
8.1,right,-12.662,-5.483,0.82,real
8.1,right,-18.83,-7.737,0.99,real
8.2,left,-6.696,2.757,0.89,real
8.2,left,-13.391,1.713,0.87,real
8.2,left,-20.81,-0.806,0.97,real
8.2,right,-1.195,-3.658,0.94,real
8.2,right,-6.74,-4.03,0.8,real
8.2,right,-12.574,-5.066,0.77,real
8.2,right,-18.563,-7.363,0.91,real
8.3,left,-6.359,2.695,0.99,real
8.3,left,-13.236,2.027,0.86,real
8.3,left,-20.637,-0.746,0.89,real
8.3,right,-0.864,-3.587,0.96,real
8.3,right,-6.564,-3.997,0.9,real
8.3,right,-12.503,-5.486,0.92,real
8.3,right,-18.56,-7.1,0.87,real
8.4,left,-5.79,3.121,0.89,real
8.4,left,-12.847,2.021,0.86,real
8.4,left,-20.189,-0.359,0.81,real
8.4,right,-0.63,-3.374,0.95,real
8.4,right,-6.034,-3.914,0.98,real
8.4,right,-11.989,-5.31,0.89,real
8.4,right,-17.826,-7.296,0.86,real
8.5,left,-5.377,3.285,0.89,real
8.5,left,-12.44,1.651,0.87,real
8.5,left,-19.801,-0.285,0.82,real
8.5,right,-0.333,-3.229,0.8,real
8.5,right,-6.113,-4.02,0.84,real
8.5,right,-11.544,-5.52,0.85,real
8.5,right,-17.911,-6.701,0.9,real
8.6,left,-5.418,3.317,0.86,real
8.6,left,-12.366,2.142,0.86,real
8.6,left,-19.478,-0.02,0.84,real
8.6,right,-5.498,-3.773,0.89,real
8.6,right,-11.445,-5.084,0.76,real
8.6,right,-17.423,-6.733,0.8,real
8.7,left,-4.548,3.327,0.8,real
8.7,left,-11.518,1.922,0.91,real
8.7,left,-18.623,-0.182,0.93,real
8.7,right,-5.098,-3.821,0.88,real
8.7,right,-11.094,-4.649,0.82,real
8.7,right,-16.585,-6.385,0.83,real
8.8,left,-4.469,3.389,0.9,real
8.8,left,-11.186,2.273,0.92,real
8.8,left,-18.74,0.465,0.96,real
8.8,right,-4.769,-3.842,0.93,real
8.8,right,-10.758,-4.523,0.96,real
8.8,right,-16.765,-6.658,0.86,real
8.9,left,-3.906,3.586,0.92,real
8.9,left,-11.024,2.264,0.8,real
8.9,left,-18.244,0.477,0.88,real
8.9,right,-4.661,-3.795,0.78,real
8.9,right,-10.184,-4.683,0.87,real
8.9,right,-16.079,-6.534,0.87,real
9.0,left,-3.219,3.32,0.96,real
9.0,left,-10.528,2.5,0.87,real
9.0,left,-17.913,0.476,0.91,real
9.0,right,-4.102,-3.787,0.89,real
9.0,right,-9.865,-4.85,0.84,real
9.0,right,-15.779,-6.244,0.84,real
9.0,right,-21.96,-8.741,0.88,real
9.1,left,-2.785,3.111,0.81,real
9.1,left,-10.248,2.369,0.79,real
9.1,left,-17.268,0.772,0.79,real
9.1,right,-3.616,-3.493,0.89,real
9.1,right,-9.569,-4.593,0.87,real
9.1,right,-15.453,-6.414,0.86,real
9.1,right,-21.565,-8.51,0.89,real
9.2,left,-2.477,3.188,0.99,real
9.2,left,-9.914,2.289,0.99,real
9.2,left,-17.062,0.713,0.86,real
9.2,right,-3.539,-3.25,0.99,real
9.2,right,-9.505,-4.495,0.78,real
9.2,right,-15.48,-6.097,0.88,real
9.2,right,-21.43,-8.049,0.91,real
9.3,left,-2.046,3.537,0.72,real
9.3,left,-9.299,2.517,0.83,real
9.3,left,-17.091,0.857,0.84,real
9.3,right,-2.778,-3.217,0.79,real
9.3,right,-9.123,-4.432,0.86,real
9.3,right,-14.961,-5.679,0.82,real
9.3,right,-20.857,-7.827,0.94,real
9.4,left,-1.803,3.352,0.9,real
9.4,left,-9.04,2.425,0.78,real
9.4,left,-16.147,1.067,0.95,real
9.4,right,-2.479,-3.587,0.87,real
9.4,right,-8.58,-4.481,0.88,real
9.4,right,-14.61,-6.124,0.99,real
9.4,right,-20.877,-7.843,0.82,real
9.5,left,-1.477,3.642,0.86,real
9.5,left,-8.654,2.824,0.8,real
9.5,left,-15.907,1.204,0.88,real
9.5,right,-2.356,-3.456,0.91,real
9.5,right,-8.46,-3.811,0.87,real
9.5,right,-14.175,-5.466,0.86,real
9.5,right,-20.207,-7.789,0.91,real
9.6,left,-0.781,3.538,0.82,real
9.6,left,-8.155,3.228,0.81,real
9.6,left,-15.526,1.226,0.88,real
9.6,right,-1.992,-3.763,0.91,real
9.6,right,-7.758,-4.209,0.8,real
9.6,right,-13.976,-5.594,0.96,real
9.6,right,-20.244,-7.071,0.89,real
9.7,left,-0.477,3.33,0.93,real
9.7,left,-7.891,3.026,0.89,real
9.7,left,-14.925,1.759,0.96,real
9.7,right,-1.57,-3.398,0.83,real
9.7,right,-7.643,-4.169,0.85,real
9.7,right,-13.788,-5.21,0.94,real
9.7,right,-19.577,-7.295,0.79,real
9.8,left,-0.224,3.348,0.86,real
9.8,left,-7.449,2.85,0.93,real
9.8,left,-14.999,1.853,0.78,real
9.8,left,-22.096,-0.618,0.9,real
9.8,right,-1.499,-3.217,0.84,real
9.8,right,-7.109,-4.134,0.86,real
9.8,right,-13.188,-5.405,0.96,real
9.8,right,-19.456,-7.105,0.93,real
9.9,left,-6.994,2.99,0.79,real
9.9,left,-14.313,1.91,0.79,real
9.9,left,-21.503,-0.486,0.97,real
9.9,right,-1.2,-3.438,0.89,real
9.9,right,-6.629,-3.847,0.9,real
9.9,right,-12.772,-5.319,0.85,real
9.9,right,-18.981,-7.109,0.87,real
10.0,left,-6.609,3.146,0.9,real
10.0,left,-13.818,1.764,0.84,real
10.0,left,-21.116,-0.071,0.94,real
10.0,right,-0.428,-3.221,0.92,real
10.0,right,-6.65,-3.591,0.91,real
10.0,right,-12.469,-4.849,0.86,real
10.0,right,-19.007,-7.366,0.86,real
10.1,left,-6.375,3.521,0.87,real
10.1,left,-13.523,2.005,0.88,real
10.1,left,-20.568,-0.32,0.9,real
10.1,right,-0.102,-3.209,0.91,real
10.1,right,-6.297,-3.804,0.93,real
10.1,right,-12.441,-4.841,0.94,real
10.1,right,-18.626,-6.666,0.83,real
10.1,right,-5.286,4.302,0.4,ghost
10.2,left,-5.663,2.766,0.76,real
10.2,left,-13.405,2.024,0.88,real
10.2,left,-20.411,0.262,0.87,real
10.2,right,-5.666,-3.73,0.82,real
10.2,right,-12.197,-4.983,0.89,real
10.2,right,-18.279,-6.681,0.93,real
10.3,left,-5.2,3.022,0.81,real
10.3,left,-12.594,2.267,0.97,real
10.3,left,-20.056,0.101,0.9,real
10.3,right,-5.309,-4.027,0.98,real
10.3,right,-11.634,-4.81,0.93,real
10.3,right,-17.722,-6.475,0.85,real
10.4,left,-5.136,2.911,0.86,real
10.4,left,-12.531,2.21,0.95,real
10.4,left,-19.675,0.337,0.83,real
10.4,right,-5.236,-3.693,0.83,real
10.4,right,-11.129,-4.488,0.96,real
10.4,right,-17.413,-6.465,0.92,real
10.5,left,-4.771,3.281,0.97,real
10.5,left,-11.374,2.385,0.9,real
10.5,left,-19.352,0.345,0.88,real
10.5,right,-4.696,-3.553,0.99,real
10.5,right,-11.132,-4.873,0.88,real
10.5,right,-16.972,-6.349,0.88,real
10.6,left,-4.338,3.316,0.78,real
10.6,left,-11.559,2.459,0.85,real
10.6,left,-18.563,0.418,0.9,real
10.6,right,-4.355,-3.905,0.95,real
10.6,right,-10.422,-4.463,0.94,real
10.6,right,-16.686,-6.215,0.92,real
10.7,left,-3.429,3.439,0.79,real
10.7,left,-10.846,2.599,0.75,real
10.7,left,-18.315,0.829,0.8,real
10.7,right,-4.024,-3.629,0.82,real
10.7,right,-10.574,-4.609,0.96,real
10.7,right,-16.315,-6.161,0.93,real
10.8,left,-2.751,3.472,0.99,real
10.8,left,-10.594,2.31,0.98,real
10.8,left,-17.842,0.907,0.83,real
10.8,right,-3.402,-3.899,0.85,real
10.8,right,-9.917,-4.413,0.88,real
10.8,right,-16.074,-6.176,0.93,real
10.9,left,-2.672,3.559,0.79,real
10.9,left,-10.356,2.434,0.92,real
10.9,left,-17.488,1.062,0.85,real
10.9,right,-3.511,-3.672,0.99,real
10.9,right,-9.312,-4.294,0.79,real
10.9,right,-15.415,-5.736,0.86,real
10.9,right,-21.581,-7.546,0.89,real
11.0,left,-2.346,3.606,0.91,real
11.0,left,-9.678,2.798,0.87,real
11.0,left,-16.896,0.886,0.95,real
11.0,right,-2.908,-3.451,0.96,real
11.0,right,-9.058,-4.326,0.77,real
11.0,right,-15.362,-5.733,0.89,real
11.0,right,-21.194,-7.899,0.8,real
11.0,left,-5.086,-3.648,0.33,ghost
11.1,left,-2.225,3.48,0.8,real
11.1,left,-9.386,2.435,0.93,real
11.1,left,-16.838,1.125,0.9,real
11.1,right,-2.191,-3.493,0.85,real
11.1,right,-8.754,-4.189,0.89,real
11.1,right,-14.936,-5.705,0.9,real
11.1,right,-21.09,-7.457,0.9,real
11.2,left,-1.539,3.513,0.78,real
11.2,left,-8.983,2.702,0.93,real
11.2,left,-16.298,1.228,0.8,real
11.2,right,-2.392,-3.7,0.93,real
11.2,right,-8.427,-4.085,0.88,real
11.2,right,-14.299,-5.649,0.96,real
11.2,right,-20.414,-7.333,0.91,real
11.3,left,-1.025,3.354,0.9,real
11.3,left,-8.253,2.891,0.95,real
11.3,left,-16.587,1.563,0.9,real
11.3,right,-1.532,-3.195,0.84,real
11.3,right,-8.26,-4.42,0.97,real
11.3,right,-14.271,-5.149,0.8,real
11.3,right,-20.461,-7.224,0.88,real
11.4,left,-0.526,3.513,0.92,real
11.4,left,-8.306,2.979,0.99,real
11.4,left,-15.44,1.473,0.92,real
11.4,right,-1.57,-3.526,0.92,real
11.4,right,-7.49,-4.183,0.83,real
11.4,right,-13.872,-4.993,0.78,real
11.4,right,-19.94,-6.88,0.94,real
11.4,right,-7.401,-5.909,0.33,ghost
11.5,left,-0.146,3.177,0.85,real
11.5,left,-7.417,3.075,0.93,real
11.5,left,-15.251,1.619,0.9,real
11.5,right,-0.833,-3.542,0.91,real
11.5,right,-7.091,-4.011,0.7,real
11.5,right,-13.406,-5.174,0.94,real
11.5,right,-19.588,-7.02,0.94,real
11.6,left,-7.501,3.085,0.86,real
11.6,left,-14.811,1.917,0.92,real
11.6,left,-22.062,-0.219,0.95,real
11.6,right,-0.628,-3.35,0.9,real
11.6,right,-6.893,-3.759,0.92,real
11.6,right,-13.142,-4.902,0.76,real
11.6,right,-19.32,-6.81,0.89,real
11.7,left,-6.942,3.128,0.91,real
11.7,left,-14.156,2.059,0.81,real
11.7,left,-21.465,-0.13,0.89,real
11.7,right,-0.276,-3.829,0.94,real
11.7,right,-6.431,-3.908,0.99,real
11.7,right,-12.585,-4.921,0.9,real
11.7,right,-18.781,-6.684,0.76,real
11.8,left,-6.271,2.896,0.9,real
11.8,left,-13.952,1.87,0.9,real
11.8,left,-21.318,-0.084,0.87,real
11.8,right,-6.044,-3.738,0.86,real
11.8,right,-12.583,-4.798,0.87,real
11.8,right,-18.51,-6.622,0.93,real
11.9,left,-6.348,3.429,0.79,real
11.9,left,-13.625,2.598,0.89,real
11.9,left,-20.611,0.297,0.86,real
11.9,right,-5.945,-3.678,0.85,real
11.9,right,-12.107,-4.72,0.92,real
11.9,right,-18.416,-6.207,0.99,real
12.0,left,-5.765,3.173,0.6,real
12.0,left,-13.135,2.183,0.85,real
12.0,left,-20.252,0.079,0.74,real
12.0,right,-5.951,-3.958,0.91,real
12.0,right,-12.002,-4.74,0.82,real
12.0,right,-17.991,-5.978,0.92,real
12.1,left,-5.351,3.414,0.73,real
12.1,left,-12.906,2.209,0.97,real
12.1,left,-19.886,0.489,0.86,real
12.1,right,-5.374,-3.686,0.82,real
12.1,right,-11.293,-4.533,0.88,real
12.1,right,-17.456,-6.276,0.88,real
12.2,left,-4.703,3.291,0.92,real
12.2,left,-12.124,2.739,0.91,real
12.2,left,-19.418,0.281,0.89,real
12.2,right,-4.89,-3.526,0.96,real
12.2,right,-10.616,-4.703,0.86,real
12.2,right,-17.246,-5.967,0.93,real
12.3,left,-4.363,3.109,0.99,real
12.3,left,-11.902,2.869,0.85,real
12.3,left,-19.048,0.379,0.86,real
12.3,right,-4.523,-3.513,0.9,real
12.3,right,-10.769,-4.53,0.93,real
12.3,right,-16.674,-5.828,0.86,real
12.4,left,-3.406,3.827,0.99,real
12.4,left,-11.402,2.516,0.75,real
12.4,left,-18.48,0.656,0.87,real
12.4,right,-3.466,-3.453,0.95,real
12.4,right,-10.383,-4.428,0.99,real
12.4,right,-16.526,-6.127,0.97,real
12.5,left,-3.557,3.255,0.83,real
12.5,left,-10.916,2.446,0.93,real
12.5,left,-18.365,0.9,0.88,real
12.5,right,-3.248,-3.789,0.99,real
12.5,right,-9.701,-4.146,0.88,real
12.5,right,-15.89,-5.667,0.74,real
12.5,right,-21.918,-7.503,0.79,real
12.6,left,-3.285,3.269,0.86,real
12.6,left,-10.652,2.588,0.87,real
12.6,left,-17.975,0.878,0.87,real
12.6,right,-2.857,-3.639,0.86,real
12.6,right,-9.186,-4.118,0.86,real
12.6,right,-15.603,-5.685,0.87,real
12.6,right,-21.594,-7.448,0.92,real
12.7,left,-2.612,3.537,0.77,real
12.7,left,-10.054,2.865,0.87,real
12.7,left,-17.602,0.928,0.91,real
12.7,right,-2.751,-3.468,0.83,real
12.7,right,-9.155,-4.121,0.98,real
12.7,right,-15.127,-5.408,0.92,real
12.7,right,-21.17,-7.351,0.91,real
12.8,left,-2.039,3.29,0.78,real
12.8,left,-9.659,2.602,0.93,real
12.8,left,-17.201,0.924,0.83,real
12.8,right,-2.45,-3.522,0.96,real
12.8,right,-8.647,-4.275,0.99,real
12.8,right,-14.963,-5.339,0.85,real
12.8,right,-20.665,-7.415,0.97,real
12.9,left,-1.624,3.292,0.77,real
12.9,left,-9.015,2.746,0.93,real
12.9,left,-16.479,1.231,0.83,real
12.9,right,-2.26,-3.709,0.86,real
12.9,right,-8.034,-4.339,0.81,real
12.9,right,-14.362,-5.053,0.97,real
12.9,right,-20.633,-7.331,0.99,real
13.0,left,-1.265,3.569,0.69,real
13.0,left,-9.025,3.484,0.97,real
13.0,left,-15.97,1.736,0.87,real
13.0,right,-1.924,-3.57,0.87,real
13.0,right,-7.717,-4.14,0.85,real
13.0,right,-14.223,-4.829,0.92,real
13.0,right,-20.117,-6.708,0.81,real
13.1,left,-0.768,3.345,0.95,real
13.1,left,-8.366,3.399,0.96,real
13.1,left,-15.679,1.48,0.91,real
13.1,right,-0.978,-3.467,0.82,real
13.1,right,-7.562,-3.726,0.89,real
13.1,right,-13.856,-5.122,0.94,real
13.1,right,-19.886,-6.802,0.86,real
13.2,left,-0.292,3.377,0.88,real
13.2,left,-7.504,2.999,0.87,real
13.2,left,-15.422,1.843,0.86,real
13.2,right,-0.954,-3.47,0.85,real
13.2,right,-7.146,-3.852,0.95,real
13.2,right,-13.304,-5.063,0.83,real
13.2,right,-19.099,-6.818,0.9,real
13.3,left,-7.589,3.096,0.76,real
13.3,left,-15.157,2.052,0.84,real
13.3,right,-0.347,-3.414,0.96,real
13.3,right,-6.923,-4.142,0.89,real
13.3,right,-12.924,-5.03,0.99,real
13.3,right,-19.024,-6.444,0.73,real
13.4,left,-7.147,3.178,0.99,real
13.4,left,-14.25,1.911,0.89,real
13.4,left,-21.685,0.022,0.95,real
13.4,right,-6.463,-4.161,0.82,real
13.4,right,-12.484,-5.023,0.99,real
13.4,right,-18.579,-6.161,0.86,real
13.5,left,-6.776,3.592,0.8,real
13.5,left,-14.239,2.201,0.86,real
13.5,left,-21.11,0.027,0.89,real
13.5,right,-5.971,-3.491,0.99,real
13.5,right,-12.21,-4.596,0.8,real
13.5,right,-18.345,-6.321,0.9,real
13.6,left,-6.02,3.333,0.82,real
13.6,left,-13.528,1.973,0.88,real
13.6,left,-21.024,0.284,0.76,real
13.6,right,-5.455,-3.806,0.78,real
13.6,right,-11.784,-4.76,0.82,real
13.6,right,-17.685,-5.997,0.87,real
13.6,right,-2.186,2.25,0.33,ghost
13.7,left,-5.809,3.347,0.74,real
13.7,left,-13.186,2.081,0.89,real
13.7,left,-20.02,0.162,0.76,real
13.7,right,-4.916,-3.564,0.83,real
13.7,right,-11.156,-4.238,0.68,real
13.7,right,-17.447,-6.264,0.87,real
13.8,left,-5.32,3.396,0.86,real
13.8,left,-12.767,2.391,0.76,real
13.8,left,-19.917,0.183,0.82,real
13.8,right,-4.39,-3.671,0.96,real
13.8,right,-10.72,-4.546,0.91,real
13.8,right,-17.178,-6.063,0.92,real
13.9,left,-4.565,3.394,0.82,real
13.9,left,-12.496,2.258,0.88,real
13.9,left,-19.411,0.499,0.82,real
13.9,right,-4.335,-3.807,0.93,real
13.9,right,-10.48,-4.6,0.81,real
13.9,right,-16.768,-5.828,0.94,real
14.0,left,-4.275,3.467,0.92,real
14.0,left,-12.253,2.31,0.91,real
14.0,left,-19.235,0.861,0.93,real
14.0,right,-4.117,-3.52,0.84,real
14.0,right,-10.516,-4.409,0.8,real
14.0,right,-16.248,-5.66,0.88,real
14.0,right,-21.961,-7.655,0.99,real
14.1,left,-3.99,3.591,0.88,real
14.1,left,-11.409,2.697,0.81,real
14.1,left,-18.338,0.523,0.87,real
14.1,right,-3.591,-3.66,0.94,real
14.1,right,-10.024,-4.319,0.9,real
14.1,right,-15.842,-5.524,0.79,real
14.1,right,-21.608,-7.833,0.86,real
14.2,left,-3.609,3.5,0.86,real
14.2,left,-11.119,2.714,0.85,real
14.2,left,-18.579,1.045,0.84,real
14.2,right,-3.615,-3.2,0.8,real
14.2,right,-9.799,-4.168,0.91,real
14.2,right,-15.944,-5.404,0.84,real
14.2,right,-21.312,-7.402,0.84,real
14.3,left,-2.997,3.488,0.81,real
14.3,left,-10.81,2.292,0.91,real
14.3,left,-17.865,0.807,0.99,real
14.3,right,-2.944,-3.426,0.79,real
14.3,right,-9.359,-4.215,0.82,real
14.3,right,-15.268,-5.236,0.86,real
14.3,right,-21.026,-7.505,0.84,real
14.4,left,-2.538,3.523,0.83,real
14.4,left,-10.103,2.779,0.9,real
14.4,left,-17.374,1.163,0.85,real
14.4,right,-2.438,-3.603,0.89,real
14.4,right,-8.808,-4.105,0.96,real
14.4,right,-14.881,-5.601,0.87,real
14.4,right,-20.546,-7.019,0.88,real
14.5,left,-2.202,3.452,0.81,real
14.5,left,-9.398,2.647,0.79,real
14.5,left,-17.068,1.196,0.77,real
14.5,right,-1.958,-3.644,0.91,real
14.5,right,-8.366,-4.602,0.86,real
14.5,right,-14.606,-5.328,0.91,real
14.5,right,-20.269,-7.045,0.9,real
14.6,left,-1.619,3.226,0.95,real
14.6,left,-9.644,2.746,0.86,real
14.6,left,-16.5,1.49,0.94,real
14.6,right,-1.317,-3.265,0.99,real
14.6,right,-8.093,-4.088,0.94,real
14.6,right,-14.169,-5.111,0.78,real
14.6,right,-19.983,-6.958,0.78,real
14.7,left,-1.536,3.306,0.99,real
14.7,left,-9.024,2.805,0.94,real
14.7,left,-15.894,1.651,0.86,real
14.7,right,-1.085,-3.388,0.93,real
14.7,right,-7.787,-4.012,0.98,real
14.7,right,-13.232,-5.33,0.99,real
14.7,right,-19.518,-6.87,0.93,real
14.8,left,-0.923,3.571,0.78,real
14.8,left,-8.457,3.197,0.7,real
14.8,left,-15.54,1.66,0.82,real
14.8,right,-0.515,-3.465,0.97,real
14.8,right,-7.274,-3.917,0.94,real
14.8,right,-13.179,-4.807,0.93,real
14.8,right,-18.808,-6.684,0.88,real
14.9,left,-0.635,3.207,0.96,real
14.9,left,-7.701,2.829,0.92,real
14.9,left,-15.335,1.206,0.93,real
14.9,right,-0.436,-3.388,0.82,real
14.9,right,-6.75,-4.068,0.9,real
14.9,right,-12.685,-5.002,0.82,real
14.9,right,-18.782,-6.644,0.86,real
15.0,left,0.069,3.503,0.88,real
15.0,left,-7.76,2.935,0.84,real
15.0,left,-14.774,1.903,0.88,real
15.0,left,-21.541,0.071,0.86,real
15.0,right,-0.046,-3.534,0.96,real
15.0,right,-6.105,-3.735,0.78,real
15.0,right,-12.528,-4.778,0.85,real
15.0,right,-18.257,-6.253,0.81,real
15.1,left,-7.399,3.172,0.96,real
15.1,left,-14.431,1.93,0.9,real
15.1,left,-21.418,-0.117,0.77,real
15.1,right,-6.138,-3.941,0.94,real
15.1,right,-12.48,-4.561,0.93,real
15.1,right,-17.929,-5.981,0.94,real
15.2,left,-6.792,3.035,0.8,real
15.2,left,-14.043,2.165,0.78,real
15.2,left,-20.537,-0.179,0.94,real
15.2,right,-5.494,-3.738,0.99,real
15.2,right,-11.572,-4.425,0.89,real
15.2,right,-17.593,-6.093,0.78,real
15.3,left,-6.098,3.388,0.94,real
15.3,left,-13.742,2.204,0.73,real
15.3,left,-20.828,-0.167,0.82,real
15.3,right,-5.087,-4.172,0.96,real
15.3,right,-11.283,-4.687,0.93,real
15.3,right,-17.023,-5.748,0.85,real
15.4,left,-6.063,3.342,0.72,real
15.4,left,-13.07,2.237,0.84,real
15.4,left,-19.971,0.381,0.97,real
15.4,right,-5.02,-3.651,0.96,real
15.4,right,-10.875,-4.436,0.82,real
15.4,right,-16.861,-6.033,0.79,real
15.5,left,-5.385,3.538,0.94,real
15.5,left,-12.799,2.357,0.95,real
15.5,left,-19.387,0.4,0.88,real
15.5,right,-4.53,-3.864,0.92,real
15.5,right,-10.826,-4.499,0.93,real
15.5,right,-16.354,-6.158,0.86,real
15.5,right,-21.495,-7.793,0.86,real
15.6,left,-5.206,3.095,0.87,real
15.6,left,-11.926,2.326,0.79,real
15.6,left,-19.259,0.173,0.9,real
15.6,right,-3.831,-3.414,0.74,real
15.6,right,-9.808,-4.645,0.94,real
15.6,right,-15.951,-5.68,0.88,real
15.6,right,-21.265,-7.902,0.91,real
15.7,left,-4.119,3.104,0.82,real
15.7,left,-11.67,2.636,0.79,real
15.7,left,-18.742,0.536,0.7,real
15.7,right,-3.546,-3.708,0.86,real
15.7,right,-9.656,-4.386,0.95,real
15.7,right,-15.457,-5.737,0.85,real
15.7,right,-20.866,-7.393,0.85,real
15.8,left,-4.01,3.472,0.92,real
15.8,left,-11.548,2.074,0.93,real
15.8,left,-18.191,0.911,0.79,real
15.8,right,-3.197,-3.379,0.98,real
15.8,right,-9.319,-4.339,0.89,real
15.8,right,-15.274,-5.316,0.88,real
15.8,right,-20.453,-7.358,0.89,real
15.9,left,-3.718,3.477,0.92,real
15.9,left,-10.986,2.765,0.99,real
15.9,left,-17.959,0.83,0.88,real
15.9,right,-2.693,-3.387,0.96,real
15.9,right,-8.841,-3.834,0.76,real
15.9,right,-14.765,-5.259,0.99,real
15.9,right,-19.941,-7.074,0.94,real
16.0,left,-3.44,3.595,0.79,real
16.0,left,-10.778,2.666,0.89,real
16.0,left,-17.637,1.041,0.71,real
16.0,right,-2.356,-3.764,0.99,real
16.0,right,-8.569,-4.101,0.98,real
16.0,right,-14.555,-5.361,0.74,real
16.0,right,-19.715,-7.15,0.77,real
16.1,left,-2.65,3.397,0.78,real
16.1,left,-10.391,2.793,0.92,real
16.1,left,-17.283,1.123,0.91,real
16.1,right,-2.302,-3.633,0.79,real
16.1,right,-8.116,-4.07,0.93,real
16.1,right,-13.872,-5.378,0.87,real
16.1,right,-19.432,-6.879,0.8,real
16.2,left,-2.053,3.659,0.79,real
16.2,left,-9.535,2.378,0.95,real
16.2,left,-16.943,1.001,0.87,real
16.2,right,-1.679,-3.533,0.81,real
16.2,right,-7.6,-4.16,0.79,real
16.2,right,-13.718,-5.239,0.93,real
16.2,right,-19.114,-6.639,0.92,real
16.3,left,-1.811,3.193,0.82,real
16.3,left,-9.221,2.984,0.96,real
16.3,left,-16.198,1.393,0.87,real
16.3,right,-1.455,-3.513,0.71,real
16.3,right,-7.318,-3.846,0.99,real
16.3,right,-13.435,-4.938,0.79,real
16.3,right,-18.811,-6.624,0.88,real
16.4,left,-1.457,3.58,0.93,real
16.4,left,-9.101,2.66,0.77,real
16.4,left,-16.371,1.651,0.79,real
16.4,right,-0.874,-3.481,0.91,real
16.4,right,-7.265,-4.067,0.82,real
16.4,right,-12.929,-5.128,0.95,real
16.4,right,-18.506,-6.755,0.93,real
16.5,left,-0.865,3.601,0.84,real
16.5,left,-8.172,3.045,0.84,real
16.5,left,-15.536,1.532,0.88,real
16.5,left,-21.883,-0.836,0.88,real
16.5,right,-0.235,-3.546,0.85,real
16.5,right,-6.599,-3.487,0.82,real
16.5,right,-12.572,-4.783,0.96,real
16.5,right,-18.041,-6.707,0.96,real
16.6,left,-0.221,3.628,0.87,real
16.6,left,-7.992,3.029,0.89,real
16.6,left,-15.008,1.662,0.88,real
16.6,left,-21.309,-0.474,0.75,real
16.6,right,0.175,-3.279,0.85,real
16.6,right,-6.452,-3.81,0.89,real
16.6,right,-11.979,-4.831,0.99,real
16.6,right,-17.542,-6.221,0.8,real
16.7,left,-0.128,3.758,0.88,real
16.7,left,-7.691,3.3,0.85,real
16.7,left,-14.495,1.911,0.87,real
16.7,left,-21.246,-0.818,0.78,real
16.7,right,-5.461,-3.753,0.8,real
16.7,right,-11.686,-4.798,0.85,real
16.7,right,-17.19,-6.217,0.9,real
16.7,right,-22.057,-8.763,0.83,real
16.8,left,-7.223,2.598,0.94,real
16.8,left,-14.014,1.561,0.75,real
16.8,left,-20.599,-0.355,0.83,real
16.8,right,-5.362,-3.702,0.84,real
16.8,right,-11.241,-4.427,0.77,real
16.8,right,-16.638,-6.122,0.95,real
16.8,right,-21.474,-8.021,0.99,real
16.9,left,-6.389,3.101,0.84,real
16.9,left,-13.712,1.868,0.9,real
16.9,left,-20.155,-0.049,0.91,real
16.9,right,-5.237,-3.679,0.85,real
16.9,right,-11.039,-4.873,0.87,real
16.9,right,-16.236,-5.906,0.89,real
16.9,right,-21.414,-8.385,0.9,real
17.0,left,-6.205,3.037,0.96,real
17.0,left,-13.514,1.938,0.93,real
17.0,left,-19.867,-0.205,0.99,real
17.0,right,-4.503,-3.529,0.99,real
17.0,right,-10.649,-4.397,0.83,real
17.0,right,-16.234,-6.02,0.99,real
17.0,right,-20.857,-8.116,0.99,real
17.1,left,-5.856,3.532,0.92,real
17.1,left,-13.1,2.11,0.99,real
17.1,left,-19.296,-0.045,0.84,real
17.1,right,-4.232,-3.57,0.9,real
17.1,right,-10.337,-4.745,0.81,real
17.1,right,-15.686,-5.861,0.91,real
17.1,right,-20.268,-7.852,0.99,real
17.2,left,-5.406,3.096,0.93,real
17.2,left,-12.6,1.99,0.95,real
17.2,left,-18.652,0.209,0.78,real
17.2,right,-3.743,-3.583,0.96,real
17.2,right,-9.909,-4.378,0.99,real
17.2,right,-15.361,-5.537,0.78,real
17.2,right,-19.997,-7.698,0.77,real
17.3,left,-5.032,3.131,0.9,real
17.3,left,-12.36,2.328,0.99,real
17.3,left,-18.48,0.314,0.85,real
17.3,right,-3.22,-3.502,0.86,real
17.3,right,-9.729,-4.283,0.86,real
17.3,right,-14.799,-5.538,0.91,real
17.3,right,-19.713,-7.43,0.93,real
17.4,left,-4.312,3.359,0.98,real
17.4,left,-11.585,2.517,0.9,real
17.4,left,-17.961,0.659,0.94,real
17.4,right,-3.136,-3.713,0.82,real
17.4,right,-9.317,-4.177,0.74,real
17.4,right,-14.41,-5.254,0.78,real
17.4,right,-19.525,-7.475,0.92,real
17.5,left,-3.908,3.151,0.84,real
17.5,left,-10.886,2.162,0.99,real
17.5,left,-17.828,0.621,0.98,real
17.5,right,-3.079,-3.479,0.89,real
17.5,right,-8.715,-4.22,0.95,real
17.5,right,-14.239,-5.655,0.87,real
17.5,right,-18.791,-7.241,0.74,real
17.6,left,-3.346,3.493,0.82,real
17.6,left,-10.805,2.233,0.9,real
17.6,left,-17.195,0.506,0.9,real
17.6,right,-2.238,-3.508,0.89,real
17.6,right,-8.363,-4.09,0.88,real
17.6,right,-14.159,-5.822,0.89,real
17.6,right,-18.547,-6.96,0.94,real
17.7,left,-3.157,3.461,0.93,real
17.7,left,-10.378,2.364,0.74,real
17.7,left,-16.652,0.484,0.86,real
17.7,right,-2.225,-3.648,0.99,real
17.7,right,-7.814,-3.97,0.85,real
17.7,right,-13.498,-5.353,0.91,real
17.7,right,-18.658,-6.916,0.99,real
17.8,left,-2.632,3.661,0.83,real
17.8,left,-10.1,2.674,0.89,real
17.8,left,-16.204,0.783,0.86,real
17.8,right,-1.366,-3.553,0.91,real
17.8,right,-7.573,-4.213,0.92,real
17.8,right,-13.349,-5.117,0.89,real
17.8,right,-18.146,-7.105,0.86,real
17.8,left,-4.685,-4.028,0.37,ghost
17.9,left,-2.299,3.596,0.84,real
17.9,left,-9.409,2.741,0.93,real
17.9,left,-15.988,1.14,0.88,real
17.9,right,-0.799,-3.593,0.99,real
17.9,right,-7.19,-4.063,0.88,real
17.9,right,-12.835,-5.212,0.77,real
17.9,right,-17.437,-7.019,0.9,real
17.9,right,-21.851,-9.287,0.86,real
17.9,right,-4.287,7.328,0.36,ghost
18.0,left,-1.715,3.093,0.95,real
18.0,left,-8.861,2.774,0.92,real
18.0,left,-15.695,1.414,0.79,real
18.0,left,-21.809,-1.329,0.94,real
18.0,right,-0.454,-3.675,0.94,real
18.0,right,-6.831,-4.08,0.79,real
18.0,right,-12.245,-4.975,0.82,real
18.0,right,-17.252,-6.922,0.89,real
18.0,right,-21.396,-8.992,0.79,real
18.1,left,-1.713,3.468,0.94,real
18.1,left,-8.755,2.86,0.91,real
18.1,left,-15.433,1.57,0.94,real
18.1,left,-21.11,-1.164,0.79,real
18.1,right,-0.521,-3.745,0.87,real
18.1,right,-6.531,-3.571,0.91,real
18.1,right,-11.745,-4.94,0.84,real
18.1,right,-17.001,-6.253,0.87,real
18.1,right,-21.117,-8.702,0.9,real
18.2,left,-0.858,3.628,0.85,real
18.2,left,-8.361,2.878,0.99,real
18.2,left,-14.924,1.388,0.91,real
18.2,left,-20.939,-0.871,0.99,real
18.2,right,-0.314,-3.64,0.88,real
18.2,right,-6.21,-3.485,0.83,real
18.2,right,-11.486,-4.938,0.82,real
18.2,right,-16.768,-6.231,0.82,real
18.2,right,-20.636,-8.459,0.94,real
18.3,left,-0.562,3.781,0.87,real
18.3,left,-7.677,2.908,0.82,real
18.3,left,-14.299,1.166,0.84,real
18.3,left,-20.171,-0.416,0.8,real
18.3,right,-5.779,-3.426,0.97,real
18.3,right,-11.364,-4.783,0.84,real
18.3,right,-16.431,-6.241,0.79,real
18.3,right,-20.126,-8.726,0.91,real
18.4,left,0.265,3.669,0.87,real
18.4,left,-7.497,2.678,0.92,real
18.4,left,-14.109,1.618,0.99,real
18.4,left,-20.034,-0.469,0.85,real
18.4,right,-5.333,-3.9,0.85,real
18.4,right,-11.14,-4.729,0.65,real
18.4,right,-15.74,-6.387,0.94,real
18.4,right,-20.439,-8.564,0.84,real
18.5,left,-6.98,3.123,0.89,real
18.5,left,-13.493,1.731,0.94,real
18.5,left,-19.673,-0.762,0.81,real
18.5,right,-4.552,-3.75,0.96,real
18.5,right,-10.388,-4.84,0.99,real
18.5,right,-15.238,-6.019,0.77,real
18.5,right,-19.816,-8.35,0.83,real
18.6,left,-6.089,3.166,0.83,real
18.6,left,-13.203,1.678,0.91,real
18.6,left,-19.147,-0.369,0.97,real
18.6,right,-4.547,-3.647,0.84,real
18.6,right,-10.057,-4.694,0.85,real
18.6,right,-14.919,-5.974,0.82,real
18.6,right,-19.424,-7.752,0.78,real
18.7,left,-5.867,2.988,0.99,real
18.7,left,-12.648,1.849,0.86,real
18.7,left,-18.585,-0.238,0.84,real
18.7,right,-4.379,-3.732,0.76,real
18.7,right,-9.706,-4.197,0.81,real
18.7,right,-14.718,-6.12,0.83,real
18.7,right,-19.02,-7.961,0.9,real
18.8,left,-5.781,3.043,0.78,real
18.8,left,-12.442,2.15,0.88,real
18.8,left,-18.713,-0.433,0.99,real
18.8,right,-3.851,-3.564,0.92,real
18.8,right,-9.35,-4.346,0.89,real
18.8,right,-14.413,-5.796,0.95,real
18.8,right,-18.752,-7.593,0.81,real
18.8,left,-16.716,4.009,0.27,ghost
18.9,left,-5.408,3.198,0.85,real
18.9,left,-11.831,2.057,0.95,real
18.9,left,-17.761,0.045,0.85,real
18.9,right,-3.426,-3.421,0.89,real
18.9,right,-8.811,-4.268,0.86,real
18.9,right,-13.739,-5.73,0.68,real
18.9,right,-18.295,-7.397,0.9,real
18.9,right,-21.784,-10.39,0.87,real
19.0,left,-4.747,3.382,0.87,real
19.0,left,-11.456,2.256,0.99,real
19.0,left,-17.408,0.2,0.91,real
19.0,right,-2.932,-3.415,0.91,real
19.0,right,-8.762,-4.439,0.96,real
19.0,right,-13.734,-5.557,0.9,real
19.0,right,-17.82,-7.391,0.84,real
19.0,right,-21.61,-10.142,0.96,real
19.1,left,-4.501,3.026,0.88,real
19.1,left,-11.362,2.152,0.84,real
19.1,left,-16.938,0.253,0.92,real
19.1,right,-2.983,-3.476,0.89,real
19.1,right,-7.945,-4.036,0.9,real
19.1,right,-13.262,-5.298,0.98,real
19.1,right,-17.966,-7.211,0.89,real
19.1,right,-21.12,-10.197,0.9,real
19.2,left,-4.053,3.325,0.82,real
19.2,left,-10.904,2.675,0.86,real
19.2,left,-16.821,0.385,0.93,real
19.2,right,-2.284,-3.666,0.98,real
19.2,right,-7.906,-4.003,0.91,real
19.2,right,-13.321,-5.401,0.89,real
19.2,right,-17.205,-7.227,0.78,real
19.2,right,-20.701,-9.732,0.8,real
19.3,left,-3.495,3.457,0.84,real
19.3,left,-10.241,2.472,0.85,real
19.3,left,-16.435,0.544,0.85,real
19.3,left,-21.87,-1.958,0.85,real
19.3,right,-1.937,-3.17,0.82,real
19.3,right,-7.42,-3.845,0.86,real
19.3,right,-12.482,-5.101,0.95,real
19.3,right,-17.369,-7.327,0.9,real
19.3,right,-20.753,-9.679,0.86,real
19.4,left,-3.322,3.276,0.95,real
19.4,left,-9.814,2.672,0.96,real
19.4,left,-16.11,0.84,0.91,real
19.4,left,-21.424,-1.74,0.99,real
19.4,right,-1.641,-3.446,0.87,real
19.4,right,-6.958,-4.056,0.96,real
19.4,right,-12.261,-5.425,0.93,real
19.4,right,-16.924,-6.95,0.9,real
19.4,right,-20.119,-9.341,0.78,real
19.5,left,-2.759,3.326,0.92,real
19.5,left,-9.341,2.457,0.99,real
19.5,left,-16.191,0.989,0.9,real
19.5,left,-20.806,-2.236,0.85,real
19.5,right,-1.35,-3.472,0.81,real
19.5,right,-6.777,-3.679,0.84,real
19.5,right,-11.857,-5.123,0.72,real
19.5,right,-16.302,-7.36,0.81,real
19.5,right,-19.965,-9.245,0.68,real
19.6,left,-1.707,3.464,0.86,real
19.6,left,-9.207,2.559,0.99,real
19.6,left,-15.582,0.902,0.86,real
19.6,left,-20.514,-1.353,0.85,real
19.6,right,-0.923,-3.401,0.94,real
19.6,right,-6.492,-3.984,0.93,real
19.6,right,-11.438,-4.93,0.89,real
19.6,right,-15.9,-6.454,0.97,real
19.6,right,-19.556,-8.886,0.89,real
19.7,left,-1.752,3.504,0.79,real
19.7,left,-8.856,2.821,0.84,real
19.7,left,-15.131,1.126,0.87,real
19.7,left,-20.56,-1.521,0.81,real
19.7,right,-0.737,-3.129,0.95,real
19.7,right,-6.179,-3.731,0.83,real
19.7,right,-10.999,-5.22,0.89,real
19.7,right,-15.521,-6.763,0.96,real
19.7,right,-19.321,-9.152,0.95,real
19.7,right,-21.985,-11.993,0.87,real
19.8,left,-1.265,3.606,0.83,real
19.8,left,-8.27,2.606,0.85,real
19.8,left,-14.515,0.969,0.93,real
19.8,left,-20.065,-1.318,0.95,real
19.8,right,-0.212,-3.455,0.84,real
19.8,right,-5.884,-3.953,0.78,real
19.8,right,-10.867,-4.907,0.97,real
19.8,right,-15.284,-6.408,0.99,real
19.8,right,-19.078,-8.699,0.99,real
19.8,right,-21.903,-11.913,0.82,real
19.9,left,-1.107,3.472,0.87,real
19.9,left,-7.655,2.312,0.72,real
19.9,left,-13.694,1.376,0.89,real
19.9,left,-19.832,-1.204,0.9,real
19.9,right,-5.538,-3.755,0.74,real
19.9,right,-10.542,-4.782,0.99,real
19.9,right,-14.828,-6.653,0.78,real
19.9,right,-18.899,-8.761,0.94,real
19.9,right,-21.504,-11.727,0.89,real
20.0,left,-0.68,3.235,0.88,real
20.0,left,-7.633,2.885,0.84,real
20.0,left,-13.652,1.421,0.79,real
20.0,left,-19.002,-1.069,0.89,real
20.0,right,-4.948,-4.008,0.86,real
20.0,right,-10.106,-4.651,0.87,real
20.0,right,-14.511,-6.405,0.94,real
20.0,right,-18.091,-8.619,0.87,real
20.0,right,-21.255,-11.249,0.89,real
20.1,left,-0.38,3.322,0.92,real
20.1,left,-7.168,3.093,0.91,real
20.1,left,-13.462,1.889,0.92,real
20.1,left,-18.891,-0.835,0.82,real
20.1,right,-4.629,-3.578,0.91,real
20.1,right,-9.701,-4.724,0.84,real
20.1,right,-14.191,-6.411,0.87,real
20.1,right,-18.08,-8.221,0.99,real
20.1,right,-20.522,-11.297,0.86,real
20.2,left,-6.593,2.88,0.96,real
20.2,left,-12.712,1.444,0.92,real
20.2,left,-18.619,-0.611,0.84,real
20.2,right,-4.211,-3.632,0.92,real
20.2,right,-9.837,-4.439,0.84,real
20.2,right,-14.146,-6.117,0.92,real
20.2,right,-17.354,-8.233,0.92,real
20.2,right,-20.369,-11.058,0.8,real
20.3,left,-6.697,3.045,0.98,real
20.3,left,-12.807,1.558,0.85,real
20.3,left,-17.591,-0.374,0.93,real
20.3,right,-4.055,-3.804,0.8,real
20.3,right,-9.137,-4.069,0.82,real
20.3,right,-13.709,-5.59,0.94,real
20.3,right,-17.678,-7.92,0.86,real
20.3,right,-20.5,-11.049,0.91,real
20.4,left,-5.693,3.171,0.83,real
20.4,left,-12.027,1.76,0.99,real
20.4,left,-17.449,-0.6,0.8,real
20.4,right,-3.627,-3.339,0.81,real
20.4,right,-8.508,-4.618,0.84,real
20.4,right,-13.284,-5.892,0.9,real
20.4,right,-17.034,-8.011,0.87,real
20.4,right,-20.08,-10.775,0.67,real
20.5,left,-5.774,2.958,0.99,real
20.5,left,-11.654,2.045,0.88,real
20.5,left,-17.115,-0.285,0.86,real
20.5,left,-21.939,-3.199,0.81,real
20.5,right,-3.149,-3.765,0.88,real
20.5,right,-8.169,-3.937,0.86,real
20.5,right,-12.996,-5.559,0.75,real
20.5,right,-16.816,-8.483,0.94,real
20.5,right,-19.422,-10.622,0.87,real
20.6,left,-4.764,3.205,0.86,real
20.6,left,-11.246,1.802,0.84,real
20.6,left,-17.187,0.071,0.9,real
20.6,left,-21.51,-3.002,0.84,real
20.6,right,-2.884,-3.607,0.81,real
20.6,right,-8.051,-4.147,0.91,real
20.6,right,-12.196,-5.637,0.84,real
20.6,right,-16.23,-7.877,0.92,real
20.6,right,-19.524,-10.459,0.83,real
20.7,left,-4.59,2.928,0.98,real
20.7,left,-10.722,2.086,0.84,real
20.7,left,-16.641,-0.107,0.82,real
20.7,left,-21.369,-2.631,0.96,real
20.7,right,-2.106,-3.457,0.83,real
20.7,right,-7.844,-4.215,0.73,real
20.7,right,-12.039,-5.463,0.96,real
20.7,right,-16.378,-7.767,0.98,real
20.7,right,-18.879,-10.408,0.89,real
20.8,left,-3.994,3.17,0.91,real
20.8,left,-10.579,1.914,0.88,real
20.8,left,-16.315,0.016,0.81,real
20.8,left,-21.222,-2.711,0.89,real
20.8,right,-2.437,-3.287,0.89,real
20.8,right,-7.594,-4.225,0.88,real
20.8,right,-12.177,-5.303,0.82,real
20.8,right,-15.796,-7.464,0.94,real
20.8,right,-18.932,-10.523,0.91,real
20.9,left,-3.867,3.402,0.9,real
20.9,left,-10.086,2.337,0.9,real
20.9,left,-15.624,0.504,0.85,real
20.9,left,-20.271,-2.554,0.84,real
20.9,right,-1.625,-3.519,0.91,real
20.9,right,-7.006,-3.997,0.94,real
20.9,right,-11.572,-5.42,0.8,real
20.9,right,-15.557,-7.361,0.92,real
20.9,right,-18.382,-9.891,0.8,real
21.0,left,-3.35,3.369,0.86,real
21.0,left,-9.69,2.572,0.96,real
21.0,left,-15.347,0.572,0.73,real
21.0,left,-20.291,-2.347,0.83,real
21.0,right,-1.409,-2.861,0.84,real
21.0,right,-6.642,-4.068,0.8,real
21.0,right,-11.208,-5.137,0.82,real
21.0,right,-15.25,-7.484,0.83,real
21.0,right,-17.656,-9.916,0.88,real
21.1,left,-3.246,3.093,0.96,real
21.1,left,-8.695,2.539,0.91,real
21.1,left,-14.751,0.635,0.93,real
21.1,left,-19.8,-2.131,0.99,real
21.1,right,-1.089,-3.629,0.88,real
21.1,right,-6.379,-3.874,0.82,real
21.1,right,-10.924,-4.941,0.92,real
21.1,right,-14.853,-7.056,0.94,real
21.1,right,-17.663,-9.372,0.91,real
21.2,left,-2.342,3.617,0.77,real
21.2,left,-8.782,2.514,0.9,real
21.2,left,-14.432,0.68,0.75,real
21.2,left,-19.351,-2.305,0.85,real
21.2,right,-1.028,-3.491,0.98,real
21.2,right,-6.14,-3.528,0.77,real
21.2,right,-11.015,-5.087,0.9,real
21.2,right,-14.774,-6.987,0.93,real
21.2,right,-17.365,-9.392,0.94,real
21.3,left,-2.196,3.654,0.87,real
21.3,left,-8.592,2.732,0.92,real
21.3,left,-14.254,0.59,0.93,real
21.3,left,-19.049,-1.838,0.91,real
21.3,right,-0.552,-3.11,0.94,real
21.3,right,-5.587,-4.041,0.89,real
21.3,right,-10.194,-5.007,0.98,real
21.3,right,-14.078,-6.583,0.86,real
21.3,right,-17.5,-9.716,0.95,real
21.4,left,-1.416,3.195,0.96,real
21.4,left,-7.886,2.55,0.87,real
21.4,left,-13.862,0.656,0.84,real
21.4,left,-18.671,-1.662,0.86,real
21.4,right,-0.157,-3.15,0.87,real
21.4,right,-5.263,-4.008,0.82,real
21.4,right,-10.337,-4.87,0.92,real
21.4,right,-13.877,-6.927,0.85,real
21.4,right,-17.018,-9.37,0.93,real
21.4,left,-8.033,0.225,0.41,ghost
21.5,left,-1.266,3.447,0.99,real
21.5,left,-7.66,2.789,0.86,real
21.5,left,-13.348,0.672,0.86,real
21.5,left,-18.369,-1.928,0.91,real
21.5,right,-5.189,-3.8,0.94,real
21.5,right,-9.755,-4.73,0.74,real
21.5,right,-13.406,-6.453,0.82,real
21.5,right,-16.755,-9.081,0.92,real
21.6,left,-1.035,3.482,0.99,real
21.6,left,-7.243,2.828,0.87,real
21.6,left,-13.207,1.403,0.93,real
21.6,left,-18.121,-1.199,0.79,real
21.6,left,-21.549,-4.83,0.97,real
21.6,right,-4.989,-3.694,0.95,real
21.6,right,-9.503,-5.121,0.81,real
21.6,right,-13.602,-6.443,0.95,real
21.6,right,-16.494,-9.032,0.75,real
21.7,left,-0.663,3.558,0.95,real
21.7,left,-6.815,2.828,0.87,real
21.7,left,-12.661,1.317,0.87,real
21.7,left,-17.616,-1.422,0.84,real
21.7,left,-21.585,-4.563,0.92,real
21.7,right,-4.292,-3.671,0.91,real
21.7,right,-9.286,-4.216,0.96,real
21.7,right,-12.833,-6.354,0.87,real
21.7,right,-16.025,-8.711,0.78,real
21.7,right,-18.282,-11.563,0.95,real
21.8,left,-0.385,3.265,0.92,real
21.8,left,-6.547,2.707,0.79,real
21.8,left,-12.213,1.637,0.81,real
21.8,left,-17.209,-1.307,0.93,real
21.8,left,-21.383,-4.522,0.95,real
21.8,right,-4.04,-3.299,0.88,real
21.8,right,-8.434,-4.453,0.9,real
21.8,right,-12.531,-6.179,0.92,real
21.8,right,-16.2,-8.615,0.99,real
21.8,right,-17.933,-11.371,0.98,real
21.9,left,-6.116,2.698,0.87,real
21.9,left,-11.835,1.609,0.96,real
21.9,left,-16.691,-1.283,0.94,real
21.9,left,-21.021,-4.18,0.7,real
21.9,right,-3.518,-3.705,0.92,real
21.9,right,-8.567,-4.557,0.8,real
21.9,right,-12.238,-6.154,0.81,real
21.9,right,-15.449,-8.623,0.9,real
21.9,right,-17.937,-11.25,0.83,real
22.0,left,-5.713,2.916,0.91,real
22.0,left,-11.561,1.317,0.89,real
22.0,left,-16.86,-1.069,0.78,real
22.0,left,-20.283,-4.059,0.91,real
22.0,right,-3.499,-3.225,0.96,real
22.0,right,-7.889,-4.674,0.84,real
22.0,right,-11.89,-6.142,0.91,real
22.0,right,-15.12,-8.464,0.95,real
22.0,right,-17.806,-11.427,0.87,real
22.1,left,-5.177,2.83,0.84,real
22.1,left,-11.306,1.67,0.81,real
22.1,left,-16.297,-0.224,0.79,real
22.1,left,-20.626,-3.95,0.74,real
22.1,right,-2.993,-3.532,0.82,real
22.1,right,-7.527,-4.352,0.84,real
22.1,right,-11.683,-5.799,0.8,real
22.1,right,-14.866,-8.06,0.79,real
22.1,right,-17.283,-10.964,0.78,real
22.2,left,-5.273,3.076,0.96,real
22.2,left,-10.755,1.863,0.94,real
22.2,left,-16.078,-0.458,0.93,real
22.2,left,-20.291,-3.5,0.85,real
22.2,right,-2.759,-3.369,0.82,real
22.2,right,-7.258,-4.07,0.83,real
22.2,right,-11.392,-6.159,0.96,real
22.2,right,-14.756,-8.214,0.9,real
22.2,right,-17.117,-10.968,0.84,real
22.3,left,-4.598,3.147,0.78,real
22.3,left,-10.765,2.037,0.84,real
22.3,left,-15.434,-0.476,0.99,real
22.3,left,-19.739,-3.555,0.86,real
22.3,right,-2.4,-3.95,0.86,real
22.3,right,-6.84,-4.05,0.94,real
22.3,right,-10.912,-5.619,0.92,real
22.3,right,-14.287,-7.784,0.93,real
22.3,right,-17.042,-10.979,0.86,real
22.4,left,-4.338,3.229,0.8,real
22.4,left,-10.192,2.409,0.91,real
22.4,left,-15.346,-0.13,0.85,real
22.4,left,-19.245,-3.243,0.97,real
22.4,right,-1.952,-3.52,0.9,real
22.4,right,-6.634,-4.086,0.96,real
22.4,right,-10.948,-5.646,0.82,real
22.4,right,-14.131,-8.034,0.8,real
22.4,right,-16.503,-10.673,0.86,real
22.5,left,-4.254,3.387,0.84,real
22.5,left,-9.717,2.188,0.82,real
22.5,left,-14.609,0.219,0.87,real
22.5,left,-19.244,-3.073,0.89,real
22.5,right,-1.772,-3.611,0.91,real
22.5,right,-6.222,-4.069,0.81,real
22.5,right,-10.805,-5.567,0.9,real
22.5,right,-13.842,-7.723,0.76,real
22.5,right,-16.123,-10.687,0.97,real
22.6,left,-3.628,3.27,0.83,real
22.6,left,-9.302,2.137,0.78,real
22.6,left,-14.57,0.198,0.91,real
22.6,left,-18.842,-2.828,0.98,real
22.6,left,-22.164,-6.808,0.99,real
22.6,right,-1.445,-3.333,0.78,real
22.6,right,-6.199,-3.914,0.89,real
22.6,right,-10.134,-5.634,0.91,real
22.6,right,-13.75,-7.631,0.9,real
22.6,right,-15.983,-10.938,0.96,real
22.7,left,-2.973,3.12,0.95,real
22.7,left,-9.182,2.473,0.92,real
22.7,left,-14.337,0.106,0.88,real
22.7,left,-18.496,-2.986,0.93,real
22.7,left,-21.71,-6.474,0.78,real
22.7,right,-1.144,-3.465,0.88,real
22.7,right,-5.794,-4.06,0.85,real
22.7,right,-10.138,-5.654,0.88,real
22.7,right,-13.364,-7.303,0.79,real
22.7,right,-16.005,-10.357,0.86,real
22.8,left,-2.593,3.128,0.89,real
22.8,left,-8.584,2.876,0.83,real
22.8,left,-13.76,0.229,0.99,real
22.8,left,-18.337,-2.444,0.83,real
22.8,left,-21.52,-6.17,0.94,real
22.8,right,-0.572,-3.375,0.93,real
22.8,right,-5.123,-3.781,0.85,real
22.8,right,-9.559,-5.212,0.9,real
22.8,right,-12.985,-7.186,0.94,real
22.8,right,-15.466,-10.197,0.9,real
22.8,right,-2.058,-4.184,0.27,ghost
22.9,left,-2.273,3.375,0.75,real
22.9,left,-8.235,2.981,0.95,real
22.9,left,-13.548,0.48,0.88,real
22.9,left,-17.757,-2.613,0.97,real
22.9,left,-21.038,-5.921,0.82,real
22.9,right,-0.187,-3.539,0.95,real
22.9,right,-5.305,-3.864,0.94,real
22.9,right,-9.598,-4.789,0.91,real
22.9,right,-13.059,-7.333,0.91,real
22.9,right,-15.429,-10.175,0.9,real
23.0,left,-1.942,3.328,0.77,real
23.0,left,-7.761,2.33,0.93,real
23.0,left,-13.18,0.746,0.9,real
23.0,left,-17.31,-2.392,0.7,real
23.0,left,-20.785,-5.744,0.97,real
23.0,right,-0.173,-3.618,0.98,real
23.0,right,-5.039,-3.542,0.83,real
23.0,right,-9.013,-5.166,0.91,real
23.0,right,-12.28,-7.27,0.81,real
23.0,right,-15.04,-9.926,0.87,real
23.1,left,-1.817,3.579,0.88,real
23.1,left,-7.544,2.592,0.88,real
23.1,left,-12.827,0.683,0.8,real
23.1,left,-16.863,-1.745,0.94,real
23.1,left,-20.61,-5.409,0.91,real
23.1,right,-4.902,-3.605,0.87,real
23.1,right,-9.041,-4.911,0.92,real
23.1,right,-12.275,-6.565,0.88,real
23.1,right,-14.641,-9.505,0.88,real
23.2,left,-1.316,3.228,0.94,real
23.2,left,-7.351,2.55,0.89,real
23.2,left,-12.223,0.82,0.99,real
23.2,left,-16.772,-1.735,0.92,real
23.2,left,-20.59,-5.291,0.71,real
23.2,right,-4.243,-3.762,0.87,real
23.2,right,-8.477,-4.828,0.83,real
23.2,right,-11.831,-6.95,0.92,real
23.2,right,-14.333,-9.868,0.91,real
23.3,left,-1.072,3.12,0.85,real
23.3,left,-6.855,2.49,0.81,real
23.3,left,-11.967,1.091,0.91,real
23.3,left,-16.788,-1.545,0.99,real
23.3,left,-19.968,-5.347,0.87,real
23.3,right,-3.691,-3.611,0.91,real
23.3,right,-8.032,-4.871,0.91,real
23.3,right,-11.648,-6.944,0.85,real
23.3,right,-14.303,-9.5,0.86,real
23.4,left,-0.31,3.382,0.91,real
23.4,left,-6.46,2.844,0.97,real
23.4,left,-12.02,1.232,0.89,real
23.4,left,-16.004,-1.834,0.78,real
23.4,left,-19.53,-4.911,0.81,real
23.4,right,-3.986,-4.08,0.9,real
23.4,right,-7.889,-4.881,0.82,real
23.4,right,-11.685,-6.641,0.91,real
23.4,right,-14.013,-9.254,0.77,real
23.5,left,-0.08,3.205,0.95,real
23.5,left,-5.969,2.711,0.95,real
23.5,left,-11.912,1.228,0.96,real
23.5,left,-15.944,-1.361,0.86,real
23.5,left,-19.239,-4.83,0.92,real
23.5,left,-21.622,-9.064,0.9,real
23.5,right,-3.433,-3.614,0.86,real
23.5,right,-7.226,-4.772,0.92,real
23.5,right,-11.132,-6.468,0.82,real
23.5,right,-13.918,-9.044,0.75,real
23.6,left,-5.954,2.882,0.9,real
23.6,left,-10.699,1.625,0.95,real
23.6,left,-15.436,-1.338,0.79,real
23.6,left,-18.892,-5.013,0.94,real
23.6,left,-21.68,-9.005,0.83,real
23.6,right,-3.229,-3.802,0.85,real
23.6,right,-7.467,-4.288,0.99,real
23.6,right,-11.095,-6.41,0.86,real
23.6,right,-13.915,-8.913,0.91,real
23.7,left,-5.34,3.096,0.83,real
23.7,left,-10.821,1.27,0.98,real
23.7,left,-15.371,-1.173,0.99,real
23.7,left,-18.882,-4.557,0.72,real
23.7,left,-21.523,-8.339,0.79,real
23.7,right,-2.946,-3.846,0.89,real
23.7,right,-7.263,-4.487,0.99,real
23.7,right,-10.639,-6.367,0.83,real
23.7,right,-13.596,-8.77,0.87,real
23.8,left,-4.939,3.226,0.85,real
23.8,left,-10.613,1.454,0.72,real
23.8,left,-15.091,-0.471,0.99,real
23.8,left,-18.745,-4.199,0.89,real
23.8,left,-21.347,-8.422,0.91,real
23.8,right,-2.557,-3.484,0.99,real
23.8,right,-6.449,-4.451,0.78,real
23.8,right,-10.355,-6.063,0.99,real
23.8,right,-13.096,-8.695,0.84,real
23.8,right,-15.293,-11.862,0.83,real
23.8,unknown,-4.051,-4.283,0.44,ghost
23.9,left,-4.535,2.991,0.84,real
23.9,left,-9.9,1.929,0.82,real
23.9,left,-14.725,-0.548,0.87,real
23.9,left,-18.401,-4.099,0.84,real
23.9,left,-20.978,-8.491,0.99,real
23.9,right,-2.235,-3.664,0.9,real
23.9,right,-6.431,-4.401,0.98,real
23.9,right,-9.996,-5.974,0.99,real
23.9,right,-13.102,-8.345,0.86,real
23.9,right,-14.844,-11.797,0.9,real
24.0,left,-4.414,3.027,0.92,real
24.0,left,-9.894,1.65,0.89,real
24.0,left,-14.202,-0.699,0.84,real
24.0,left,-18.001,-3.747,0.99,real
24.0,left,-20.579,-8.178,0.93,real
24.0,right,-2.161,-3.473,0.89,real
24.0,right,-6.222,-3.812,0.83,real
24.0,right,-10.111,-5.826,0.89,real
24.0,right,-13.196,-8.266,0.84,real
24.0,right,-14.689,-11.273,0.82,real
24.1,left,-3.849,3.443,0.91,real
24.1,left,-9.28,2.055,0.86,real
24.1,left,-13.699,-0.6,0.85,real
24.1,left,-17.771,-3.922,0.91,real
24.1,left,-20.407,-7.769,0.93,real
24.1,right,-1.66,-3.681,0.89,real
24.1,right,-5.727,-4.325,0.95,real
24.1,right,-9.719,-5.92,0.94,real
24.1,right,-12.148,-8.038,0.94,real
24.1,right,-14.444,-11.683,0.99,real
24.2,left,-3.498,3.108,0.77,real
24.2,left,-9.393,1.955,0.86,real
24.2,left,-13.635,-0.054,0.99,real
24.2,left,-17.447,-3.407,0.99,real
24.2,left,-20.466,-7.572,0.91,real
24.2,right,-1.373,-3.377,0.86,real
24.2,right,-5.758,-4.367,0.99,real
24.2,right,-8.957,-6.179,0.95,real
24.2,right,-12.26,-8.088,0.75,real
24.2,right,-14.556,-11.116,0.93,real
24.3,left,-3.247,3.35,0.91,real
24.3,left,-8.813,2.158,0.87,real
24.3,left,-13.5,0.207,0.85,real
24.3,left,-17.397,-3.251,0.88,real
24.3,left,-20.184,-7.384,0.99,real
24.3,right,-1.058,-3.169,0.9,real
24.3,right,-5.576,-3.991,0.77,real
24.3,right,-9.106,-5.661,0.92,real
24.3,right,-11.929,-8.601,0.99,real
24.3,right,-14.267,-10.951,0.84,real
24.4,left,-2.746,3.434,0.87,real
24.4,left,-8.221,2.438,0.87,real
24.4,left,-13.085,0.141,0.94,real
24.4,left,-16.953,-3.17,0.85,real
24.4,left,-19.88,-7.28,0.74,real
24.4,left,-21.857,-11.905,0.93,real
24.4,right,-0.455,-3.338,0.76,real
24.4,right,-5.13,-4.081,0.91,real
24.4,right,-8.84,-5.332,0.97,real
24.4,right,-11.556,-7.835,0.83,real
24.4,right,-13.843,-10.743,0.96,real
24.5,left,-2.667,3.101,0.89,real
24.5,left,-7.819,2.148,0.8,real
24.5,left,-13.039,0.115,0.9,real
24.5,left,-16.634,-3.023,0.96,real
24.5,left,-19.419,-7.04,0.81,real
24.5,left,-21.26,-11.705,0.88,real
24.5,right,-0.503,-3.338,0.89,real
24.5,right,-5.056,-3.621,0.82,real
24.5,right,-8.601,-5.242,0.98,real
24.5,right,-11.757,-7.608,0.89,real
24.5,right,-13.594,-10.826,0.86,real
24.6,left,-2.24,2.995,0.91,real
24.6,left,-7.722,2.319,0.91,real
24.6,left,-12.629,0.213,0.89,real
24.6,left,-16.259,-2.766,0.76,real
24.6,left,-19.414,-6.732,0.9,real
24.6,left,-21.093,-11.589,0.89,real
24.6,right,-0.314,-3.469,0.82,real
24.6,right,-4.353,-4.018,0.73,real
24.6,right,-8.435,-5.733,0.91,real
24.6,right,-11.496,-7.924,0.95,real
24.6,right,-13.976,-10.523,0.86,real
24.7,left,-1.912,3.386,0.83,real
24.7,left,-7.204,2.508,0.87,real
24.7,left,-12.053,0.461,0.92,real
24.7,left,-15.969,-2.911,0.7,real
24.7,left,-18.982,-6.587,0.91,real
24.7,left,-20.837,-11.251,0.82,real
24.7,right,-0.219,-2.98,0.95,real
24.7,right,-4.417,-4.037,0.84,real
24.7,right,-8.161,-5.278,0.91,real
24.7,right,-11.208,-7.491,0.91,real
24.7,right,-13.438,-10.545,0.77,real
24.8,left,-1.628,3.347,0.92,real
24.8,left,-7.034,2.682,0.84,real
24.8,left,-11.941,0.654,0.83,real
24.8,left,-15.713,-2.415,0.84,real
24.8,left,-19.169,-6.409,0.78,real
24.8,left,-20.979,-11.293,0.99,real
24.8,right,-3.994,-3.839,0.79,real
24.8,right,-7.924,-5.258,0.9,real
24.8,right,-10.696,-7.512,0.99,real
24.8,right,-13.43,-10.432,0.88,real
24.9,left,-0.994,3.197,0.92,real
24.9,left,-6.589,2.484,0.78,real
24.9,left,-11.378,0.483,0.83,real
24.9,left,-15.407,-2.222,0.78,real
24.9,left,-18.453,-6.16,0.82,real
24.9,left,-20.645,-10.619,0.89,real
24.9,right,-3.823,-3.702,0.88,real
24.9,right,-7.785,-5.013,0.85,real
24.9,right,-10.715,-7.278,0.98,real
24.9,right,-13.109,-10.386,0.87,real
25.0,left,-0.915,3.208,0.9,real
25.0,left,-6.294,2.71,0.76,real
25.0,left,-11.141,1.015,0.84,real
25.0,left,-15.015,-1.962,0.94,real
25.0,left,-18.524,-5.643,0.9,real
25.0,left,-20.56,-10.154,0.95,real
25.0,right,-3.432,-3.848,0.82,real
25.0,right,-7.465,-5.216,0.9,real
25.0,right,-10.541,-6.999,0.86,real
25.0,right,-12.607,-10.247,0.96,real
25.1,left,-0.631,3.25,0.82,real
25.1,left,-5.681,2.971,0.85,real
25.1,left,-10.92,1.2,0.82,real
25.1,left,-15.041,-2.037,0.86,real
25.1,left,-17.842,-5.994,0.87,real
25.1,left,-20.431,-10.597,0.92,real
25.1,right,-3.113,-3.943,0.99,real
25.1,right,-7.141,-4.86,0.91,real
25.1,right,-10.126,-7.131,0.82,real
25.1,right,-12.835,-9.907,0.98,real
25.2,left,-0.13,3.459,0.86,real
25.2,left,-5.725,2.699,0.89,real
25.2,left,-10.122,1.074,0.74,real
25.2,left,-14.462,-1.582,0.99,real
25.2,left,-17.455,-5.101,0.83,real
25.2,left,-20.334,-9.725,0.82,real
25.2,right,-3.243,-3.822,0.84,real
25.2,right,-7.012,-4.834,0.82,real
25.2,right,-9.871,-6.754,0.8,real
25.2,right,-12.518,-9.931,0.78,real
25.3,left,-5.086,2.957,0.99,real
25.3,left,-10.327,1.394,0.91,real
25.3,left,-14.333,-1.353,0.9,real
25.3,left,-17.596,-5.122,0.9,real
25.3,left,-20.092,-9.576,0.91,real
25.3,right,-3.076,-3.539,0.83,real
25.3,right,-6.648,-4.555,0.83,real
25.3,right,-9.749,-6.539,0.94,real
25.3,right,-11.958,-9.686,0.89,real
25.4,left,-4.922,2.834,0.81,real
25.4,left,-9.936,0.965,0.88,real
25.4,left,-13.848,-1.46,0.85,real
25.4,left,-17.19,-4.734,0.8,real
25.4,left,-19.939,-9.368,0.82,real
25.4,right,-2.44,-3.672,0.94,real
25.4,right,-6.562,-4.595,0.95,real
25.4,right,-9.417,-6.932,0.92,real
25.4,right,-12.114,-9.159,0.95,real
25.5,left,-4.541,2.803,0.85,real
25.5,left,-9.559,1.487,0.93,real
25.5,left,-13.857,-0.902,0.81,real
25.5,left,-17.111,-4.689,0.86,real
25.5,left,-19.714,-9.354,0.87,real
25.5,right,-2.575,-3.504,0.84,real
25.5,right,-6.375,-4.206,0.87,real
25.5,right,-9.343,-6.553,0.86,real
25.5,right,-11.592,-9.079,0.94,real
25.6,left,-4.103,3.146,0.85,real
25.6,left,-9.46,1.755,0.9,real
25.6,left,-13.543,-0.865,0.72,real
25.6,left,-16.605,-4.455,0.99,real
25.6,left,-19.348,-9.019,0.99,real
25.6,right,-2.002,-3.63,0.9,real
25.6,right,-5.703,-4.346,0.84,real
25.6,right,-9.121,-6.256,0.85,real
25.6,right,-11.747,-9.36,0.99,real
25.7,left,-3.866,2.914,0.81,real
25.7,left,-8.879,1.621,0.86,real
25.7,left,-12.945,-0.86,0.99,real
25.7,left,-16.613,-4.443,0.85,real
25.7,left,-19.222,-8.447,0.99,real
25.7,right,-1.804,-3.242,0.8,real
25.7,right,-5.388,-4.062,0.84,real
25.7,right,-8.609,-6.286,0.97,real
25.7,right,-11.353,-9.417,0.8,real
25.8,left,-3.783,2.964,0.78,real
25.8,left,-8.246,1.629,0.73,real
25.8,left,-13.208,-0.562,0.91,real
25.8,left,-16.513,-3.952,0.92,real
25.8,left,-19.475,-8.743,0.83,real
25.8,right,-1.713,-3.282,0.86,real
25.8,right,-5.399,-4.579,0.78,real
25.8,right,-8.877,-6.083,0.77,real
25.8,right,-11.516,-8.771,0.74,real
25.9,left,-3.321,3.496,0.81,real
25.9,left,-8.22,2.258,0.8,real
25.9,left,-12.594,-0.2,0.9,real
25.9,left,-16.221,-3.696,0.8,real
25.9,left,-18.948,-8.18,0.8,real
25.9,right,-1.388,-3.446,0.91,real
25.9,right,-5.252,-4.468,0.99,real
25.9,right,-8.408,-6.073,0.74,real
25.9,right,-11.031,-8.405,0.85,real
26.0,left,-3.044,3.305,0.99,real
26.0,left,-8.054,2.386,0.9,real
26.0,left,-12.496,-0.385,0.99,real
26.0,left,-16.318,-3.515,0.91,real
26.0,left,-19.169,-8.255,0.83,real
26.0,right,-0.717,-3.18,0.93,real
26.0,right,-4.876,-4.187,0.84,real
26.0,right,-8.103,-6.045,0.88,real
26.0,right,-11.054,-8.257,0.99,real
26.0,right,-13.182,-12.185,0.74,real
26.1,left,-2.681,3.365,0.85,real
26.1,left,-7.556,2.318,0.96,real
26.1,left,-11.788,-0.02,0.96,real
26.1,left,-15.963,-3.689,0.69,real
26.1,left,-18.203,-7.72,0.98,real
26.1,right,-0.584,-3.539,0.92,real
26.1,right,-4.777,-4.138,0.98,real
26.1,right,-8.188,-5.73,0.85,real
26.1,right,-10.614,-8.502,0.88,real
26.1,right,-12.713,-12.068,0.84,real
26.2,left,-1.921,3.367,0.83,real
26.2,left,-7.313,2.269,0.85,real
26.2,left,-11.851,-0.42,0.75,real
26.2,left,-15.911,-3.044,0.79,real
26.2,left,-18.188,-7.658,0.9,real
26.2,right,-0.388,-3.336,0.83,real
26.2,right,-4.529,-4.321,0.86,real
26.2,right,-7.708,-5.65,0.72,real
26.2,right,-10.608,-8.33,0.85,real
26.2,right,-12.612,-11.849,0.9,real
26.2,right,-15.954,5.947,0.47,ghost
26.3,left,-1.918,3.251,0.85,real
26.3,left,-7.116,2.575,0.88,real
26.3,left,-11.303,0.396,0.99,real
26.3,left,-14.994,-3.543,0.88,real
26.3,left,-18.069,-7.436,0.8,real
26.3,right,-0.275,-3.378,0.91,real
26.3,right,-4.292,-4.172,0.89,real
26.3,right,-7.564,-5.427,0.99,real
26.3,right,-10.427,-8.281,0.9,real
26.3,right,-12.518,-11.275,0.74,real
26.4,left,-1.528,3.348,0.9,real
26.4,left,-6.693,2.578,0.92,real
26.4,left,-11.338,0.459,0.99,real
26.4,left,-14.773,-2.68,0.96,real
26.4,left,-17.943,-6.859,0.85,real
26.4,right,-0.288,-3.576,0.82,real
26.4,right,-3.617,-4.249,0.9,real
26.4,right,-7.329,-5.345,0.73,real
26.4,right,-10.023,-8.029,0.85,real
26.4,right,-12.734,-11.468,0.84,real
26.5,left,-1.01,3.44,0.88,real
26.5,left,-6.552,2.634,0.94,real
26.5,left,-10.808,0.591,0.77,real
26.5,left,-14.953,-2.534,0.89,real
26.5,left,-17.845,-6.681,0.83,real
26.5,left,-20.014,-11.89,0.95,real
26.5,right,-3.669,-3.836,0.91,real
26.5,right,-7.545,-5.329,0.99,real
26.5,right,-10.271,-7.997,0.98,real
26.5,right,-12.241,-11.425,0.86,real
26.6,left,-0.768,3.735,0.93,real
26.6,left,-5.869,2.416,0.95,real
26.6,left,-10.757,0.601,0.81,real
26.6,left,-14.103,-2.416,0.79,real
26.6,left,-17.631,-6.263,0.93,real
26.6,left,-19.92,-11.357,0.81,real
26.6,right,-3.566,-4.035,0.9,real
26.6,right,-6.857,-5.337,0.86,real
26.6,right,-9.81,-7.44,0.88,real
26.6,right,-12.028,-10.936,0.74,real
26.7,left,-0.66,3.392,0.91,real
26.7,left,-5.93,2.95,0.82,real
26.7,left,-10.244,0.786,0.89,real
26.7,left,-14.306,-2.212,0.85,real
26.7,left,-17.439,-6.16,0.8,real
26.7,left,-19.701,-11.446,0.95,real
26.7,right,-3.364,-4.028,0.95,real
26.7,right,-6.82,-5.314,0.86,real
26.7,right,-9.776,-7.663,0.84,real
26.7,right,-11.875,-10.685,0.83,real
26.8,left,0.044,3.096,0.85,real
26.8,left,-5.368,2.724,0.88,real
26.8,left,-9.724,0.94,0.86,real
26.8,left,-13.951,-1.983,0.91,real
26.8,left,-17.281,-5.763,0.9,real
26.8,left,-19.898,-10.684,0.82,real
26.8,right,-2.906,-3.426,0.75,real
26.8,right,-6.389,-5.322,0.85,real
26.8,right,-9.384,-7.387,0.91,real
26.8,right,-12.001,-10.625,0.99,real
26.9,left,-5.048,2.839,0.98,real
26.9,left,-9.557,1.296,0.79,real
26.9,left,-13.488,-1.843,0.94,real
26.9,left,-16.811,-5.837,0.92,real
26.9,left,-19.469,-10.908,0.97,real
26.9,right,-3.0,-3.696,0.94,real
26.9,right,-6.168,-5.093,0.97,real
26.9,right,-9.405,-7.231,0.98,real
26.9,right,-11.795,-10.331,0.69,real
27.0,left,-4.656,3.217,0.83,real
27.0,left,-9.322,1.486,0.89,real
27.0,left,-13.25,-1.456,0.82,real
27.0,left,-16.512,-5.261,0.89,real
27.0,left,-19.142,-10.432,0.87,real
27.0,right,-2.635,-3.849,0.83,real
27.0,right,-5.936,-4.967,0.94,real
27.0,right,-9.137,-7.134,0.87,real
27.0,right,-11.624,-10.391,0.85,real
27.1,left,-4.461,2.904,0.85,real
27.1,left,-8.795,1.621,0.86,real
27.1,left,-13.12,-1.319,0.99,real
27.1,left,-16.94,-5.215,0.83,real
27.1,left,-18.939,-10.275,0.76,real
27.1,right,-2.489,-3.458,0.86,real
27.1,right,-6.228,-4.796,0.85,real
27.1,right,-9.1,-7.246,0.94,real
27.1,right,-11.632,-10.26,0.88,real
27.2,left,-4.061,3.093,0.93,real
27.2,left,-8.656,1.362,0.99,real
27.2,left,-12.976,-1.174,0.95,real
27.2,left,-16.482,-4.989,0.86,real
27.2,left,-19.09,-10.038,0.84,real
27.2,right,-2.266,-3.987,0.92,real
27.2,right,-5.715,-4.86,0.85,real
27.2,right,-8.645,-6.744,0.78,real
27.2,right,-11.563,-9.852,0.75,real
27.3,left,-3.795,2.966,0.94,real
27.3,left,-8.557,2.102,0.89,real
27.3,left,-12.632,-1.212,0.94,real
27.3,left,-16.476,-4.526,0.91,real
27.3,left,-19.06,-9.418,0.91,real
27.3,right,-1.891,-3.522,0.84,real
27.3,right,-5.389,-4.9,0.98,real
27.3,right,-8.497,-6.82,0.89,real
27.3,right,-11.125,-9.829,0.82,real
27.4,left,-3.528,3.125,0.88,real
27.4,left,-7.997,1.851,0.85,real
27.4,left,-12.42,-0.635,0.9,real
27.4,left,-16.318,-4.414,0.92,real
27.4,left,-18.46,-9.425,0.9,real
27.4,right,-1.513,-3.676,0.89,real
27.4,right,-5.637,-4.613,0.91,real
27.4,right,-8.467,-6.42,0.99,real
27.4,right,-11.16,-9.656,0.89,real
27.5,left,-2.79,3.212,0.87,real
27.5,left,-7.67,2.129,0.83,real
27.5,left,-11.967,-0.586,0.95,real
27.5,left,-15.693,-4.124,0.84,real
27.5,left,-18.943,-9.071,0.88,real
27.5,right,-1.414,-3.77,0.98,real
27.5,right,-4.971,-4.399,0.9,real
27.5,right,-8.012,-6.407,0.82,real
27.5,right,-10.769,-9.673,0.8,real
27.6,left,-2.779,3.162,0.94,real
27.6,left,-7.596,2.083,0.77,real
27.6,left,-12.278,-0.852,0.87,real
27.6,left,-15.656,-3.886,0.85,real
27.6,left,-18.53,-8.662,0.99,real
27.6,right,-1.291,-3.421,0.85,real
27.6,right,-4.942,-4.151,0.91,real
27.6,right,-8.133,-6.531,0.9,real
27.6,right,-10.746,-9.147,0.98,real
27.7,left,-2.482,3.433,0.99,real
27.7,left,-6.761,2.002,0.95,real
27.7,left,-11.109,0.075,0.82,real
27.7,left,-15.211,-3.696,0.83,real
27.7,left,-18.289,-8.417,0.99,real
27.7,right,-0.956,-3.253,0.86,real
27.7,right,-4.48,-4.366,0.94,real
27.7,right,-7.673,-6.08,0.86,real
27.7,right,-10.793,-9.021,0.75,real
27.8,left,-2.429,3.237,0.8,real
27.8,left,-6.975,2.41,0.94,real
27.8,left,-11.162,0.017,0.84,real
27.8,left,-15.237,-3.431,0.88,real
27.8,left,-17.853,-8.356,0.69,real
27.8,right,-0.828,-3.546,0.85,real
27.8,right,-4.684,-4.496,0.96,real
27.8,right,-7.991,-6.183,0.85,real
27.8,right,-10.645,-9.136,0.88,real
27.9,left,-1.323,3.177,0.85,real
27.9,left,-6.561,2.317,0.86,real
27.9,left,-11.053,-0.022,0.94,real
27.9,left,-15.086,-3.378,0.76,real
27.9,left,-18.121,-8.071,0.95,real
27.9,right,-0.943,-3.605,0.92,real
27.9,right,-4.2,-4.313,0.81,real
27.9,right,-7.729,-6.121,0.93,real
27.9,right,-10.327,-8.565,0.84,real
28.0,left,-1.471,3.636,0.86,real
28.0,left,-6.088,2.452,0.8,real
28.0,left,-10.611,0.2,0.75,real
28.0,left,-14.827,-3.007,0.99,real
28.0,left,-17.849,-7.48,0.89,real
28.0,right,-0.542,-3.045,0.84,real
28.0,right,-4.302,-3.972,0.79,real
28.0,right,-7.145,-5.825,0.79,real
28.0,right,-10.409,-8.341,0.85,real
28.1,left,-1.072,3.367,0.97,real
28.1,left,-5.967,2.592,0.84,real
28.1,left,-10.477,0.795,0.9,real
28.1,left,-14.799,-3.214,0.89,real
28.1,left,-17.824,-7.388,0.83,real
28.1,right,-0.044,-3.117,0.76,real
28.1,right,-3.983,-3.954,0.84,real
28.1,right,-7.597,-5.871,0.95,real
28.1,right,-10.221,-8.142,0.95,real
28.2,left,-0.779,3.381,0.91,real
28.2,left,-5.773,2.572,0.92,real
28.2,left,-10.38,0.498,0.84,real
28.2,left,-14.327,-2.577,0.84,real
28.2,left,-17.699,-7.087,0.83,real
28.2,right,-3.766,-3.901,0.91,real
28.2,right,-6.834,-5.896,0.91,real
28.2,right,-10.139,-8.292,0.79,real
28.2,right,-12.219,-11.866,0.85,real
28.2,right,-10.563,-1.487,0.26,ghost
28.3,left,-0.518,3.746,0.76,real
28.3,left,-5.625,2.719,0.85,real
28.3,left,-9.928,0.721,0.78,real
28.3,left,-14.204,-2.637,0.75,real
28.3,left,-17.595,-6.482,0.88,real
28.3,right,-3.601,-4.156,0.91,real
28.3,right,-7.012,-5.986,0.83,real
28.3,right,-9.869,-8.112,0.95,real
28.3,right,-12.015,-11.464,0.81,real
28.4,left,-0.513,3.335,0.87,real
28.4,left,-5.22,3.121,0.64,real
28.4,left,-9.758,1.003,0.91,real
28.4,left,-13.686,-2.366,0.95,real
28.4,left,-17.389,-6.551,0.84,real
28.4,left,-19.788,-11.676,0.63,real
28.4,right,-3.346,-3.841,0.75,real
28.4,right,-6.705,-5.761,0.77,real
28.4,right,-9.447,-7.595,0.87,real
28.4,right,-12.217,-11.372,0.83,real
28.5,left,-4.927,2.95,0.91,real
28.5,left,-9.357,0.835,0.83,real
28.5,left,-13.602,-2.028,0.92,real
28.5,left,-17.357,-6.172,0.8,real
28.5,left,-19.972,-11.502,0.95,real
28.5,right,-2.869,-3.507,0.84,real
28.5,right,-6.613,-5.152,0.99,real
28.5,right,-9.976,-7.642,0.95,real
28.5,right,-12.011,-11.482,0.96,real
28.6,left,-3.979,3.065,0.91,real
28.6,left,-9.418,1.185,0.89,real
28.6,left,-13.07,-1.78,0.84,real
28.6,left,-17.088,-5.734,0.9,real
28.6,left,-19.827,-11.6,0.86,real
28.6,right,-3.052,-3.876,0.85,real
28.6,right,-6.118,-5.745,0.89,real
28.6,right,-9.442,-7.594,0.87,real
28.6,right,-12.395,-11.116,0.92,real
28.7,left,-4.028,3.27,0.92,real
28.7,left,-9.049,1.351,0.84,real
28.7,left,-13.427,-1.452,0.96,real
28.7,left,-16.617,-5.637,0.99,real
28.7,left,-20.329,-10.878,0.84,real
28.7,right,-2.421,-3.626,0.75,real
28.7,right,-6.362,-5.127,0.83,real
28.7,right,-9.124,-7.604,0.83,real
28.7,right,-12.201,-10.709,0.94,real
28.8,left,-3.978,3.172,0.88,real
28.8,left,-8.537,1.546,0.96,real
28.8,left,-12.753,-1.311,0.94,real
28.8,left,-16.452,-5.736,0.96,real
28.8,left,-19.254,-10.528,0.99,real
28.8,right,-2.828,-3.637,0.9,real
28.8,right,-6.141,-5.259,0.92,real
28.8,right,-9.4,-7.39,0.99,real
28.8,right,-12.057,-10.982,0.83,real
28.9,left,-3.062,3.104,0.94,real
28.9,left,-7.966,1.76,0.87,real
28.9,left,-12.837,-1.282,0.85,real
28.9,left,-16.492,-5.058,0.89,real
28.9,left,-20.067,-10.099,0.77,real
28.9,right,-2.5,-3.594,0.77,real
28.9,right,-6.106,-5.052,0.97,real
28.9,right,-9.15,-7.131,0.89,real
28.9,right,-11.972,-10.489,0.92,real
29.0,left,-3.046,3.54,0.95,real
29.0,left,-8.023,2.006,0.81,real
29.0,left,-12.43,-0.744,0.92,real
29.0,left,-16.49,-5.031,0.87,real
29.0,left,-19.535,-9.602,0.87,real
29.0,right,-2.055,-3.687,0.86,real
29.0,right,-5.387,-5.046,0.75,real
29.0,right,-9.07,-7.211,0.83,real
29.0,right,-11.986,-10.19,0.85,real
29.1,left,-2.967,3.259,0.81,real
29.1,left,-7.561,1.989,0.83,real
29.1,left,-11.928,-0.654,0.93,real
29.1,left,-16.255,-4.49,0.84,real
29.1,left,-19.681,-9.477,0.86,real
29.1,right,-1.745,-3.663,0.99,real
29.1,right,-5.381,-4.722,0.77,real
29.1,right,-9.18,-6.836,0.84,real
29.1,right,-11.833,-10.128,0.77,real
29.2,left,-2.6,3.454,0.75,real
29.2,left,-7.226,2.081,0.86,real
29.2,left,-12.023,-0.859,0.97,real
29.2,left,-16.083,-4.232,0.97,real
29.2,left,-19.235,-9.126,0.81,real
29.2,right,-1.673,-3.809,0.89,real
29.2,right,-4.923,-4.717,0.82,real
29.2,right,-8.348,-6.966,0.89,real
29.2,right,-11.63,-9.743,0.95,real
29.3,left,-2.003,3.276,0.94,real
29.3,left,-6.989,2.017,0.87,real
29.3,left,-11.588,-0.497,0.88,real
29.3,left,-15.823,-4.16,0.84,real
29.3,left,-19.283,-8.982,0.88,real
29.3,right,-1.505,-3.631,0.85,real
29.3,right,-4.855,-4.26,0.85,real
29.3,right,-8.574,-6.461,0.9,real
29.3,right,-11.452,-9.773,0.76,real
29.4,left,-1.866,3.663,0.92,real
29.4,left,-7.052,1.998,0.91,real
29.4,left,-11.442,0.089,0.86,real
29.4,left,-15.436,-3.996,0.78,real
29.4,left,-18.822,-8.577,0.79,real
29.4,right,-1.311,-3.442,0.91,real
29.4,right,-4.987,-4.387,0.84,real
29.4,right,-8.465,-6.641,0.81,real
29.4,right,-11.32,-9.458,0.76,real
29.5,left,-1.519,3.505,0.77,real
29.5,left,-6.718,2.36,0.81,real
29.5,left,-10.983,0.018,0.86,real
29.5,left,-15.1,-3.118,0.9,real
29.5,left,-18.771,-8.278,0.8,real
29.5,right,-0.773,-3.47,0.84,real
29.5,right,-4.845,-4.286,0.88,real
29.5,right,-8.285,-6.194,0.91,real
29.5,right,-11.51,-9.602,0.88,real
29.6,left,-1.357,3.518,0.96,real
29.6,left,-6.181,2.415,0.82,real
29.6,left,-10.819,0.37,0.9,real
29.6,left,-14.967,-3.467,0.88,real
29.6,left,-18.918,-7.791,0.9,real
29.6,right,-1.157,-3.705,0.86,real
29.6,right,-4.704,-4.261,0.87,real
29.6,right,-7.981,-6.343,0.93,real
29.6,right,-11.327,-8.97,0.86,real
29.7,left,-0.961,3.178,0.9,real
29.7,left,-5.525,2.478,0.97,real
29.7,left,-10.794,0.097,0.86,real
29.7,left,-14.68,-3.039,0.99,real
29.7,left,-18.713,-7.771,0.99,real
29.7,right,-0.601,-3.648,0.77,real
29.7,right,-4.571,-4.277,0.99,real
29.7,right,-7.813,-6.169,0.84,real
29.7,right,-11.08,-8.817,0.89,real
29.8,left,-0.879,3.813,0.91,real
29.8,left,-5.524,2.599,0.92,real
29.8,left,-10.138,0.366,0.85,real
29.8,left,-14.361,-2.945,0.92,real
29.8,left,-18.627,-7.403,0.84,real
29.8,right,-0.39,-3.296,0.84,real
29.8,right,-3.977,-4.216,0.95,real
29.8,right,-7.687,-5.648,0.86,real
29.8,right,-10.845,-8.555,0.83,real
29.8,right,-15.774,7.636,0.42,ghost
29.9,left,-0.442,3.877,0.82,real
29.9,left,-5.177,3.076,0.99,real
29.9,left,-10.187,0.642,0.82,real
29.9,left,-14.496,-2.818,0.86,real
29.9,left,-18.429,-7.089,0.86,real
29.9,right,-0.103,-3.615,0.8,real
29.9,right,-4.045,-4.139,0.94,real
29.9,right,-7.424,-5.866,0.94,real
29.9,right,-10.674,-8.541,0.87,real
30.0,left,-0.02,3.349,0.84,real
30.0,left,-5.043,2.845,0.78,real
30.0,left,-9.894,1.175,0.98,real
30.0,left,-14.348,-2.678,0.83,real
30.0,left,-18.628,-6.623,0.84,real
30.0,right,0.138,-3.429,0.91,real
30.0,right,-4.007,-3.938,0.89,real
30.0,right,-7.548,-5.69,0.92,real
30.0,right,-10.531,-8.393,0.94,real
30.1,left,-4.439,2.908,0.91,real
30.1,left,-9.489,1.283,0.76,real
30.1,left,-13.827,-2.375,0.9,real
30.1,left,-17.994,-6.527,0.76,real
30.1,left,-21.671,-11.731,0.83,real
30.1,right,-3.41,-3.796,0.95,real
30.1,right,-7.16,-5.503,0.87,real
30.1,right,-10.576,-8.29,0.85,real
30.1,right,-13.923,-11.658,0.87,real
30.2,left,-4.27,2.673,0.79,real
30.2,left,-8.931,1.033,0.93,real
30.2,left,-13.916,-1.865,0.8,real
30.2,left,-18.043,-5.887,0.9,real
30.2,left,-21.805,-11.35,0.88,real
30.2,right,-3.17,-3.73,0.82,real
30.2,right,-7.055,-5.365,0.91,real
30.2,right,-10.634,-8.066,0.87,real
30.2,right,-13.598,-11.482,0.81,real
30.3,left,-4.244,2.934,0.86,real
30.3,left,-8.718,1.489,0.89,real
30.3,left,-13.745,-1.921,0.85,real
30.3,left,-17.776,-5.979,0.96,real
30.3,left,-21.755,-11.181,0.94,real
30.3,right,-3.157,-3.777,0.9,real
30.3,right,-6.76,-4.973,0.81,real
30.3,right,-10.333,-8.103,0.91,real
30.3,right,-13.359,-11.312,0.86,real
30.4,left,-3.63,3.357,0.91,real
30.4,left,-8.788,1.439,0.9,real
30.4,left,-13.457,-1.505,0.85,real
30.4,left,-17.72,-5.476,0.99,real
30.4,left,-21.572,-10.559,0.86,real
30.4,right,-3.027,-3.81,0.93,real
30.4,right,-6.443,-5.222,0.86,real
30.4,right,-9.91,-7.661,0.84,real
30.4,right,-13.774,-10.825,0.76,real
30.5,left,-3.268,3.131,0.93,real
30.5,left,-8.43,1.373,0.89,real
30.5,left,-13.21,-1.193,0.9,real
30.5,left,-17.763,-5.133,0.98,real
30.5,left,-21.814,-10.329,0.78,real
30.5,right,-2.913,-3.234,0.88,real
30.5,right,-6.421,-4.812,0.96,real
30.5,right,-9.995,-7.516,0.91,real
30.5,right,-13.355,-11.124,0.76,real
30.6,left,-3.334,3.167,0.91,real
30.6,left,-8.062,2.044,0.98,real
30.6,left,-12.805,-0.999,0.89,real
30.6,left,-17.493,-4.784,0.77,real
30.6,left,-21.338,-9.589,0.88,real
30.6,right,-2.588,-3.743,0.88,real
30.6,right,-6.225,-5.031,0.95,real
30.6,right,-9.969,-7.423,0.93,real
30.6,right,-13.547,-10.725,0.94,real
30.7,left,-2.775,3.002,0.96,real
30.7,left,-7.734,1.832,0.85,real
30.7,left,-12.463,-1.045,0.99,real
30.7,left,-17.221,-4.317,0.95,real
30.7,left,-21.257,-9.386,0.87,real
30.7,right,-2.186,-3.715,0.9,real
30.7,right,-6.604,-4.645,0.91,real
30.7,right,-9.561,-7.248,0.99,real
30.7,right,-13.186,-10.436,0.86,real
30.8,left,-2.387,3.277,0.87,real
30.8,left,-7.877,2.049,0.91,real
30.8,left,-12.42,-0.244,0.84,real
30.8,left,-17.014,-4.523,0.81,real
30.8,left,-21.239,-9.226,0.92,real
30.8,right,-1.93,-3.774,0.85,real
30.8,right,-6.178,-4.929,0.87,real
30.8,right,-9.813,-6.866,0.94,real
30.8,right,-13.157,-10.085,0.93,real
30.9,left,-1.968,3.493,0.98,real
30.9,left,-7.525,2.452,0.89,real
30.9,left,-12.018,-0.38,0.93,real
30.9,left,-16.674,-3.817,0.86,real
30.9,left,-21.113,-8.972,0.86,real
30.9,right,-2.083,-3.437,0.85,real
30.9,right,-5.628,-4.961,0.93,real
30.9,right,-9.909,-7.222,0.88,real
30.9,right,-13.091,-9.84,0.82,real
31.0,left,-1.902,3.412,0.81,real
31.0,left,-6.665,1.766,0.99,real
31.0,left,-11.987,-0.243,0.88,real
31.0,left,-16.657,-3.72,0.89,real
31.0,left,-20.463,-8.509,0.76,real
31.0,right,-1.576,-3.827,0.84,real
31.0,right,-5.454,-4.786,0.9,real
31.0,right,-9.259,-6.771,0.72,real
31.0,right,-13.068,-9.616,0.96,real
31.0,unknown,-7.349,-5.634,0.39,ghost
31.1,left,-1.418,3.555,0.74,real
31.1,left,-6.286,2.359,0.87,real
31.1,left,-11.596,0.299,0.94,real
31.1,left,-16.264,-3.161,0.8,real
31.1,left,-20.669,-8.113,0.76,real
31.1,right,-1.693,-3.567,0.94,real
31.1,right,-5.653,-4.476,0.84,real
31.1,right,-9.328,-6.243,0.96,real
31.1,right,-12.896,-9.508,0.8,real
31.2,left,-0.919,3.265,0.97,real
31.2,left,-6.411,2.556,0.81,real
31.2,left,-11.791,0.226,0.88,real
31.2,left,-16.397,-3.345,0.78,real
31.2,left,-20.61,-7.775,0.84,real
31.2,right,-1.13,-3.746,0.89,real
31.2,right,-5.311,-4.63,0.86,real
31.2,right,-9.111,-6.299,0.92,real
31.2,right,-12.839,-9.382,0.83,real
31.3,left,-0.621,3.331,0.78,real
31.3,left,-5.685,2.503,0.93,real
31.3,left,-10.92,0.311,0.83,real
31.3,left,-16.13,-2.699,0.89,real
31.3,left,-20.561,-7.489,0.88,real
31.3,right,-1.099,-3.063,0.78,real
31.3,right,-5.189,-4.485,0.98,real
31.3,right,-8.915,-6.563,0.87,real
31.3,right,-12.869,-9.082,0.84,real
31.4,left,-0.674,2.941,0.71,real
31.4,left,-5.807,3.064,0.85,real
31.4,left,-10.599,0.431,0.9,real
31.4,left,-15.671,-2.78,0.78,real
31.4,left,-20.437,-7.06,0.74,real
31.4,right,-1.07,-3.697,0.92,real
31.4,right,-4.707,-4.176,0.76,real
31.4,right,-8.569,-6.299,0.84,real
31.4,right,-12.393,-8.862,0.9,real
31.5,left,-0.506,3.571,0.95,real
31.5,left,-5.34,2.448,0.92,real
31.5,left,-10.384,0.587,0.82,real
31.5,left,-15.373,-2.399,0.86,real
31.5,left,-19.834,-6.973,0.99,real
31.5,right,-0.48,-3.741,0.76,real
31.5,right,-4.601,-4.054,0.89,real
31.5,right,-8.664,-5.743,0.87,real
31.5,right,-12.575,-8.591,0.97,real
31.6,left,-5.241,2.95,0.8,real
31.6,left,-10.27,1.004,0.85,real
31.6,left,-15.286,-2.138,0.84,real
31.6,left,-20.12,-6.759,0.86,real
31.6,right,-0.426,-3.225,0.92,real
31.6,right,-4.637,-4.481,0.98,real
31.6,right,-8.221,-5.865,0.93,real
31.6,right,-11.934,-8.616,0.91,real
31.7,left,-4.764,2.934,0.85,real
31.7,left,-9.778,1.429,0.99,real
31.7,left,-14.894,-1.757,0.82,real
31.7,left,-19.676,-6.346,0.87,real
31.7,right,-0.104,-3.336,0.81,real
31.7,right,-4.416,-3.804,0.89,real
31.7,right,-8.31,-5.772,0.9,real
31.7,right,-12.157,-7.94,0.88,real
31.7,right,-15.884,-11.716,0.98,real
31.8,left,-4.371,2.999,0.96,real
31.8,left,-9.706,0.955,0.72,real
31.8,left,-14.71,-1.884,0.83,real
31.8,left,-19.418,-5.589,0.87,real
31.8,right,-0.098,-3.656,0.8,real
31.8,right,-3.962,-4.261,0.99,real
31.8,right,-8.154,-5.395,0.79,real
31.8,right,-12.112,-8.332,0.96,real
31.8,right,-15.982,-11.434,0.83,real
31.9,left,-3.973,2.625,0.99,real
31.9,left,-9.276,1.591,0.92,real
31.9,left,-14.354,-1.446,0.81,real
31.9,left,-19.69,-5.501,0.9,real
31.9,right,-3.694,-3.898,0.75,real
31.9,right,-7.844,-5.394,0.91,real
31.9,right,-11.819,-7.801,0.89,real
31.9,right,-16.07,-11.423,0.99,real
32.0,left,-3.294,3.264,0.97,real
32.0,left,-9.341,1.557,0.81,real
32.0,left,-14.43,-1.212,0.99,real
32.0,left,-19.463,-5.548,0.85,real
32.0,right,-3.654,-3.879,0.79,real
32.0,right,-7.795,-4.998,0.86,real
32.0,right,-11.565,-7.845,0.91,real
32.0,right,-15.666,-11.06,0.91,real
32.1,left,-3.524,3.181,0.87,real
32.1,left,-8.707,1.91,0.79,real
32.1,left,-13.554,-1.312,0.99,real
32.1,left,-18.842,-5.066,0.91,real
32.1,right,-3.348,-3.933,0.87,real
32.1,right,-7.965,-5.373,0.82,real
32.1,right,-11.412,-7.86,0.86,real
32.1,right,-15.579,-10.982,0.88,real
32.2,left,-3.31,2.979,0.85,real
32.2,left,-8.248,1.616,0.91,real
32.2,left,-13.528,-0.894,0.74,real
32.2,left,-18.869,-4.5,0.84,real
32.2,right,-3.03,-3.825,0.9,real
32.2,right,-7.029,-5.112,0.86,real
32.2,right,-11.45,-7.222,0.84,real
32.2,right,-15.47,-11.008,0.89,real
32.3,left,-2.67,3.393,0.82,real
32.3,left,-8.067,1.975,0.99,real
32.3,left,-13.672,-0.653,0.84,real
32.3,left,-18.764,-4.293,0.8,real
32.3,right,-2.879,-3.802,0.81,real
32.3,right,-6.864,-4.955,0.85,real
32.3,right,-10.984,-7.471,0.96,real
32.3,right,-15.781,-10.392,0.92,real
32.4,left,-2.676,3.62,0.84,real
32.4,left,-7.905,1.995,0.89,real
32.4,left,-13.356,-0.09,0.83,real
32.4,left,-19.032,-4.15,0.81,real
32.4,right,-2.733,-3.498,0.86,real
32.4,right,-6.906,-4.875,0.83,real
32.4,right,-11.543,-6.772,0.87,real
32.4,right,-15.185,-10.075,0.78,real
32.5,left,-2.001,3.183,0.87,real
32.5,left,-7.41,2.208,0.99,real
32.5,left,-13.178,-0.225,0.93,real
32.5,left,-18.221,-4.083,0.97,real
32.5,right,-2.456,-3.675,0.94,real
32.5,right,-6.876,-4.954,0.93,real
32.5,right,-11.024,-6.63,0.98,real
32.5,right,-15.109,-10.051,0.88,real
32.6,left,-1.993,3.447,0.87,real
32.6,left,-7.157,2.876,0.86,real
32.6,left,-12.599,0.162,0.95,real
32.6,left,-18.21,-3.262,0.84,real
32.6,right,-2.35,-3.795,0.88,real
32.6,right,-6.74,-4.712,0.91,real
32.6,right,-10.833,-6.927,0.94,real
32.6,right,-15.279,-9.882,0.84,real
32.7,left,-1.599,3.317,0.84,real
32.7,left,-7.084,2.385,0.95,real
32.7,left,-12.398,-0.157,0.98,real
32.7,left,-18.009,-3.474,0.83,real
32.7,right,-2.39,-3.35,0.89,real
32.7,right,-6.18,-4.233,0.79,real
32.7,right,-10.534,-6.679,0.85,real
32.7,right,-15.081,-9.495,0.82,real
32.8,left,-1.392,3.661,0.86,real
32.8,left,-6.715,2.662,0.89,real
32.8,left,-12.168,0.455,0.88,real
32.8,left,-17.769,-3.075,0.88,real
32.8,right,-1.793,-3.466,0.69,real
32.8,right,-6.044,-4.353,0.79,real
32.8,right,-10.254,-6.65,0.99,real
32.8,right,-14.839,-9.13,0.87,real
32.9,left,-1.005,3.196,0.79,real
32.9,left,-6.158,2.257,0.95,real
32.9,left,-11.806,0.558,0.91,real
32.9,left,-17.665,-2.831,0.92,real
32.9,right,-1.588,-3.793,0.92,real
32.9,right,-5.669,-4.326,0.99,real
32.9,right,-9.92,-6.092,0.92,real
32.9,right,-14.607,-8.912,0.63,real
33.0,left,-0.427,3.507,0.81,real
33.0,left,-5.665,2.945,0.88,real
33.0,left,-11.291,0.787,0.77,real
33.0,left,-17.177,-2.733,0.99,real
33.0,right,-1.294,-3.654,0.82,real
33.0,right,-5.46,-4.156,0.98,real
33.0,right,-9.998,-6.295,0.82,real
33.0,right,-14.495,-8.973,0.92,real
33.1,left,0.027,3.608,0.91,real
33.1,left,-5.577,2.702,0.93,real
33.1,left,-11.213,1.163,0.85,real
33.1,left,-17.031,-2.293,0.87,real
33.1,right,-1.286,-3.457,0.79,real
33.1,right,-5.463,-4.382,0.97,real
33.1,right,-9.759,-6.011,0.86,real
33.1,right,-14.088,-8.751,0.81,real
33.2,left,-5.329,2.924,0.94,real
33.2,left,-11.366,1.013,0.91,real
33.2,left,-16.821,-2.117,0.93,real
33.2,right,-1.119,-3.569,0.9,real
33.2,right,-5.285,-4.051,0.88,real
33.2,right,-9.596,-5.741,0.83,real
33.2,right,-14.265,-8.386,0.9,real
33.2,right,-18.619,-11.915,0.76,real
33.3,left,-5.121,3.034,0.94,real
33.3,left,-10.457,0.899,0.89,real
33.3,left,-16.519,-1.887,0.9,real
33.3,left,-21.964,-5.285,0.9,real
33.3,right,-0.8,-3.184,0.89,real
33.3,right,-4.966,-4.269,0.76,real
33.3,right,-9.366,-5.676,0.82,real
33.3,right,-14.042,-7.917,0.72,real
33.3,right,-18.468,-11.829,0.82,real
33.4,left,-4.694,2.963,0.93,real
33.4,left,-10.561,1.315,0.83,real
33.4,left,-16.075,-1.334,0.99,real
33.4,left,-21.728,-5.226,0.9,real
33.4,right,-0.159,-3.466,0.88,real
33.4,right,-4.86,-3.877,0.88,real
33.4,right,-9.299,-5.222,0.93,real
33.4,right,-13.834,-8.142,0.84,real
33.4,right,-18.263,-11.154,0.86,real
33.5,left,-4.134,2.809,0.88,real
33.5,left,-9.993,1.57,0.89,real
33.5,left,-15.917,-1.671,0.87,real
33.5,left,-21.335,-5.17,0.9,real
33.5,right,-0.256,-3.306,0.91,real
33.5,right,-4.439,-3.851,0.84,real
33.5,right,-9.228,-5.193,0.87,real
33.5,right,-13.617,-8.032,0.87,real
33.5,right,-18.389,-11.076,0.91,real
33.5,unknown,-17.346,-7.166,0.35,ghost
33.6,left,-3.974,2.965,0.82,real
33.6,left,-9.652,1.614,0.96,real
33.6,left,-15.564,-1.114,0.83,real
33.6,left,-21.101,-4.773,0.84,real
33.6,right,-4.083,-4.139,0.88,real
33.6,right,-8.6,-5.221,0.85,real
33.6,right,-13.447,-7.944,0.91,real
33.6,right,-18.136,-10.794,0.81,real
33.6,left,-2.507,6.145,0.31,ghost
33.7,left,-3.597,3.133,0.97,real
33.7,left,-9.369,1.808,0.96,real
33.7,left,-15.347,-0.604,0.9,real
33.7,left,-21.191,-4.221,0.93,real
33.7,right,-4.294,-3.638,0.93,real
33.7,right,-8.433,-5.108,0.93,real
33.7,right,-13.24,-7.459,0.81,real
33.7,right,-18.032,-10.274,0.85,real
33.8,left,-3.412,3.083,0.94,real
33.8,left,-9.114,1.809,0.87,real
33.8,left,-15.167,-0.599,0.91,real
33.8,left,-20.689,-3.97,0.86,real
33.8,right,-3.992,-3.863,0.79,real
33.8,right,-8.39,-4.9,0.94,real
33.8,right,-13.117,-7.359,0.8,real
33.8,right,-17.701,-10.882,0.89,real
33.9,left,-2.718,3.258,0.87,real
33.9,left,-9.178,2.032,0.93,real
33.9,left,-14.861,-0.505,0.82,real
33.9,left,-20.614,-3.627,0.75,real
33.9,right,-3.562,-3.82,0.9,real
33.9,right,-8.138,-5.517,0.85,real
33.9,right,-12.942,-7.255,0.82,real
33.9,right,-17.449,-10.387,0.87,real
34.0,left,-2.774,3.383,0.98,real
34.0,left,-8.792,2.253,0.99,real
34.0,left,-14.46,-0.203,0.81,real
34.0,left,-20.633,-3.601,0.93,real
34.0,right,-3.597,-3.705,0.99,real
34.0,right,-7.639,-4.62,0.82,real
34.0,right,-12.557,-6.595,0.88,real
34.0,right,-17.749,-9.898,0.85,real
34.1,left,-2.276,3.213,0.79,real
34.1,left,-7.924,2.373,0.93,real
34.1,left,-14.161,0.159,0.93,real
34.1,left,-20.32,-3.158,0.88,real
34.1,right,-3.134,-3.534,0.73,real
34.1,right,-7.539,-4.828,0.93,real
34.1,right,-12.38,-7.178,0.92,real
34.1,right,-17.083,-9.802,0.92,real
34.2,left,-1.742,3.278,0.79,real
34.2,left,-8.024,2.128,0.97,real
34.2,left,-13.971,0.147,0.85,real
34.2,left,-19.96,-3.433,0.89,real
34.2,right,-2.929,-3.56,0.89,real
34.2,right,-7.347,-4.892,0.84,real
34.2,right,-12.318,-6.643,0.9,real
34.2,right,-16.947,-9.684,0.76,real
34.3,left,-1.845,3.141,0.98,real
34.3,left,-7.322,2.496,0.95,real
34.3,left,-13.597,0.106,0.87,real
34.3,left,-19.867,-2.892,0.88,real
34.3,right,-2.51,-3.539,0.93,real
34.3,right,-7.129,-4.699,0.88,real
34.3,right,-12.126,-6.684,0.85,real
34.3,right,-17.107,-9.556,0.83,real
34.4,left,-1.223,3.771,0.67,real
34.4,left,-7.227,2.446,0.99,real
34.4,left,-13.27,0.434,0.85,real
34.4,left,-19.526,-2.654,0.87,real
34.4,right,-2.436,-3.559,0.82,real
34.4,right,-7.081,-4.558,0.95,real
34.4,right,-12.099,-6.183,0.84,real
34.4,right,-16.704,-9.199,0.84,real
34.5,left,-0.868,3.304,0.98,real
34.5,left,-6.688,2.521,0.74,real
34.5,left,-13.286,0.714,0.9,real
34.5,left,-19.191,-2.038,0.92,real
34.5,right,-2.409,-3.454,0.94,real
34.5,right,-6.891,-4.376,0.84,real
34.5,right,-11.622,-6.288,0.89,real
34.5,right,-16.457,-8.679,0.88,real
34.6,left,-0.414,3.57,0.99,real
34.6,left,-6.861,2.536,0.85,real
34.6,left,-12.452,0.901,0.79,real
34.6,left,-18.847,-2.112,0.91,real
34.6,right,-1.776,-3.263,0.9,real
34.6,right,-6.196,-4.322,0.91,real
34.6,right,-11.361,-6.151,0.92,real
34.6,right,-16.295,-8.581,0.89,real
34.7,left,-0.418,3.513,0.95,real
34.7,left,-5.94,2.644,0.94,real
34.7,left,-12.467,1.185,0.95,real
34.7,left,-18.48,-1.9,0.93,real
34.7,right,-1.562,-3.367,0.87,real
34.7,right,-6.176,-4.198,0.77,real
34.7,right,-11.157,-5.944,0.95,real
34.7,right,-16.383,-8.233,0.89,real
34.7,right,-21.247,-11.903,0.91,real
34.7,left,-4.703,-1.336,0.39,ghost
34.8,left,-5.959,2.706,0.95,real
34.8,left,-12.226,1.204,0.87,real
34.8,left,-18.083,-1.623,0.87,real
34.8,right,-1.35,-3.48,0.82,real
34.8,right,-5.826,-4.201,0.92,real
34.8,right,-10.828,-5.894,0.95,real
34.8,right,-15.972,-8.239,0.83,real
34.8,right,-20.894,-11.489,0.9,real
34.9,left,-5.925,2.769,0.92,real
34.9,left,-11.995,1.375,0.86,real
34.9,left,-18.023,-1.158,0.96,real
34.9,right,-1.28,-3.388,0.98,real
34.9,right,-5.89,-3.82,0.89,real
34.9,right,-10.596,-5.745,0.94,real
34.9,right,-15.887,-7.951,0.91,real
34.9,right,-21.001,-11.405,0.89,real
35.0,left,-5.009,2.936,0.91,real
35.0,left,-11.394,1.399,0.92,real
35.0,left,-17.633,-1.327,0.99,real
35.0,right,-0.776,-3.49,0.86,real
35.0,right,-5.479,-4.217,0.87,real
35.0,right,-10.578,-5.541,0.81,real
35.0,right,-16.089,-7.892,0.7,real
35.0,right,-20.537,-11.048,0.83,real
35.1,left,-4.93,3.114,0.82,real
35.1,left,-11.23,1.689,0.76,real
35.1,left,-17.395,-1.31,0.9,real
35.1,right,-0.144,-3.459,0.92,real
35.1,right,-5.265,-3.917,0.85,real
35.1,right,-9.945,-5.077,0.89,real
35.1,right,-15.526,-7.66,0.84,real
35.1,right,-20.403,-10.242,0.66,real
35.2,left,-4.47,3.4,0.86,real
35.2,left,-10.64,1.658,0.86,real
35.2,left,-17.342,-0.836,0.87,real
35.2,right,-0.169,-3.137,0.9,real
35.2,right,-5.588,-3.531,0.77,real
35.2,right,-9.481,-5.036,0.89,real
35.2,right,-15.199,-7.536,0.82,real
35.2,right,-20.547,-10.321,0.95,real
35.3,left,-3.997,3.073,0.93,real
35.3,left,-10.611,1.716,0.86,real
35.3,left,-16.849,-0.54,0.8,real
35.3,right,-5.206,-3.786,0.89,real
35.3,right,-9.565,-5.536,0.8,real
35.3,right,-15.161,-7.306,0.84,real
35.3,right,-20.252,-10.111,0.93,real
35.4,left,-3.574,3.114,0.84,real
35.4,left,-9.951,1.772,0.92,real
35.4,left,-16.135,-0.509,0.9,real
35.4,right,-4.436,-3.837,0.88,real
35.4,right,-9.574,-4.775,0.84,real
35.4,right,-14.687,-7.308,0.92,real
35.4,right,-19.626,-9.938,0.9,real
35.5,left,-3.784,3.351,0.94,real
35.5,left,-9.398,2.119,0.91,real
35.5,left,-16.245,-0.561,0.99,real
35.5,right,-4.013,-3.842,0.86,real
35.5,right,-9.283,-4.802,0.96,real
35.5,right,-14.56,-7.29,0.94,real
35.5,right,-19.874,-9.439,0.83,real
35.6,left,-3.121,3.043,0.99,real
35.6,left,-9.357,1.853,0.93,real
35.6,left,-15.98,0.459,0.89,real
35.6,right,-4.012,-3.981,0.9,real
35.6,right,-8.862,-4.897,0.9,real
35.6,right,-14.342,-6.827,0.91,real
35.6,right,-19.676,-9.495,0.84,real
35.7,left,-2.772,3.279,0.9,real
35.7,left,-9.187,2.376,0.94,real
35.7,left,-15.503,0.016,0.99,real
35.7,right,-3.392,-3.664,0.92,real
35.7,right,-8.262,-4.367,0.94,real
35.7,right,-13.707,-6.535,0.74,real
35.7,right,-19.184,-9.508,0.99,real
35.8,left,-2.518,3.122,0.93,real
35.8,left,-8.428,2.225,0.78,real
35.8,left,-15.596,0.29,0.96,real
35.8,left,-21.642,-2.581,0.99,real
35.8,right,-3.268,-3.475,0.84,real
35.8,right,-7.922,-4.97,0.83,real
35.8,right,-13.592,-6.332,0.86,real
35.8,right,-19.086,-9.199,0.83,real
35.9,left,-2.032,3.596,0.89,real
35.9,left,-8.462,2.354,0.98,real
35.9,left,-15.054,0.539,0.84,real
35.9,left,-21.549,-2.355,0.99,real
35.9,right,-3.2,-3.714,0.95,real
35.9,right,-8.177,-4.344,0.99,real
35.9,right,-13.078,-6.591,0.8,real
35.9,right,-19.24,-8.824,0.9,real
36.0,left,-1.735,3.211,0.86,real
36.0,left,-8.248,2.65,0.79,real
36.0,left,-14.431,1.057,0.91,real
36.0,left,-21.09,-2.531,0.95,real
36.0,right,-2.793,-3.55,0.91,real
36.0,right,-7.869,-4.457,0.78,real
36.0,right,-13.012,-6.156,0.75,real
36.0,right,-18.654,-8.613,0.76,real
36.1,left,-1.31,3.616,0.98,real
36.1,left,-7.87,2.467,0.86,real
36.1,left,-14.278,1.001,0.96,real
36.1,left,-20.691,-2.05,0.81,real
36.1,right,-2.769,-3.387,0.82,real
36.1,right,-7.619,-4.289,0.83,real
36.1,right,-13.321,-5.858,0.88,real
36.1,right,-18.415,-8.625,0.87,real
36.1,unknown,-5.352,5.452,0.5,ghost
36.2,left,-0.777,3.498,0.99,real
36.2,left,-7.137,2.681,0.99,real
36.2,left,-13.978,0.716,0.94,real
36.2,left,-20.241,-1.706,0.86,real
36.2,right,-1.863,-3.105,0.95,real
36.2,right,-7.691,-4.101,0.87,real
36.2,right,-12.998,-6.136,0.78,real
36.2,right,-18.186,-8.463,0.75,real
36.3,left,-0.528,3.182,0.92,real
36.3,left,-6.884,2.621,0.92,real
36.3,left,-13.381,1.279,0.99,real
36.3,left,-20.264,-1.637,0.87,real
36.3,right,-1.677,-3.657,0.93,real
36.3,right,-7.206,-4.102,0.83,real
36.3,right,-12.494,-6.196,0.85,real
36.3,right,-18.165,-8.207,0.99,real
36.4,left,-0.21,3.676,0.85,real
36.4,left,-6.978,3.031,0.81,real
36.4,left,-13.13,1.285,0.79,real
36.4,left,-19.962,-1.477,0.92,real
36.4,right,-1.664,-3.39,0.81,real
36.4,right,-6.781,-4.238,0.82,real
36.4,right,-12.161,-5.685,0.99,real
36.4,right,-17.91,-8.254,0.93,real
36.5,left,-6.047,2.556,0.9,real
36.5,left,-12.753,1.267,0.88,real
36.5,left,-19.357,-1.056,0.99,real
36.5,right,-1.401,-3.631,0.88,real
36.5,right,-6.315,-3.926,0.94,real
36.5,right,-12.174,-5.663,0.86,real
36.5,right,-17.495,-7.834,0.84,real
36.6,left,-5.828,2.886,0.91,real
36.6,left,-12.45,1.399,0.86,real
36.6,left,-18.835,-0.934,0.96,real
36.6,right,-1.166,-3.363,0.82,real
36.6,right,-6.146,-4.003,0.8,real
36.6,right,-11.467,-5.421,0.9,real
36.6,right,-17.307,-7.503,0.75,real
36.7,left,-5.284,2.89,0.89,real
36.7,left,-12.003,1.515,0.71,real
36.7,left,-18.56,-0.79,0.78,real
36.7,right,-0.843,-3.504,0.79,real
36.7,right,-5.75,-3.829,0.82,real
36.7,right,-11.296,-5.274,0.86,real
36.7,right,-16.968,-7.515,0.79,real
36.8,left,-5.085,2.972,0.79,real
36.8,left,-11.968,1.794,0.92,real
36.8,left,-18.622,-0.432,0.99,real
36.8,right,-0.359,-3.452,0.84,real
36.8,right,-5.456,-3.906,0.84,real
36.8,right,-11.072,-5.229,0.84,real
36.8,right,-16.859,-7.412,0.74,real
36.9,left,-4.548,2.98,0.85,real
36.9,left,-11.433,1.917,0.97,real
36.9,left,-18.532,-0.149,0.99,real
36.9,right,-0.27,-3.128,0.94,real
36.9,right,-5.236,-3.979,0.92,real
36.9,right,-11.103,-4.547,0.88,real
36.9,right,-16.334,-7.183,0.91,real
36.9,right,-22.132,-9.727,0.94,real
37.0,left,-4.14,3.465,0.99,real
37.0,left,-11.057,2.06,0.99,real
37.0,left,-17.616,-0.428,0.9,real
37.0,right,-4.973,-3.742,0.86,real
37.0,right,-10.774,-5.172,0.87,real
37.0,right,-16.003,-6.981,0.81,real
37.0,right,-21.601,-9.631,0.83,real
37.1,left,-3.87,3.563,0.92,real
37.1,left,-10.815,2.112,0.81,real
37.1,left,-17.767,-0.089,0.88,real
37.1,right,-4.778,-3.742,0.83,real
37.1,right,-10.459,-4.787,0.9,real
37.1,right,-16.011,-7.182,0.78,real
37.1,right,-21.785,-9.892,0.87,real
37.2,left,-3.592,2.949,0.99,real
37.2,left,-10.641,2.052,0.91,real
37.2,left,-16.995,0.35,0.87,real
37.2,right,-4.495,-3.822,0.94,real
37.2,right,-10.167,-5.045,0.88,real
37.2,right,-15.217,-6.849,0.86,real
37.2,right,-21.16,-9.295,0.79,real
37.3,left,-3.194,3.14,0.87,real
37.3,left,-9.979,2.421,0.87,real
37.3,left,-17.048,0.1,0.92,real
37.3,right,-4.26,-3.462,0.88,real
37.3,right,-9.495,-5.12,0.97,real
37.3,right,-15.338,-6.529,0.91,real
37.3,right,-21.315,-9.093,0.91,real
37.4,left,-2.67,3.445,0.95,real
37.4,left,-9.388,2.462,0.95,real
37.4,left,-16.668,0.284,0.92,real
37.4,right,-3.699,-3.294,0.99,real
37.4,right,-9.46,-4.446,0.89,real
37.4,right,-14.912,-6.355,0.92,real
37.4,right,-20.601,-9.203,0.86,real
37.5,left,-2.394,3.356,0.83,real
37.5,left,-9.344,2.548,0.98,real
37.5,left,-16.241,0.75,0.9,real
37.5,right,-3.517,-3.546,0.84,real
37.5,right,-9.051,-4.305,0.88,real
37.5,right,-14.873,-6.28,0.96,real
37.5,right,-20.613,-8.646,0.81,real
37.6,left,-1.896,3.234,0.8,real
37.6,left,-8.841,2.81,0.92,real
37.6,left,-15.561,1.126,0.88,real
37.6,right,-3.191,-3.687,0.89,real
37.6,right,-8.776,-4.469,0.89,real
37.6,right,-14.692,-6.058,0.81,real
37.6,right,-20.429,-8.651,0.92,real
37.7,left,-1.614,3.354,0.82,real
37.7,left,-8.446,2.407,0.88,real
37.7,left,-15.398,1.189,0.88,real
37.7,right,-2.662,-3.544,0.92,real
37.7,right,-8.316,-4.33,0.9,real
37.7,right,-14.297,-6.32,0.89,real
37.7,right,-19.942,-8.131,0.89,real
37.8,left,-1.32,3.333,0.82,real
37.8,left,-7.808,3.114,0.78,real
37.8,left,-14.934,1.154,0.88,real
37.8,right,-2.579,-3.595,0.8,real
37.8,right,-8.417,-4.26,0.84,real
37.8,right,-13.833,-5.883,0.9,real
37.8,right,-19.543,-8.385,0.77,real
37.9,left,-1.027,3.425,0.96,real
37.9,left,-7.726,2.769,0.81,real
37.9,left,-14.976,0.946,0.8,real
37.9,left,-21.982,-1.044,0.85,real
37.9,right,-2.12,-3.362,0.78,real
37.9,right,-8.255,-4.274,0.94,real
37.9,right,-13.34,-5.842,0.94,real
37.9,right,-19.37,-8.227,0.95,real
38.0,left,-0.525,3.267,0.99,real
38.0,left,-7.063,3.217,0.96,real
38.0,left,-14.193,1.16,0.83,real
38.0,left,-21.608,-1.096,0.87,real
38.0,right,-2.115,-3.594,0.83,real
38.0,right,-6.942,-4.426,0.87,real
38.0,right,-13.291,-5.425,0.87,real
38.0,right,-18.928,-7.633,0.7,real
38.1,left,-0.297,3.539,0.99,real
38.1,left,-6.706,2.922,0.84,real
38.1,left,-14.033,1.199,0.86,real
38.1,left,-20.969,-0.831,0.85,real
38.1,right,-1.831,-3.494,0.88,real
38.1,right,-7.07,-4.311,0.94,real
38.1,right,-12.984,-5.231,0.92,real
38.1,right,-18.922,-7.588,0.85,real
38.2,left,-6.713,3.14,0.78,real
38.2,left,-13.682,1.505,0.85,real
38.2,left,-21.287,-0.856,0.97,real
38.2,right,-1.299,-3.492,0.82,real
38.2,right,-6.825,-4.11,0.79,real
38.2,right,-12.207,-5.577,0.92,real
38.2,right,-18.573,-7.372,0.94,real
38.3,left,-6.138,3.184,0.79,real
38.3,left,-13.135,1.657,0.92,real
38.3,left,-20.197,-0.545,0.96,real
38.3,right,-0.977,-3.265,0.82,real
38.3,right,-6.209,-4.213,0.84,real
38.3,right,-12.346,-5.102,0.9,real
38.3,right,-18.457,-7.147,0.81,real
38.4,left,-5.855,3.129,0.89,real
38.4,left,-12.464,1.965,0.78,real
38.4,left,-20.126,-0.306,0.84,real
38.4,right,-0.535,-3.631,0.94,real
38.4,right,-6.304,-3.762,0.86,real
38.4,right,-11.997,-4.962,0.87,real
38.4,right,-17.907,-7.232,0.75,real
38.5,left,-5.483,3.121,0.93,real
38.5,left,-12.277,1.952,0.91,real
38.5,left,-19.569,-0.448,0.87,real
38.5,right,-0.246,-3.396,0.78,real
38.5,right,-5.808,-3.788,0.89,real
38.5,right,-11.768,-5.026,0.8,real
38.5,right,-17.637,-7.215,0.92,real
38.6,left,-4.912,3.166,0.88,real
38.6,left,-11.85,1.991,0.88,real
38.6,left,-19.258,-0.009,0.86,real
38.6,right,-5.579,-3.869,0.75,real
38.6,right,-11.404,-4.883,0.89,real
38.6,right,-17.418,-6.926,0.99,real
38.7,left,-4.603,3.548,0.84,real
38.7,left,-11.589,2.442,0.82,real
38.7,left,-18.761,0.156,0.85,real
38.7,right,-5.254,-3.514,0.93,real
38.7,right,-11.283,-4.649,0.86,real
38.7,right,-16.91,-6.912,0.96,real
38.8,left,-4.19,3.481,0.95,real
38.8,left,-11.497,2.1,0.87,real
38.8,left,-18.539,0.463,0.9,real
38.8,right,-4.959,-3.722,0.79,real
38.8,right,-10.394,-4.714,0.87,real
38.8,right,-17.049,-6.256,0.77,real
38.9,left,-3.903,3.131,0.87,real
38.9,left,-11.094,2.477,0.82,real
38.9,left,-18.376,0.443,0.9,real
38.9,right,-4.374,-3.534,0.87,real
38.9,right,-10.204,-4.596,0.76,real
38.9,right,-16.293,-6.673,0.86,real
39.0,left,-3.617,3.437,0.83,real
39.0,left,-10.311,2.353,0.74,real
39.0,left,-17.582,0.507,0.8,real
39.0,right,-4.236,-3.753,0.94,real
39.0,right,-9.985,-4.444,0.83,real
39.0,right,-16.367,-6.336,0.9,real
39.0,right,-22.003,-8.89,0.98,real
39.1,left,-3.078,3.863,0.92,real
39.1,left,-9.906,2.453,0.99,real
39.1,left,-17.568,0.35,0.88,real
39.1,right,-3.596,-3.832,0.92,real
39.1,right,-9.958,-4.728,0.99,real
39.1,right,-15.842,-5.836,0.8,real
39.1,right,-21.772,-8.307,0.86,real
39.2,left,-2.478,3.487,0.86,real
39.2,left,-9.78,2.374,0.87,real
39.2,left,-17.131,0.655,0.99,real
39.2,right,-3.481,-3.465,0.79,real
39.2,right,-9.233,-4.361,0.84,real
39.2,right,-15.522,-5.625,0.83,real
39.2,right,-21.468,-8.138,0.87,real
39.3,left,-2.191,3.792,0.83,real
39.3,left,-9.222,2.529,0.8,real
39.3,left,-16.465,0.938,0.81,real
39.3,right,-2.936,-3.592,0.9,real
39.3,right,-8.861,-4.422,0.91,real
39.3,right,-15.086,-5.886,0.82,real
39.3,right,-21.112,-8.12,0.83,real
39.4,left,-1.74,3.037,0.82,real
39.4,left,-8.985,2.439,0.99,real
39.4,left,-16.396,1.028,0.87,real
39.4,right,-2.43,-3.364,0.95,real
39.4,right,-8.588,-4.224,0.89,real
39.4,right,-14.696,-5.653,0.73,real
39.4,right,-20.776,-7.86,0.9,real
39.5,left,-1.419,3.267,0.88,real
39.5,left,-8.489,3.07,0.85,real
39.5,left,-16.093,1.349,0.92,real
39.5,right,-2.302,-3.897,0.96,real
39.5,right,-8.563,-4.047,0.88,real
39.5,right,-14.343,-6.056,0.86,real
39.5,right,-20.185,-7.556,0.96,real
39.6,left,-1.134,3.446,0.9,real
39.6,left,-8.394,2.809,0.84,real
39.6,left,-15.312,1.467,0.99,real
39.6,right,-2.078,-3.48,0.99,real
39.6,right,-8.091,-4.225,0.8,real
39.6,right,-14.23,-5.296,0.87,real
39.6,right,-19.84,-7.828,0.92,real
39.7,left,-0.443,3.364,0.93,real
39.7,left,-7.928,2.511,0.76,real
39.7,left,-14.995,1.385,0.86,real
39.7,right,-1.712,-3.499,0.97,real
39.7,right,-7.679,-4.375,0.97,real
39.7,right,-13.511,-4.893,0.79,real
39.7,right,-20.031,-7.408,0.89,real
39.8,left,-0.139,3.426,0.9,real
39.8,left,-7.221,2.766,0.88,real
39.8,left,-14.83,1.75,0.83,real
39.8,left,-21.95,-0.73,0.88,real
39.8,right,-1.558,-3.167,0.88,real
39.8,right,-7.037,-4.333,0.9,real
39.8,right,-13.656,-5.581,0.84,real
39.8,right,-19.351,-7.48,0.83,real
39.9,left,-6.944,3.095,0.88,real
39.9,left,-14.512,1.867,0.84,real
39.9,left,-21.418,-0.539,0.92,real
39.9,right,-1.105,-3.431,0.88,real
39.9,right,-6.809,-3.735,0.97,real
39.9,right,-13.346,-5.573,0.85,real
39.9,right,-18.845,-6.992,0.89,real
40.0,left,-6.701,3.057,0.78,real
40.0,left,-14.109,1.685,0.91,real
40.0,left,-20.975,-0.212,0.92,real
40.0,right,-0.483,-3.562,0.89,real
40.0,right,-6.655,-4.088,0.94,real
40.0,right,-12.738,-4.926,0.86,real
40.0,right,-19.005,-6.97,0.99,real
40.1,left,-5.896,3.047,0.79,real
40.1,left,-13.492,2.081,0.92,real
40.1,left,-20.585,0.077,0.93,real
40.1,right,-0.252,-3.38,0.93,real
40.1,right,-6.335,-3.815,0.78,real
40.1,right,-12.609,-4.661,0.79,real
40.1,right,-18.481,-6.589,0.84,real
40.2,left,-5.519,2.98,0.91,real
40.2,left,-13.038,1.697,0.89,real
40.2,left,-20.439,-0.004,0.88,real
40.2,right,-6.089,-3.723,0.94,real
40.2,right,-11.864,-4.784,0.81,real
40.2,right,-17.827,-6.738,0.79,real
40.3,left,-5.18,3.29,0.88,real
40.3,left,-12.79,2.304,0.9,real
40.3,left,-19.52,0.028,0.75,real
40.3,right,-5.547,-3.787,0.9,real
40.3,right,-11.774,-4.753,0.83,real
40.3,right,-17.653,-6.615,0.9,real
40.4,left,-4.851,2.904,0.95,real
40.4,left,-12.453,2.059,0.96,real
40.4,left,-19.67,0.248,0.98,real
40.4,right,-5.208,-3.886,0.81,real
40.4,right,-11.562,-4.795,0.98,real
40.4,right,-17.518,-6.37,0.93,real
40.5,left,-4.599,3.429,0.86,real
40.5,left,-11.624,2.343,0.9,real
40.5,left,-18.99,0.347,0.89,real
40.5,right,-4.939,-3.465,0.97,real
40.5,right,-10.707,-4.767,0.91,real
40.5,right,-16.998,-6.102,0.99,real
40.6,left,-3.858,3.187,0.69,real
40.6,left,-11.542,2.464,0.85,real
40.6,left,-19.196,0.448,0.89,real
40.6,right,-4.393,-3.409,0.8,real
40.6,right,-10.259,-4.536,0.79,real
40.6,right,-16.71,-6.053,0.92,real
40.7,left,-3.943,3.299,0.7,real
40.7,left,-11.47,2.407,0.89,real
40.7,left,-18.516,0.751,0.79,real
40.7,right,-4.043,-3.452,0.86,real
40.7,right,-10.175,-4.133,0.86,real
40.7,right,-16.364,-5.784,0.89,real
40.8,left,-3.198,3.044,0.87,real
40.8,left,-10.759,2.538,0.99,real
40.8,left,-17.87,0.684,0.88,real
40.8,right,-3.591,-3.619,0.99,real
40.8,right,-9.975,-4.289,0.83,real
40.8,right,-16.194,-6.106,0.83,real
40.9,left,-2.641,3.347,0.76,real
40.9,left,-10.072,2.47,0.94,real
40.9,left,-17.626,1.147,0.85,real
40.9,right,-3.261,-3.567,0.94,real
40.9,right,-9.458,-4.403,0.7,real
40.9,right,-15.915,-5.538,0.83,real
40.9,right,-21.728,-7.44,0.89,real
41.0,left,-2.375,3.444,0.97,real
41.0,left,-10.067,2.827,0.89,real
41.0,left,-17.225,1.343,0.92,real
41.0,right,-3.036,-3.548,0.99,real
41.0,right,-8.822,-4.406,0.84,real
41.0,right,-15.127,-5.783,0.87,real
41.0,right,-21.245,-7.973,0.79,real
41.1,left,-1.546,3.827,0.99,real
41.1,left,-9.463,2.891,0.94,real
41.1,left,-16.62,1.109,0.91,real
41.1,right,-2.44,-3.438,0.89,real
41.1,right,-8.879,-4.483,0.99,real
41.1,right,-14.746,-5.872,0.95,real
41.1,right,-20.847,-7.416,0.84,real
41.2,left,-1.409,3.693,0.87,real
41.2,left,-9.038,2.864,0.86,real
41.2,left,-16.535,1.689,0.82,real
41.2,right,-1.891,-3.35,0.82,real
41.2,right,-8.456,-4.093,0.92,real
41.2,right,-14.804,-5.693,0.86,real
41.2,right,-20.107,-7.415,0.96,real
41.3,left,-1.065,3.518,0.87,real
41.3,left,-8.629,2.928,0.95,real
41.3,left,-16.079,1.55,0.99,real
41.3,right,-1.554,-3.511,0.72,real
41.3,right,-7.966,-3.996,0.92,real
41.3,right,-14.569,-5.332,0.86,real
41.3,right,-20.672,-6.952,0.76,real
41.3,left,-4.68,-7.588,0.33,ghost
41.4,left,-0.621,3.29,0.86,real
41.4,left,-8.032,2.927,0.73,real
41.4,left,-15.671,1.65,0.73,real
41.4,right,-1.72,-3.749,0.85,real
41.4,right,-7.647,-4.12,0.92,real
41.4,right,-13.644,-4.818,0.92,real
41.4,right,-19.668,-7.082,0.91,real
41.5,left,-0.174,3.303,0.87,real
41.5,left,-7.429,2.77,0.93,real
41.5,left,-15.182,1.705,0.97,real
41.5,right,-1.234,-3.366,0.87,real
41.5,right,-6.95,-3.85,0.76,real
41.5,right,-13.197,-5.039,0.84,real
41.5,right,-19.284,-6.741,0.89,real
41.6,left,-7.389,3.183,0.88,real
41.6,left,-14.633,1.778,0.86,real
41.6,left,-21.93,-0.065,0.87,real
41.6,right,-0.733,-3.663,0.78,real
41.6,right,-6.91,-3.91,0.86,real
41.6,right,-13.049,-4.809,0.85,real
41.6,right,-19.146,-6.663,0.95,real
41.7,left,-7.095,3.357,0.95,real
41.7,left,-14.123,2.135,0.89,real
41.7,left,-21.402,-0.069,0.87,real
41.7,right,-0.432,-3.845,0.85,real
41.7,right,-6.536,-3.688,0.83,real
41.7,right,-12.819,-4.847,0.9,real
41.7,right,-19.141,-6.586,0.84,real
41.8,left,-6.569,2.91,0.79,real
41.8,left,-14.054,2.165,0.87,real
41.8,left,-21.143,-0.034,0.93,real
41.8,right,-6.252,-3.682,0.82,real
41.8,right,-12.344,-4.775,0.82,real
41.8,right,-18.597,-6.35,0.88,real
41.9,left,-6.053,3.158,0.98,real
41.9,left,-13.662,2.021,0.91,real
41.9,left,-21.139,0.403,0.85,real
41.9,right,-6.128,-4.091,0.85,real
41.9,right,-11.973,-4.346,0.84,real
41.9,right,-18.343,-6.421,0.89,real
42.0,left,-5.405,3.242,0.85,real
42.0,left,-13.171,2.132,0.68,real
42.0,left,-20.255,0.146,0.82,real
42.0,right,-5.354,-3.604,0.92,real
42.0,right,-11.808,-4.495,0.93,real
42.0,right,-17.807,-6.302,0.95,real
42.1,left,-4.886,3.604,0.88,real
42.1,left,-12.773,2.22,0.98,real
42.1,left,-20.0,0.399,0.86,real
42.1,right,-5.003,-3.384,0.83,real
42.1,right,-11.412,-4.764,0.75,real
42.1,right,-17.489,-6.096,0.77,real
42.2,left,-4.696,3.025,0.89,real
42.2,left,-11.818,2.449,0.96,real
42.2,left,-19.686,0.781,0.96,real
42.2,right,-4.821,-3.437,0.78,real
42.2,right,-11.044,-4.47,0.95,real
42.2,right,-17.462,-6.31,0.82,real
42.3,left,-4.192,3.318,0.95,real
42.3,left,-11.756,2.282,0.86,real
42.3,left,-18.933,1.071,0.99,real
42.3,right,-4.175,-3.212,0.89,real
42.3,right,-10.248,-4.235,0.91,real
42.3,right,-17.015,-5.963,0.8,real
42.4,left,-3.908,3.415,0.92,real
42.4,left,-11.305,2.561,0.84,real
42.4,left,-18.678,0.555,0.85,real
42.4,right,-4.012,-3.714,0.92,real
42.4,right,-9.967,-4.552,0.78,real
42.4,right,-16.536,-5.877,0.78,real
42.5,left,-3.563,3.135,0.9,real
42.5,left,-10.633,2.794,0.87,real
42.5,left,-18.431,1.1,0.85,real
42.5,right,-3.012,-3.598,0.89,real
42.5,right,-9.973,-4.094,0.89,real
42.5,right,-15.951,-5.399,0.94,real
42.5,right,-21.781,-7.746,0.9,real
42.5,left,-9.681,-6.056,0.38,ghost
42.6,left,-3.024,3.433,0.84,real
42.6,left,-10.551,2.587,0.8,real
42.6,left,-17.889,1.257,0.83,real
42.6,right,-3.171,-3.437,0.9,real
42.6,right,-9.63,-4.129,0.78,real
42.6,right,-15.563,-5.403,0.95,real
42.6,right,-21.651,-7.685,0.91,real
42.7,left,-2.777,3.579,0.87,real
42.7,left,-9.661,2.627,0.98,real
42.7,left,-17.345,1.093,0.85,real
42.7,right,-2.36,-3.504,0.95,real
42.7,right,-9.021,-4.233,0.9,real
42.7,right,-15.378,-5.456,0.92,real
42.7,right,-21.408,-7.213,0.87,real
42.7,right,-10.501,-5.497,0.44,ghost
42.8,left,-2.227,3.57,0.93,real
42.8,left,-9.651,2.876,0.99,real
42.8,left,-16.792,1.137,0.8,real
42.8,right,-2.535,-3.75,0.84,real
42.8,right,-8.549,-4.04,0.85,real
42.8,right,-14.803,-5.401,0.92,real
42.8,right,-20.703,-7.192,0.78,real
42.9,left,-1.632,3.785,0.82,real
42.9,left,-8.838,3.143,0.87,real
42.9,left,-16.383,1.277,0.85,real
42.9,right,-2.049,-3.526,0.91,real
42.9,right,-8.646,-4.002,0.85,real
42.9,right,-14.469,-5.279,0.99,real
42.9,right,-20.649,-7.302,0.98,real
43.0,left,-1.081,3.454,0.88,real
43.0,left,-8.644,3.159,0.96,real
43.0,left,-16.162,1.654,0.91,real
43.0,right,-1.396,-3.729,0.93,real
43.0,right,-7.879,-4.129,0.84,real
43.0,right,-13.987,-5.302,0.94,real
43.0,right,-19.801,-7.052,0.88,real
43.1,left,-0.886,3.553,0.84,real
43.1,left,-8.58,3.237,0.89,real
43.1,left,-15.62,1.821,0.92,real
43.1,right,-1.428,-3.22,0.9,real
43.1,right,-7.631,-4.511,0.79,real
43.1,right,-13.773,-5.249,0.91,real
43.1,right,-19.917,-6.632,0.99,real
43.2,left,-0.328,3.493,0.87,real
43.2,left,-8.166,3.142,0.83,real
43.2,left,-15.64,1.711,0.88,real
43.2,right,-0.81,-3.457,0.87,real
43.2,right,-7.04,-3.724,0.82,real
43.2,right,-13.211,-5.136,0.98,real
43.2,right,-19.188,-6.508,0.93,real
43.3,left,-7.579,3.143,0.77,real
43.3,left,-15.088,1.49,0.99,real
43.3,right,-0.527,-3.636,0.93,real
43.3,right,-6.654,-3.725,0.92,real
43.3,right,-12.841,-5.068,0.8,real
43.3,right,-18.94,-6.4,0.81,real
43.4,left,-6.698,2.871,0.99,real
43.4,left,-14.475,2.072,0.98,real
43.4,left,-21.677,0.085,0.93,real
43.4,right,-6.412,-3.878,0.88,real
43.4,right,-12.47,-4.814,0.92,real
43.4,right,-18.818,-6.504,0.85,real
43.5,left,-6.431,2.939,0.74,real
43.5,left,-13.99,1.784,0.94,real
43.5,left,-21.374,-0.043,0.85,real
43.5,right,-5.983,-3.76,0.92,real
43.5,right,-12.131,-4.878,0.91,real
43.5,right,-18.183,-6.288,0.88,real
43.6,left,-6.188,3.572,0.92,real
43.6,left,-13.792,2.144,0.81,real
43.6,left,-20.431,-0.061,0.79,real
43.6,right,-5.51,-3.6,0.84,real
43.6,right,-11.905,-4.621,0.97,real
43.6,right,-17.54,-6.37,0.87,real
43.7,left,-5.846,3.266,0.96,real
43.7,left,-13.358,2.086,0.8,real
43.7,left,-20.638,0.608,0.86,real
43.7,right,-5.088,-3.618,0.97,real
43.7,right,-11.343,-4.717,0.96,real
43.7,right,-17.65,-6.07,0.82,real
43.8,left,-5.072,3.55,0.99,real
43.8,left,-12.504,2.359,0.87,real
43.8,left,-20.2,0.375,0.93,real
43.8,right,-4.71,-4.093,0.78,real
43.8,right,-11.003,-4.313,0.89,real
43.8,right,-16.978,-6.171,0.8,real
43.9,left,-4.525,3.19,0.92,real
43.9,left,-12.439,2.409,0.82,real
43.9,left,-19.59,0.442,0.85,real
43.9,right,-4.278,-3.741,0.77,real
43.9,right,-10.556,-4.209,0.92,real
43.9,right,-16.472,-5.698,0.87,real
44.0,left,-4.208,3.396,0.79,real
44.0,left,-11.739,2.408,0.99,real
44.0,left,-19.247,0.623,0.99,real
44.0,right,-4.029,-3.592,0.83,real
44.0,right,-10.319,-4.158,0.84,real
44.0,right,-16.38,-5.836,0.85,real
44.0,right,-22.204,-7.629,0.8,real
44.1,left,-3.881,3.424,0.82,real
44.1,left,-11.215,2.431,0.89,real
44.1,left,-18.748,0.885,0.84,real
44.1,right,-3.707,-3.349,0.91,real
44.1,right,-9.899,-4.411,0.86,real
44.1,right,-16.051,-5.757,0.82,real
44.1,right,-21.589,-7.454,0.77,real
44.1,unknown,-15.451,-6.401,0.46,ghost
44.2,left,-3.424,3.533,0.73,real
44.2,left,-10.885,2.875,0.85,real
44.2,left,-18.004,0.833,0.9,real
44.2,right,-3.172,-3.487,0.9,real
44.2,right,-9.095,-4.366,0.78,real
44.2,right,-15.402,-5.615,0.95,real
44.2,right,-21.328,-7.401,0.79,real
44.3,left,-2.851,3.623,0.84,real
44.3,left,-10.736,2.54,0.79,real
44.3,left,-17.878,1.429,0.86,real
44.3,right,-2.691,-3.611,0.92,real
44.3,right,-8.935,-4.246,0.84,real
44.3,right,-15.024,-5.393,0.95,real
44.3,right,-20.889,-7.234,0.95,real
44.4,left,-2.601,3.589,0.76,real
44.4,left,-10.107,2.702,0.87,real
44.4,left,-17.371,0.935,0.78,real
44.4,right,-2.531,-3.559,0.82,real
44.4,right,-8.614,-3.923,0.9,real
44.4,right,-14.974,-5.288,0.89,real
44.4,right,-20.345,-7.128,0.98,real
44.5,left,-2.272,3.65,0.82,real
44.5,left,-9.89,2.897,0.95,real
44.5,left,-16.813,1.022,0.97,real
44.5,right,-1.952,-3.332,0.95,real
44.5,right,-8.398,-4.199,0.97,real
44.5,right,-14.317,-5.344,0.99,real
44.5,right,-20.097,-6.812,0.93,real
44.6,left,-1.811,3.649,0.88,real
44.6,left,-9.517,3.022,0.88,real
44.6,left,-16.758,1.464,0.99,real
44.6,right,-1.474,-3.491,0.87,real
44.6,right,-7.937,-3.898,0.97,real
44.6,right,-13.89,-5.048,0.99,real
44.6,right,-19.819,-6.878,0.91,real
44.7,left,-1.288,3.739,0.83,real
44.7,left,-8.93,2.635,0.86,real
44.7,left,-16.179,1.14,0.94,real
44.7,right,-0.936,-3.314,0.87,real
44.7,right,-7.672,-4.043,0.99,real
44.7,right,-14.037,-4.812,0.77,real
44.7,right,-19.006,-7.09,0.99,real
44.8,left,-1.079,3.528,0.89,real
44.8,left,-8.563,3.005,0.8,real
44.8,left,-15.432,1.481,0.82,real
44.8,right,-0.879,-3.584,0.88,real
44.8,right,-7.278,-3.563,0.87,real
44.8,right,-13.27,-5.288,0.82,real
44.8,right,-19.147,-6.637,0.81,real
44.9,left,-0.467,3.641,0.83,real
44.9,left,-7.777,2.787,0.82,real
44.9,left,-15.282,1.5,0.95,real
44.9,right,-0.418,-3.599,0.92,real
44.9,right,-6.333,-3.583,0.86,real
44.9,right,-12.987,-5.038,0.89,real
44.9,right,-18.763,-6.558,0.85,real
45.0,left,0.328,3.606,0.83,real
45.0,left,-7.236,2.801,0.94,real
45.0,left,-14.891,1.892,0.94,real
45.0,left,-21.462,-0.388,0.91,real
45.0,right,-0.27,-3.436,0.83,real
45.0,right,-6.683,-3.898,0.98,real
45.0,right,-12.433,-4.643,0.86,real
45.0,right,-18.387,-6.883,0.84,real
45.1,left,-7.224,3.135,0.86,real
45.1,left,-14.37,1.954,0.84,real
45.1,left,-21.486,-0.216,0.88,real
45.1,right,-6.17,-3.749,0.83,real
45.1,right,-12.104,-4.801,0.86,real
45.1,right,-17.599,-6.043,0.92,real
45.2,left,-6.748,3.262,0.86,real
45.2,left,-14.184,1.708,0.87,real
45.2,left,-20.733,0.213,0.94,real
45.2,right,-5.338,-3.869,0.85,real
45.2,right,-11.863,-4.933,0.97,real
45.2,right,-17.79,-6.071,0.84,real
45.3,left,-6.439,3.069,0.82,real
45.3,left,-13.256,1.985,0.73,real
45.3,left,-20.623,0.032,0.93,real
45.3,right,-4.997,-3.681,0.84,real
45.3,right,-11.344,-4.711,0.84,real
45.3,right,-16.837,-5.633,0.8,real
45.4,left,-5.933,3.081,0.95,real
45.4,left,-13.395,2.15,0.86,real
45.4,left,-19.644,0.292,0.93,real
45.4,right,-4.577,-3.596,0.94,real
45.4,right,-11.024,-4.474,0.73,real
45.4,right,-16.607,-5.734,0.97,real
45.5,left,-5.091,3.528,0.98,real
45.5,left,-12.91,1.855,0.93,real
45.5,left,-19.58,0.462,0.99,real
45.5,right,-4.42,-3.845,0.88,real
45.5,right,-10.786,-4.741,0.87,real
45.5,right,-16.565,-5.777,0.95,real
45.5,right,-21.793,-7.594,0.99,real
45.6,left,-4.468,3.204,0.9,real
45.6,left,-12.287,2.475,0.75,real
45.6,left,-19.592,0.497,0.95,real
45.6,right,-4.052,-3.606,0.99,real
45.6,right,-10.377,-4.567,0.83,real
45.6,right,-15.797,-5.911,0.89,real
45.6,right,-21.245,-7.503,0.78,real
45.7,left,-4.675,3.53,0.96,real
45.7,left,-11.591,2.413,0.85,real
45.7,left,-18.852,0.527,0.92,real
45.7,right,-3.714,-3.331,0.91,real
45.7,right,-9.832,-4.147,0.91,real
45.7,right,-15.868,-5.437,0.89,real
45.7,right,-20.978,-7.468,0.86,real
45.8,left,-3.901,3.364,0.88,real
45.8,left,-11.567,2.768,0.92,real
45.8,left,-18.317,0.956,0.78,real
45.8,right,-3.012,-3.666,0.93,real
45.8,right,-9.403,-4.394,0.84,real
45.8,right,-15.326,-5.602,0.87,real
45.8,right,-20.393,-7.224,0.83,real
45.9,left,-3.651,3.43,0.84,real
45.9,left,-10.936,2.373,0.87,real
45.9,left,-17.934,0.818,0.94,real
45.9,right,-2.668,-3.487,0.86,real
45.9,right,-8.688,-4.347,0.88,real
45.9,right,-14.749,-5.329,0.86,real
45.9,right,-20.247,-7.337,0.83,real
46.0,left,-3.293,3.573,0.92,real
46.0,left,-10.74,2.442,0.99,real
46.0,left,-17.977,0.932,0.85,real
46.0,right,-2.524,-3.564,0.94,real
46.0,right,-8.646,-3.793,0.84,real
46.0,right,-14.311,-4.923,0.92,real
46.0,right,-20.076,-6.92,0.95,real
46.1,left,-2.456,3.421,0.93,real
46.1,left,-10.02,2.839,0.93,real
46.1,left,-17.212,0.877,0.92,real
46.1,right,-1.711,-3.462,0.99,real
46.1,right,-7.857,-4.269,0.91,real
46.1,right,-14.067,-5.352,0.87,real
46.1,right,-19.144,-6.903,0.84,real
46.2,left,-2.226,3.44,0.81,real
46.2,left,-9.534,2.65,0.9,real
46.2,left,-16.726,1.254,0.95,real
46.2,right,-1.481,-3.634,0.9,real
46.2,right,-7.606,-3.876,0.8,real
46.2,right,-13.732,-5.153,0.82,real
46.2,right,-18.968,-6.766,0.9,real
46.3,left,-1.886,3.588,0.87,real
46.3,left,-9.01,2.792,0.76,real
46.3,left,-16.094,1.019,0.97,real
46.3,right,-1.233,-3.388,0.91,real
46.3,right,-7.186,-3.942,0.88,real
46.3,right,-13.306,-4.789,0.84,real
46.3,right,-18.681,-6.514,0.88,real
46.4,left,-1.286,3.134,0.88,real
46.4,left,-8.953,3.014,0.86,real
46.4,left,-15.384,1.23,0.96,real
46.4,right,-0.75,-3.293,0.99,real
46.4,right,-6.923,-3.919,0.95,real
46.4,right,-12.993,-4.808,0.99,real
46.4,right,-18.063,-6.697,0.84,real
46.5,left,-0.93,3.476,0.83,real
46.5,left,-8.215,2.93,0.85,real
46.5,left,-15.402,1.592,0.97,real
46.5,left,-21.786,-0.663,0.95,real
46.5,right,-0.682,-3.573,0.75,real
46.5,right,-6.558,-3.787,0.99,real
46.5,right,-12.396,-4.68,0.78,real
46.5,right,-17.957,-6.347,0.95,real
46.6,left,-0.436,3.524,0.92,real
46.6,left,-7.853,2.837,0.88,real
46.6,left,-14.796,1.778,0.91,real
46.6,left,-21.204,-0.716,0.73,real
46.6,right,-0.303,-3.295,0.98,real
46.6,right,-6.552,-3.763,0.99,real
46.6,right,-12.183,-4.853,0.99,real
46.6,right,-17.51,-6.537,0.83,real
46.7,left,-0.367,3.605,0.86,real
46.7,left,-7.549,2.826,0.9,real
46.7,left,-14.499,1.709,0.94,real
46.7,left,-20.771,-0.459,0.7,real
46.7,right,-5.949,-4.024,0.91,real
46.7,right,-11.615,-4.335,0.82,real
46.7,right,-17.197,-6.117,0.84,real
46.7,right,-22.159,-8.537,0.87,real
46.8,left,-7.238,3.008,0.9,real
46.8,left,-14.14,1.971,0.89,real
46.8,left,-20.461,-0.343,0.91,real
46.8,right,-5.433,-3.848,0.92,real
46.8,right,-11.453,-4.348,0.83,real
46.8,right,-16.797,-6.361,0.88,real
46.8,right,-21.63,-8.248,0.85,real
46.9,left,-6.595,3.28,0.97,real
46.9,left,-13.402,2.257,0.93,real
46.9,left,-20.313,-0.332,0.82,real
46.9,right,-5.119,-3.574,0.78,real
46.9,right,-10.989,-4.846,0.91,real
46.9,right,-16.452,-5.876,0.92,real
46.9,right,-21.177,-8.1,0.73,real
47.0,left,-6.127,2.979,0.89,real
47.0,left,-13.495,1.953,0.92,real
47.0,left,-19.515,0.223,0.88,real
47.0,right,-4.496,-3.446,0.71,real
47.0,right,-10.421,-4.517,0.8,real
47.0,right,-16.17,-5.587,0.99,real
47.0,right,-21.087,-7.518,0.74,real
47.1,left,-5.784,3.401,0.87,real
47.1,left,-13.054,1.868,0.8,real
47.1,left,-19.364,0.177,0.84,real
47.1,right,-4.171,-3.362,0.86,real
47.1,right,-10.314,-4.231,0.97,real
47.1,right,-15.723,-6.15,0.89,real
47.1,right,-20.642,-7.83,0.83,real
47.2,left,-5.391,3.322,0.82,real
47.2,left,-12.176,2.099,0.89,real
47.2,left,-18.758,0.476,0.99,real
47.2,right,-3.984,-3.53,0.89,real
47.2,right,-9.728,-4.354,0.89,real
47.2,right,-15.039,-5.501,0.9,real
47.2,right,-19.933,-7.831,0.86,real
47.3,left,-4.91,3.161,0.86,real
47.3,left,-12.185,2.307,0.99,real
47.3,left,-18.612,0.212,0.98,real
47.3,right,-3.82,-3.265,0.93,real
47.3,right,-9.328,-4.409,0.88,real
47.3,right,-14.649,-5.463,0.93,real
47.3,right,-19.695,-7.615,0.79,real
47.4,left,-4.687,3.135,0.99,real
47.4,left,-11.565,2.422,0.88,real
47.4,left,-18.072,0.746,0.89,real
47.4,right,-3.14,-3.402,0.95,real
47.4,right,-9.571,-4.261,0.82,real
47.4,right,-14.568,-5.593,0.87,real
47.4,right,-19.439,-7.469,0.81,real
47.5,left,-3.763,3.0,0.92,real
47.5,left,-10.988,2.321,0.83,real
47.5,left,-17.825,0.624,0.84,real
47.5,right,-2.613,-3.104,0.91,real
47.5,right,-8.662,-4.405,0.86,real
47.5,right,-14.286,-5.409,0.97,real
47.5,right,-19.145,-7.353,0.84,real
47.5,unknown,-5.162,5.862,0.34,ghost
47.6,left,-3.308,3.618,0.79,real
47.6,left,-10.628,2.43,0.84,real
47.6,left,-17.322,0.646,0.78,real
47.6,right,-2.097,-3.829,0.88,real
47.6,right,-8.277,-4.142,0.95,real
47.6,right,-13.583,-5.559,0.87,real
47.6,right,-18.682,-7.192,0.88,real
47.7,left,-3.154,3.493,0.81,real
47.7,left,-10.422,2.533,0.77,real
47.7,left,-16.96,0.789,0.85,real
47.7,right,-2.087,-3.448,0.89,real
47.7,right,-8.136,-3.995,0.75,real
47.7,right,-13.647,-4.888,0.93,real
47.7,right,-18.354,-7.015,0.73,real
47.8,left,-2.789,3.513,0.96,real
47.8,left,-10.131,2.697,0.95,real
47.8,left,-16.624,0.862,0.8,real
47.8,right,-1.751,-3.648,0.89,real
47.8,right,-7.464,-3.82,0.78,real
47.8,right,-13.048,-4.983,0.84,real
47.8,right,-17.9,-6.895,0.99,real
47.9,left,-2.25,3.625,0.81,real
47.9,left,-9.33,2.551,0.88,real
47.9,left,-16.22,1.184,0.85,real
47.9,right,-1.286,-3.455,0.74,real
47.9,right,-7.173,-3.607,0.8,real
47.9,right,-12.47,-5.068,0.88,real
47.9,right,-17.403,-6.518,0.89,real
47.9,right,-21.982,-9.291,0.89,real
48.0,left,-2.008,3.11,0.95,real
48.0,left,-8.988,2.558,0.88,real
48.0,left,-15.66,1.006,0.88,real
48.0,left,-21.366,-1.014,0.87,real
48.0,right,-0.948,-3.475,0.8,real
48.0,right,-7.105,-3.909,0.8,real
48.0,right,-12.625,-5.153,0.88,real
48.0,right,-17.13,-6.69,0.81,real
48.0,right,-21.679,-8.971,0.99,real
48.1,left,-1.713,3.25,0.96,real
48.1,left,-8.712,2.699,0.8,real
48.1,left,-15.328,0.872,0.81,real
48.1,left,-21.343,-1.007,0.94,real
48.1,right,-0.111,-3.374,0.88,real
48.1,right,-6.287,-3.553,0.92,real
48.1,right,-12.243,-4.557,0.86,real
48.1,right,-16.705,-6.448,0.96,real
48.1,right,-21.177,-8.518,0.85,real
48.2,left,-1.062,3.374,0.84,real
48.2,left,-7.939,2.794,0.84,real
48.2,left,-15.105,1.533,0.71,real
48.2,left,-20.718,-0.773,0.9,real
48.2,right,-0.522,-3.615,0.82,real
48.2,right,-6.144,-3.605,0.87,real
48.2,right,-11.433,-4.807,0.87,real
48.2,right,-16.4,-6.668,0.93,real
48.2,right,-20.707,-8.533,0.87,real
48.2,right,-5.917,-5.755,0.5,ghost
48.3,left,-0.34,3.441,0.75,real
48.3,left,-7.874,2.973,0.9,real
48.3,left,-14.178,1.606,0.91,real
48.3,left,-20.468,-0.676,0.93,real
48.3,right,-5.629,-3.823,0.86,real
48.3,right,-11.191,-4.272,0.92,real
48.3,right,-16.349,-6.159,0.78,real
48.3,right,-20.513,-8.502,0.87,real
48.4,left,-0.23,3.734,0.9,real
48.4,left,-7.293,2.896,0.88,real
48.4,left,-13.818,1.163,0.96,real
48.4,left,-20.174,-0.505,0.85,real
48.4,right,-5.815,-3.433,0.98,real
48.4,right,-11.001,-4.758,0.76,real
48.4,right,-15.643,-6.074,0.76,real
48.4,right,-20.086,-8.225,0.99,real
48.5,left,-7.275,3.174,0.84,real
48.5,left,-13.783,1.908,0.97,real
48.5,left,-19.24,-0.226,0.93,real
48.5,right,-5.005,-3.566,0.87,real
48.5,right,-10.335,-4.548,0.96,real
48.5,right,-15.171,-6.244,0.91,real
48.5,right,-19.728,-8.474,0.96,real
48.6,left,-6.233,3.075,0.86,real
48.6,left,-13.115,1.754,0.77,real
48.6,left,-18.918,-0.186,0.82,real
48.6,right,-4.686,-3.8,0.85,real
48.6,right,-9.915,-4.334,0.93,real
48.6,right,-14.682,-5.889,0.86,real
48.6,right,-19.407,-7.903,0.81,real
48.7,left,-5.707,3.361,0.95,real
48.7,left,-12.592,1.642,0.93,real
48.7,left,-18.65,0.245,0.86,real
48.7,right,-4.256,-3.378,0.9,real
48.7,right,-9.476,-4.636,0.89,real
48.7,right,-15.184,-5.928,0.99,real
48.7,right,-19.284,-8.028,0.77,real
48.8,left,-5.621,2.837,0.77,real
48.8,left,-12.763,1.99,0.96,real
48.8,left,-18.629,-0.103,0.93,real
48.8,right,-3.776,-3.616,0.83,real
48.8,right,-9.401,-4.113,0.85,real
48.8,right,-14.56,-5.565,0.98,real
48.8,right,-18.904,-7.506,0.83,real
48.9,left,-5.422,3.142,0.84,real
48.9,left,-11.986,2.153,0.86,real
48.9,left,-17.787,0.169,0.96,real
48.9,right,-3.48,-3.719,0.87,real
48.9,right,-9.285,-4.079,0.98,real
48.9,right,-14.278,-5.471,0.94,real
48.9,right,-18.322,-7.847,0.94,real
48.9,right,-22.08,-10.091,0.77,real
49.0,left,-4.673,3.468,0.94,real
49.0,left,-11.558,2.09,0.76,real
49.0,left,-17.428,0.334,0.91,real
49.0,right,-2.992,-3.316,0.75,real
49.0,right,-8.882,-4.565,0.99,real
49.0,right,-13.83,-5.209,0.86,real
49.0,right,-18.245,-8.139,0.99,real
49.0,right,-21.472,-10.104,0.78,real
49.1,left,-4.286,3.619,0.88,real
49.1,left,-11.255,2.261,0.9,real
49.1,left,-17.499,0.339,0.89,real
49.1,right,-2.669,-3.549,0.78,real
49.1,right,-8.048,-3.95,0.93,real
49.1,right,-13.156,-5.379,0.93,real
49.1,right,-17.484,-7.141,0.77,real
49.1,right,-21.493,-9.891,0.83,real
49.2,left,-3.454,3.324,0.95,real
49.2,left,-11.051,2.576,0.85,real
49.2,left,-16.997,0.376,0.87,real
49.2,right,-2.634,-3.088,0.88,real
49.2,right,-8.129,-4.436,0.99,real
49.2,right,-13.015,-5.15,0.82,real
49.2,right,-17.36,-7.361,0.79,real
49.2,right,-20.821,-9.494,0.83,real
49.3,left,-3.346,3.566,0.9,real
49.3,left,-10.532,2.323,0.81,real
49.3,left,-16.449,0.487,0.87,real
49.3,left,-21.571,-1.96,0.94,real
49.3,right,-1.988,-3.547,0.85,real
49.3,right,-7.513,-3.969,0.86,real
49.3,right,-12.384,-5.539,0.84,real
49.3,right,-16.947,-6.945,0.83,real
49.3,right,-20.138,-9.747,0.88,real
49.4,left,-2.846,3.426,0.84,real
49.4,left,-10.089,2.17,0.76,real
49.4,left,-16.185,0.537,0.85,real
49.4,left,-21.264,-2.131,0.88,real
49.4,right,-1.522,-3.301,0.99,real
49.4,right,-7.515,-3.808,0.82,real
49.4,right,-12.223,-4.882,0.88,real
49.4,right,-16.898,-7.03,0.84,real
49.4,right,-20.338,-9.708,0.84,real
49.5,left,-2.694,3.161,0.85,real
49.5,left,-9.643,2.608,0.79,real
49.5,left,-15.801,0.725,0.93,real
49.5,left,-21.166,-1.822,0.84,real
49.5,right,-0.839,-3.34,0.88,real
49.5,right,-6.709,-3.997,0.98,real
49.5,right,-11.882,-4.922,0.98,real
49.5,right,-16.277,-6.895,0.72,real
49.5,right,-19.591,-9.483,0.9,real
49.6,left,-2.489,3.452,0.95,real
49.6,left,-9.068,2.237,0.91,real
49.6,left,-14.922,1.086,0.92,real
49.6,left,-20.617,-1.487,0.85,real
49.6,right,-0.863,-3.61,0.99,real
49.6,right,-6.166,-3.682,0.83,real
49.6,right,-11.77,-4.817,0.91,real
49.6,right,-15.896,-6.977,0.98,real
49.6,right,-19.634,-9.183,0.71,real
49.7,left,-1.752,3.362,0.82,real
49.7,left,-8.61,2.527,0.92,real
49.7,left,-15.051,0.89,0.83,real
49.7,left,-19.777,-1.04,0.99,real
49.7,right,-0.262,-3.647,0.84,real
49.7,right,-5.941,-3.952,0.95,real
49.7,right,-11.352,-4.818,0.94,real
49.7,right,-15.656,-6.991,0.91,real
49.7,right,-19.433,-8.774,0.99,real
49.7,right,-22.263,-11.779,0.97,real
49.8,left,-1.292,3.252,0.93,real
49.8,left,-8.162,2.888,0.79,real
49.8,left,-14.416,1.349,0.87,real
49.8,left,-19.776,-1.228,0.85,real
49.8,right,-0.281,-3.579,0.99,real
49.8,right,-5.559,-3.866,0.89,real
49.8,right,-10.867,-5.008,0.93,real
49.8,right,-15.177,-6.445,0.99,real
49.8,right,-18.928,-8.918,0.77,real
49.8,right,-21.624,-11.761,0.94,real
49.9,left,-0.979,3.257,0.83,real
49.9,left,-7.648,3.043,0.86,real
49.9,left,-14.047,1.32,0.92,real
49.9,left,-19.571,-1.099,0.94,real
49.9,right,-5.047,-3.722,0.79,real
49.9,right,-10.572,-4.899,0.83,real
49.9,right,-14.582,-6.785,0.98,real
49.9,right,-18.844,-8.56,0.92,real
49.9,right,-21.431,-11.674,0.98,real
49.9,unknown,-3.247,-4.704,0.28,ghost
50.0,left,-0.519,3.068,0.8,real
50.0,left,-7.09,2.927,0.92,real
50.0,left,-13.563,1.306,0.94,real
50.0,left,-19.044,-1.099,0.96,real
50.0,right,-4.915,-3.602,0.97,real
50.0,right,-10.019,-4.568,0.73,real
50.0,right,-14.464,-6.71,0.79,real
50.0,right,-17.976,-8.574,0.89,real
50.0,right,-21.158,-11.285,0.9,real
50.1,left,-0.108,3.449,0.89,real
50.1,left,-7.001,2.978,0.88,real
50.1,left,-13.173,1.518,0.86,real
50.1,left,-18.836,-0.886,0.89,real
50.1,right,-4.594,-3.555,0.87,real
50.1,right,-9.769,-4.138,0.86,real
50.1,right,-14.013,-6.169,0.94,real
50.1,right,-18.07,-8.344,0.88,real
50.1,right,-20.603,-11.371,0.85,real
50.2,left,-6.681,3.081,0.86,real
50.2,left,-12.865,1.681,0.88,real
50.2,left,-18.552,-0.714,0.97,real
50.2,right,-4.442,-3.801,0.91,real
50.2,right,-9.246,-4.725,0.77,real
50.2,right,-14.058,-5.98,0.81,real
50.2,right,-17.97,-8.267,0.88,real
50.2,right,-20.433,-11.222,0.88,real
50.3,left,-6.206,2.92,0.73,real
50.3,left,-12.567,1.529,0.9,real
50.3,left,-18.203,-0.459,0.9,real
50.3,right,-4.199,-3.445,0.98,real
50.3,right,-9.293,-4.469,0.93,real
50.3,right,-13.41,-5.957,0.92,real
50.3,right,-17.198,-8.133,0.9,real
50.3,right,-20.233,-10.926,0.88,real
50.4,left,-5.775,3.236,0.99,real
50.4,left,-12.173,1.799,0.87,real
50.4,left,-17.686,-0.389,0.81,real
50.4,right,-3.747,-3.753,0.79,real
50.4,right,-8.976,-4.418,0.99,real
50.4,right,-13.321,-5.645,0.89,real
50.4,right,-16.824,-8.222,0.76,real
50.4,right,-20.154,-10.817,0.96,real
50.5,left,-5.651,3.156,0.73,real
50.5,left,-11.737,2.241,0.92,real
50.5,left,-17.27,-0.395,0.86,real
50.5,left,-21.45,-3.109,0.91,real
50.5,right,-3.402,-3.786,0.83,real
50.5,right,-8.473,-4.478,0.9,real
50.5,right,-13.202,-5.531,0.92,real
50.5,right,-16.707,-7.822,0.85,real
50.5,right,-19.291,-10.852,0.81,real
50.6,left,-5.041,3.325,0.89,real
50.6,left,-11.243,2.061,0.83,real
50.6,left,-16.844,-0.058,0.79,real
50.6,left,-21.831,-2.948,0.89,real
50.6,right,-2.727,-3.162,0.91,real
50.6,right,-8.111,-4.065,0.86,real
50.6,right,-12.781,-5.448,0.9,real
50.6,right,-16.026,-7.891,0.99,real
50.6,right,-19.208,-10.385,0.9,real
50.7,left,-4.794,3.373,0.95,real
50.7,left,-10.825,2.03,0.87,real
50.7,left,-16.555,-0.202,0.97,real
50.7,left,-21.658,-2.738,0.77,real
50.7,right,-2.397,-3.307,0.89,real
50.7,right,-7.625,-4.115,0.93,real
50.7,right,-12.259,-5.264,0.78,real
50.7,right,-16.105,-7.663,0.79,real
50.7,right,-18.981,-10.298,0.9,real
50.7,right,-3.277,5.911,0.51,ghost
50.8,left,-4.226,3.39,0.99,real
50.8,left,-10.536,2.056,0.91,real
50.8,left,-16.452,0.412,0.99,real
50.8,left,-20.557,-2.528,0.77,real
50.8,right,-2.242,-3.45,0.91,real
50.8,right,-7.022,-3.962,0.92,real
50.8,right,-12.103,-5.226,0.86,real
50.8,right,-15.895,-7.706,0.68,real
50.8,right,-18.82,-10.036,0.74,real
50.9,left,-3.735,3.36,0.77,real
50.9,left,-10.216,2.123,0.93,real
50.9,left,-15.66,0.21,0.99,real
50.9,left,-20.531,-2.7,0.73,real
50.9,right,-1.754,-3.396,0.99,real
50.9,right,-6.745,-4.269,0.85,real
50.9,right,-12.023,-5.022,0.9,real
50.9,right,-15.412,-7.487,0.92,real
50.9,right,-18.35,-10.09,0.99,real
51.0,left,-3.373,3.149,0.87,real
51.0,left,-9.617,2.747,0.96,real
51.0,left,-15.486,0.404,0.87,real
51.0,left,-20.289,-2.242,0.95,real
51.0,right,-1.815,-3.492,0.93,real
51.0,right,-6.303,-3.941,0.73,real
51.0,right,-11.317,-5.405,0.9,real
51.0,right,-15.076,-7.445,0.86,real
51.0,right,-18.161,-9.876,0.76,real
51.1,left,-3.188,3.219,0.99,real
51.1,left,-9.695,2.609,0.8,real
51.1,left,-15.164,0.519,0.94,real
51.1,left,-19.692,-2.456,0.9,real
51.1,right,-1.111,-3.275,0.92,real
51.1,right,-6.028,-3.977,0.81,real
51.1,right,-10.728,-5.547,0.86,real
51.1,right,-14.609,-6.994,0.88,real
51.1,right,-18.195,-9.517,0.97,real
51.2,left,-2.726,3.441,0.88,real
51.2,left,-9.062,2.779,0.9,real
51.2,left,-14.658,0.737,0.91,real
51.2,left,-19.538,-1.733,0.89,real
51.2,right,-0.805,-3.746,0.89,real
51.2,right,-6.195,-3.705,0.93,real
51.2,right,-10.847,-5.234,0.82,real
51.2,right,-14.744,-6.787,0.91,real
51.2,right,-17.618,-9.544,0.84,real
51.3,left,-2.262,3.334,0.89,real
51.3,left,-8.546,2.517,0.83,real
51.3,left,-14.309,0.764,0.84,real
51.3,left,-19.287,-1.748,0.89,real
51.3,right,-0.729,-3.396,0.9,real
51.3,right,-5.825,-3.676,0.75,real
51.3,right,-10.418,-5.051,0.92,real
51.3,right,-14.217,-6.923,0.92,real
51.3,right,-16.806,-9.304,0.85,real
51.3,left,-15.007,-2.858,0.3,ghost
51.4,left,-1.531,3.549,0.81,real
51.4,left,-7.99,2.749,0.86,real
51.4,left,-14.05,0.774,0.78,real
51.4,left,-18.477,-1.655,0.93,real
51.4,right,-0.119,-3.414,0.85,real
51.4,right,-5.506,-3.853,0.87,real
51.4,right,-9.737,-4.951,0.85,real
51.4,right,-13.93,-6.487,0.99,real
51.4,right,-17.008,-9.488,0.93,real
51.5,left,-1.227,3.195,0.87,real
51.5,left,-7.713,2.717,0.99,real
51.5,left,-13.208,0.934,0.8,real
51.5,left,-18.409,-1.559,0.82,real
51.5,right,-5.137,-3.744,0.86,real
51.5,right,-9.635,-4.715,0.94,real
51.5,right,-13.199,-6.751,0.99,real
51.5,right,-16.303,-8.764,0.91,real
51.6,left,-1.197,3.18,0.87,real
51.6,left,-7.405,2.655,0.93,real
51.6,left,-13.371,1.155,0.87,real
51.6,left,-18.05,-1.456,0.78,real
51.6,left,-22.091,-4.963,0.89,real
51.6,right,-4.762,-3.624,0.91,real
51.6,right,-9.32,-4.786,0.83,real
51.6,right,-13.385,-6.755,0.86,real
51.6,right,-16.442,-9.202,0.87,real
51.7,left,-0.427,3.166,0.99,real
51.7,left,-7.426,2.65,0.94,real
51.7,left,-12.809,1.399,0.89,real
51.7,left,-17.721,-1.662,0.9,real
51.7,left,-21.481,-4.713,0.88,real
51.7,right,-18.501,-12.109,0.85,real
51.7,right,-4.184,-3.732,0.91,real
51.7,right,-8.961,-4.957,0.93,real
51.7,right,-12.646,-6.096,0.99,real
51.7,right,-16.31,-8.93,0.84,real
51.8,left,-0.287,3.387,0.99,real
51.8,left,-6.459,2.509,0.99,real
51.8,left,-12.317,1.585,0.85,real
51.8,left,-17.272,-1.181,0.92,real
51.8,left,-21.449,-4.048,0.74,real
51.8,right,-18.138,-11.974,0.89,real
51.8,right,-4.361,-3.424,0.89,real
51.8,right,-8.912,-4.622,0.98,real
51.8,right,-12.847,-6.256,0.86,real
51.8,right,-15.601,-8.727,0.99,real
51.9,left,-5.94,3.232,0.92,real
51.9,left,-12.037,1.611,0.96,real
51.9,left,-17.253,-1.052,0.9,real
51.9,left,-20.906,-4.063,0.92,real
51.9,right,-17.666,-11.663,0.92,real
51.9,right,-3.479,-4.065,0.81,real
51.9,right,-8.243,-4.637,0.79,real
51.9,right,-12.608,-6.134,0.96,real
51.9,right,-15.763,-8.563,0.83,real
52.0,left,-5.778,2.678,0.77,real
52.0,left,-11.783,1.437,0.88,real
52.0,left,-16.654,-0.807,0.81,real
52.0,left,-20.444,-4.172,0.92,real
52.0,right,-17.681,-11.362,0.82,real
52.0,right,-3.213,-3.308,0.81,real
52.0,right,-8.174,-4.537,0.86,real
52.0,right,-12.349,-5.985,0.89,real
52.0,right,-15.592,-8.761,0.98,real
52.1,left,-5.713,3.147,0.92,real
52.1,left,-11.215,1.904,0.81,real
52.1,left,-16.091,-0.499,0.92,real
52.1,left,-20.396,-3.768,0.86,real
52.1,right,-17.569,-10.92,0.82,real
52.1,right,-3.32,-3.63,0.9,real
52.1,right,-7.793,-4.469,0.9,real
52.1,right,-11.346,-5.919,0.89,real
52.1,right,-15.3,-8.46,0.87,real
52.2,left,-5.077,3.299,0.8,real
52.2,left,-10.825,1.895,0.83,real
52.2,left,-16.117,-0.756,0.91,real
52.2,left,-19.87,-3.922,0.98,real
52.2,right,-17.079,-11.235,0.83,real
52.2,right,-2.547,-3.833,0.92,real
52.2,right,-7.438,-4.358,0.89,real
52.2,right,-11.597,-6.083,0.99,real
52.2,right,-14.561,-8.163,0.88,real
52.2,unknown,-5.751,-0.124,0.46,ghost
52.3,left,-4.426,3.192,0.89,real
52.3,left,-10.531,1.833,0.89,real
52.3,left,-15.787,-0.291,0.9,real
52.3,left,-19.888,-3.297,0.91,real
52.3,right,-16.677,-10.958,0.89,real
52.3,right,-2.233,-3.301,0.87,real
52.3,right,-7.289,-3.978,0.97,real
52.3,right,-11.172,-5.632,0.93,real
52.3,right,-14.804,-7.825,0.94,real
52.4,left,-3.869,3.017,0.82,real
52.4,left,-9.874,1.951,0.91,real
52.4,left,-15.165,-0.247,0.92,real
52.4,left,-19.359,-3.278,0.77,real
52.4,right,-16.503,-11.053,0.9,real
52.4,right,-2.324,-3.395,0.95,real
52.4,right,-6.725,-4.07,0.98,real
52.4,right,-10.649,-5.676,0.9,real
52.4,right,-14.501,-7.923,0.91,real
52.5,left,-3.839,3.337,0.92,real
52.5,left,-10.021,2.093,0.92,real
52.5,left,-15.062,0.087,0.86,real
52.5,left,-19.443,-3.05,0.88,real
52.5,right,-16.585,-10.9,0.79,real
52.5,right,-1.51,-3.201,0.99,real
52.5,right,-6.356,-4.054,0.94,real
52.5,right,-10.476,-5.523,0.93,real
52.5,right,-13.928,-7.834,0.95,real
52.6,left,-22.154,-6.803,0.99,real
52.6,left,-3.597,3.127,0.84,real
52.6,left,-9.376,1.746,0.98,real
52.6,left,-14.323,-0.025,0.99,real
52.6,left,-18.759,-2.629,0.99,real
52.6,right,-16.166,-10.453,0.88,real
52.6,right,-1.567,-3.495,0.94,real
52.6,right,-6.009,-3.918,0.86,real
52.6,right,-10.216,-5.272,0.88,real
52.6,right,-13.508,-7.883,0.92,real
52.6,right,-10.041,5.287,0.3,ghost
52.7,left,-22.087,-6.541,0.78,real
52.7,left,-2.796,3.08,0.8,real
52.7,left,-9.018,2.366,0.87,real
52.7,left,-14.451,0.113,0.87,real
52.7,left,-18.327,-2.418,0.9,real
52.7,right,-15.838,-10.003,0.83,real
52.7,right,-0.879,-3.313,0.91,real
52.7,right,-5.598,-3.988,0.82,real
52.7,right,-10.127,-5.463,0.92,real
52.7,right,-13.133,-7.235,0.99,real
52.8,left,-21.268,-6.261,0.83,real
52.8,left,-2.658,3.463,0.85,real
52.8,left,-8.979,2.365,0.94,real
52.8,left,-14.051,0.153,0.81,real
52.8,left,-17.744,-2.798,0.93,real
52.8,right,-15.665,-10.445,0.99,real
52.8,right,-0.707,-3.249,0.78,real
52.8,right,-5.5,-4.067,0.84,real
52.8,right,-10.134,-5.026,0.92,real
52.8,right,-13.193,-7.179,0.79,real
52.9,left,-20.694,-5.873,0.91,real
52.9,left,-2.099,3.603,0.96,real
52.9,left,-8.709,2.79,0.8,real
52.9,left,-13.429,0.617,0.86,real
52.9,left,-17.4,-2.238,0.87,real
52.9,right,-15.075,-10.078,0.8,real
52.9,right,-0.361,-3.704,0.76,real
52.9,right,-5.563,-3.557,0.86,real
52.9,right,-9.427,-5.349,0.78,real
52.9,right,-12.955,-7.455,0.94,real
53.0,left,-21.047,-5.558,0.88,real
53.0,left,-2.054,3.3,0.8,real
53.0,left,-8.019,2.432,0.99,real
53.0,left,-13.334,0.615,0.95,real
53.0,left,-17.592,-1.999,0.99,real
53.0,right,-15.292,-9.924,0.88,real
53.0,right,-0.292,-3.475,0.88,real
53.0,right,-4.888,-3.827,0.99,real
53.0,right,-8.953,-5.174,0.79,real
53.0,right,-12.679,-7.074,0.95,real
53.1,left,-20.355,-5.787,0.78,real
53.1,left,-1.708,3.174,0.9,real
53.1,left,-7.73,2.541,0.99,real
53.1,left,-12.848,0.639,0.83,real
53.1,left,-17.09,-2.007,0.84,real
53.1,right,-14.629,-9.446,0.99,real
53.1,right,-4.612,-3.792,0.96,real
53.1,right,-8.863,-5.175,0.84,real
53.1,right,-12.177,-6.986,0.86,real
53.2,left,-20.007,-5.191,0.91,real
53.2,left,-1.33,2.874,0.94,real
53.2,left,-7.244,2.586,0.74,real
53.2,left,-12.485,0.698,0.92,real
53.2,left,-16.857,-2.061,0.79,real
53.2,right,-14.798,-9.506,0.8,real
53.2,right,-4.351,-3.686,0.81,real
53.2,right,-8.757,-4.799,0.97,real
53.2,right,-12.052,-6.818,0.8,real
53.3,left,-19.977,-5.378,0.86,real
53.3,left,-1.087,3.322,0.91,real
53.3,left,-6.909,2.819,0.87,real
53.3,left,-12.102,0.951,0.75,real
53.3,left,-16.788,-1.515,0.92,real
53.3,right,-14.409,-9.29,0.97,real
53.3,right,-4.127,-3.594,0.78,real
53.3,right,-8.331,-4.905,0.86,real
53.3,right,-11.901,-6.992,0.97,real
53.4,left,-19.647,-4.885,0.96,real
53.4,left,-0.778,3.382,0.85,real
53.4,left,-6.243,2.625,0.93,real
53.4,left,-11.712,0.899,0.86,real
53.4,left,-16.243,-1.486,0.99,real
53.4,right,-14.023,-9.433,0.99,real
53.4,right,-3.565,-3.727,0.85,real
53.4,right,-8.072,-4.95,0.84,real
53.4,right,-11.276,-6.821,0.88,real
53.5,left,-19.731,-4.999,0.91,real
53.5,left,-22.112,-9.07,0.86,real
53.5,left,-0.249,3.337,0.88,real
53.5,left,-6.094,2.555,0.93,real
53.5,left,-11.61,1.071,0.87,real
53.5,left,-15.881,-1.427,0.85,real
53.5,right,-14.213,-8.976,0.89,real
53.5,right,-3.349,-3.422,0.89,real
53.5,right,-7.809,-4.775,0.82,real
53.5,right,-11.012,-6.564,0.84,real
53.6,left,-18.801,-4.647,0.96,real
53.6,left,-21.793,-9.196,0.87,real
53.6,left,-5.763,2.611,0.92,real
53.6,left,-10.918,1.34,0.93,real
53.6,left,-15.752,-1.262,0.96,real
53.6,right,-13.433,-9.268,0.9,real
53.6,right,-3.327,-3.514,0.77,real
53.6,right,-7.156,-4.592,0.84,real
53.6,right,-10.675,-6.205,0.96,real
53.7,left,-18.708,-4.603,0.96,real
53.7,left,-21.393,-9.039,0.86,real
53.7,left,-5.415,2.901,0.89,real
53.7,left,-10.795,1.539,0.84,real
53.7,left,-15.121,-0.873,0.93,real
53.7,right,-13.565,-8.485,0.85,real
53.7,right,-3.082,-3.486,0.93,real
53.7,right,-7.301,-4.448,0.77,real
53.7,right,-10.889,-6.198,0.78,real
53.8,left,-18.384,-4.108,0.81,real
53.8,left,-21.137,-8.686,0.92,real
53.8,left,-4.917,2.844,0.84,real
53.8,left,-10.271,1.604,0.94,real
53.8,left,-14.884,-1.079,0.82,real
53.8,right,-13.55,-8.914,0.83,real
53.8,right,-15.044,-12.08,0.92,real
53.8,right,-2.387,-3.41,0.91,real
53.8,right,-6.581,-4.564,0.9,real
53.8,right,-10.011,-6.389,0.97,real
53.9,left,-18.245,-3.915,0.82,real
53.9,left,-20.949,-8.355,0.79,real
53.9,left,-4.809,2.822,0.95,real
53.9,left,-9.846,1.61,0.99,real
53.9,left,-14.673,-0.611,0.83,real
53.9,right,-12.786,-8.585,0.96,real
53.9,right,-14.903,-12.024,0.84,real
53.9,right,-2.268,-3.395,0.85,real
53.9,right,-6.858,-4.302,0.89,real
53.9,right,-10.125,-6.238,0.99,real
54.0,left,-17.498,-4.03,0.83,real
54.0,left,-20.681,-7.949,0.86,real
54.0,left,-4.497,3.067,0.97,real
54.0,left,-9.654,1.98,0.89,real
54.0,left,-14.382,-0.632,0.8,real
54.0,right,-12.969,-8.769,0.93,real
54.0,right,-14.696,-11.856,0.87,real
54.0,right,-2.316,-3.725,0.83,real
54.0,right,-6.363,-4.666,0.87,real
54.0,right,-9.856,-5.841,0.96,real
54.1,left,-17.627,-3.735,0.81,real
54.1,left,-20.359,-7.809,0.97,real
54.1,left,-4.014,3.259,0.82,real
54.1,left,-9.286,1.847,0.99,real
54.1,left,-14.036,-0.292,0.75,real
54.1,right,-12.19,-8.551,0.94,real
54.1,right,-14.679,-11.453,0.85,real
54.1,right,-1.724,-3.531,0.84,real
54.1,right,-5.875,-4.262,0.9,real
54.1,right,-9.719,-5.97,0.91,real
54.2,left,-17.249,-3.368,0.84,real
54.2,left,-20.361,-7.667,0.9,real
54.2,left,-3.555,3.403,0.88,real
54.2,left,-8.817,2.141,0.83,real
54.2,left,-13.523,-0.211,0.94,real
54.2,right,-12.116,-8.22,0.8,real
54.2,right,-14.248,-11.503,0.78,real
54.2,right,-1.205,-3.306,0.84,real
54.2,right,-5.634,-3.936,0.86,real
54.2,right,-9.182,-5.79,0.83,real
54.3,left,-17.067,-3.368,0.87,real
54.3,left,-20.169,-7.218,0.83,real
54.3,left,-3.66,3.188,0.88,real
54.3,left,-8.928,2.416,0.92,real
54.3,left,-13.216,-0.203,0.82,real
54.3,right,-12.169,-7.967,0.73,real
54.3,right,-14.262,-11.227,0.89,real
54.3,right,-1.321,-3.633,0.88,real
54.3,right,-5.602,-4.416,0.82,real
54.3,right,-8.899,-5.787,0.75,real
54.4,left,-16.696,-3.328,0.99,real
54.4,left,-20.021,-7.389,0.94,real
54.4,left,-21.735,-12.02,0.95,real
54.4,left,-2.806,3.382,0.99,real
54.4,left,-8.235,1.809,0.89,real
54.4,left,-13.178,0.182,0.87,real
54.4,right,-11.847,-7.928,0.81,real
54.4,right,-13.691,-11.406,0.83,real
54.4,right,-0.972,-3.619,0.99,real
54.4,right,-5.02,-4.076,0.99,real
54.4,right,-8.931,-5.825,0.91,real
54.5,left,-16.647,-2.949,0.91,real
54.5,left,-19.273,-7.004,0.87,real
54.5,left,-21.381,-11.874,0.86,real
54.5,left,-2.886,3.298,0.89,real
54.5,left,-7.749,2.085,0.89,real
54.5,left,-12.796,0.165,0.92,real
54.5,right,-11.601,-8.004,0.98,real
54.5,right,-13.877,-10.634,0.87,real
54.5,right,-0.725,-3.447,0.91,real
54.5,right,-4.888,-4.248,0.88,real
54.5,right,-8.514,-5.453,0.88,real
54.6,left,-16.412,-2.461,0.81,real
54.6,left,-19.469,-6.528,0.93,real
54.6,left,-21.72,-11.403,0.82,real
54.6,left,-2.373,3.404,0.77,real
54.6,left,-7.623,2.605,0.81,real
54.6,left,-12.503,0.669,0.88,real
54.6,right,-11.408,-7.866,0.84,real
54.6,right,-13.678,-10.533,0.84,real
54.6,right,-0.191,-3.525,0.86,real
54.6,right,-4.725,-4.128,0.89,real
54.6,right,-8.262,-5.283,0.96,real
54.7,left,-15.808,-2.44,0.83,real
54.7,left,-19.095,-6.518,0.89,real
54.7,left,-21.311,-11.057,0.89,real
54.7,left,-1.462,3.287,0.81,real
54.7,left,-7.321,2.058,0.93,real
54.7,left,-12.392,0.731,0.87,real
54.7,right,-11.173,-7.327,0.9,real
54.7,right,-13.266,-10.366,0.83,real
54.7,right,0.057,-3.196,0.87,real
54.7,right,-4.678,-3.738,0.82,real
54.7,right,-8.097,-5.407,0.99,real
54.8,left,-15.863,-2.339,0.87,real
54.8,left,-18.718,-6.387,0.89,real
54.8,left,-20.898,-11.006,0.78,real
54.8,left,-1.657,3.63,0.9,real
54.8,left,-6.924,2.499,0.84,real
54.8,left,-11.738,0.818,0.91,real
54.8,right,-10.895,-7.322,0.9,real
54.8,right,-12.9,-10.306,0.87,real
54.8,right,-4.489,-3.751,0.81,real
54.8,right,-8.008,-4.904,0.92,real
54.9,left,-15.728,-2.47,0.94,real
54.9,left,-18.716,-5.999,0.89,real
54.9,left,-20.61,-11.185,0.91,real
54.9,left,-1.341,3.695,0.94,real
54.9,left,-6.726,2.452,0.87,real
54.9,left,-11.829,0.696,0.88,real
54.9,right,-10.756,-7.133,0.85,real
54.9,right,-13.004,-9.714,0.92,real
54.9,right,-4.0,-3.692,0.95,real
54.9,right,-7.67,-5.281,0.82,real
55.0,left,-15.459,-1.612,0.88,real
55.0,left,-18.61,-6.072,0.8,real
55.0,left,-20.445,-10.749,0.78,real
55.0,left,-0.727,3.291,0.8,real
55.0,left,-6.119,3.011,0.89,real
55.0,left,-10.976,0.822,0.81,real
55.0,right,-10.384,-7.539,0.82,real
55.0,right,-13.268,-10.115,0.88,real
55.0,right,-3.277,-3.567,0.87,real
55.0,right,-7.66,-4.664,0.83,real
55.1,left,-15.102,-1.737,0.9,real
55.1,left,-18.209,-5.432,0.86,real
55.1,left,-20.383,-10.08,0.87,real
55.1,left,-0.487,3.313,0.95,real
55.1,left,-5.972,2.816,0.82,real
55.1,left,-11.137,1.335,0.93,real
55.1,right,-10.336,-7.159,0.99,real
55.1,right,-12.703,-10.0,0.91,real
55.1,right,-3.438,-3.558,0.97,real
55.1,right,-7.015,-4.614,0.96,real
55.2,left,-14.54,-1.542,0.91,real
55.2,left,-18.037,-5.323,0.9,real
55.2,left,-20.489,-10.177,0.97,real
55.2,left,-0.086,3.503,0.88,real
55.2,left,-5.892,2.918,0.75,real
55.2,left,-10.023,1.048,0.88,real
55.2,right,-10.345,-7.252,0.81,real
55.2,right,-12.639,-9.828,0.82,real
55.2,right,-2.978,-3.641,0.93,real
55.2,right,-6.729,-5.05,0.9,real
55.3,left,-14.085,-1.212,0.9,real
55.3,left,-17.765,-4.715,0.99,real
55.3,left,-20.216,-9.921,0.82,real
55.3,left,-5.084,2.852,0.83,real
55.3,left,-10.376,1.191,0.87,real
55.3,right,-10.037,-6.72,0.85,real
55.3,right,-12.035,-9.426,0.99,real
55.3,right,-2.835,-3.487,0.79,real
55.3,right,-6.647,-4.578,0.82,real
55.4,left,-14.042,-0.99,0.95,real
55.4,left,-17.471,-5.455,0.86,real
55.4,left,-19.994,-9.527,0.92,real
55.4,left,-4.931,2.927,0.85,real
55.4,left,-9.783,1.26,0.93,real
55.4,right,-9.601,-6.681,0.89,real
55.4,right,-11.794,-9.193,0.83,real
55.4,right,-2.422,-3.631,0.78,real
55.4,right,-6.001,-4.428,0.85,real
55.5,left,-13.814,-1.277,0.92,real
55.5,left,-17.204,-4.743,0.9,real
55.5,left,-20.007,-9.341,0.88,real
55.5,left,-4.666,3.311,0.88,real
55.5,left,-9.284,1.365,0.86,real
55.5,right,-9.426,-6.287,0.99,real
55.5,right,-11.745,-9.368,0.96,real
55.5,right,-2.132,-3.558,0.87,real
55.5,right,-6.189,-4.139,0.81,real
55.6,left,-13.581,-1.129,0.99,real
55.6,left,-16.955,-4.746,0.99,real
55.6,left,-19.373,-8.989,0.81,real
55.6,left,-4.244,3.355,0.85,real
55.6,left,-8.876,1.664,0.88,real
55.6,right,-8.788,-6.424,0.83,real
55.6,right,-11.699,-9.013,0.97,real
55.6,right,-1.977,-3.325,0.74,real
55.6,right,-5.781,-4.748,0.88,real
55.7,left,-12.783,-0.91,0.9,real
55.7,left,-16.509,-4.242,0.79,real
55.7,left,-19.0,-8.7,0.94,real
55.7,left,-3.917,3.366,0.93,real
55.7,left,-8.922,1.968,0.99,real
55.7,right,-8.618,-6.483,0.83,real
55.7,right,-11.537,-9.15,0.82,real
55.7,right,-1.636,-3.433,0.98,real
55.7,right,-5.739,-4.458,0.92,real
55.8,left,-12.821,-0.514,0.88,real
55.8,left,-16.643,-4.012,0.82,real
55.8,left,-19.224,-8.837,0.85,real
55.8,left,-3.485,2.876,0.81,real
55.8,left,-8.494,2.328,0.88,real
55.8,right,-8.76,-5.91,0.85,real
55.8,right,-11.565,-9.358,0.95,real
55.8,right,-1.551,-3.751,0.87,real
55.8,right,-5.459,-4.407,0.99,real
55.9,left,-12.502,-0.597,0.91,real
55.9,left,-16.471,-4.083,0.93,real
55.9,left,-18.958,-8.262,0.96,real
55.9,left,-3.414,3.26,0.98,real
55.9,left,-8.138,2.158,0.92,real
55.9,right,-8.405,-6.087,0.91,real
55.9,right,-11.297,-8.634,0.79,real
55.9,right,-1.181,-3.941,0.96,real
55.9,right,-5.38,-4.034,0.93,real
56.0,left,-12.322,-0.352,0.72,real
56.0,left,-16.053,-3.623,0.85,real
56.0,left,-18.764,-8.056,0.76,real
56.0,left,-2.768,3.267,0.85,real
56.0,left,-7.778,1.826,0.94,real
56.0,right,-8.15,-6.076,0.94,real
56.0,right,-11.378,-8.491,0.73,real
56.0,right,-12.624,-11.667,0.9,real
56.0,right,-0.435,-3.546,0.93,real
56.0,right,-4.623,-4.182,0.95,real
56.1,left,-12.548,0.028,0.93,real
56.1,left,-15.488,-3.624,0.95,real
56.1,left,-18.68,-7.822,0.84,real
56.1,left,-2.615,3.084,0.9,real
56.1,left,-7.287,1.686,0.97,real
56.1,right,-8.082,-6.085,0.95,real
56.1,right,-10.687,-8.429,0.81,real
56.1,right,-12.761,-11.726,0.95,real
56.1,right,-0.797,-3.617,0.88,real
56.1,right,-5.077,-4.124,0.84,real
56.2,left,-11.586,-0.261,0.85,real
56.2,left,-15.772,-3.396,0.81,real
56.2,left,-18.232,-7.598,0.91,real
56.2,left,-1.584,3.333,0.87,real
56.2,left,-7.099,2.337,0.87,real
56.2,right,-7.91,-5.582,0.83,real
56.2,right,-10.927,-8.165,0.99,real
56.2,right,-12.846,-11.699,0.92,real
56.2,right,-0.478,-3.431,0.95,real
56.2,right,-4.516,-4.229,0.86,real
56.3,left,-11.481,0.111,0.91,real
56.3,left,-15.215,-3.047,0.94,real
56.3,left,-18.153,-7.19,0.74,real
56.3,left,-2.07,3.484,0.92,real
56.3,left,-6.801,2.285,0.91,real
56.3,right,-7.427,-5.938,0.9,real
56.3,right,-10.553,-8.158,0.83,real
56.3,right,-12.513,-11.816,0.8,real
56.3,right,-0.187,-3.643,0.78,real
56.3,right,-3.963,-3.964,0.86,real
56.4,left,-11.01,0.517,0.99,real
56.4,left,-14.978,-2.75,0.94,real
56.4,left,-17.89,-6.95,0.83,real
56.4,left,-1.577,3.384,0.97,real
56.4,left,-6.541,2.334,0.93,real
56.4,right,-7.237,-5.542,0.83,real
56.4,right,-10.224,-7.781,0.83,real
56.4,right,-12.459,-11.231,0.93,real
56.4,right,-0.242,-3.105,0.82,real
56.4,right,-3.932,-3.956,0.9,real
56.5,left,-11.133,0.211,0.84,real
56.5,left,-14.184,-2.563,0.97,real
56.5,left,-17.797,-6.733,0.99,real
56.5,left,-19.968,-11.752,0.86,real
56.5,left,-1.159,3.359,0.98,real
56.5,left,-6.371,2.378,0.84,real
56.5,right,-7.345,-5.074,0.8,real
56.5,right,-10.052,-7.966,0.9,real
56.5,right,-12.234,-10.903,0.93,real
56.5,right,-3.225,-3.934,0.84,real
56.6,left,-10.627,0.628,0.91,real
56.6,left,-14.419,-2.321,0.86,real
56.6,left,-17.513,-7.149,0.94,real
56.6,left,-19.818,-11.296,0.86,real
56.6,left,-0.755,3.348,0.99,real
56.6,left,-5.737,2.788,0.85,real
56.6,right,-6.65,-5.393,0.88,real
56.6,right,-9.933,-7.791,0.86,real
56.6,right,-11.864,-11.068,0.83,real
56.6,right,-3.266,-4.016,0.85,real
56.7,left,-10.089,0.936,0.84,real
56.7,left,-14.004,-2.478,0.94,real
56.7,left,-17.197,-5.845,0.89,real
56.7,left,-19.578,-11.36,0.84,real
56.7,left,-0.552,3.381,0.75,real
56.7,left,-5.645,2.972,0.89,real
56.7,right,-6.855,-5.177,0.94,real
56.7,right,-9.865,-7.831,0.76,real
56.7,right,-12.095,-10.97,0.91,real
56.7,right,-3.218,-3.949,0.92,real
56.8,left,-10.311,0.86,0.87,real
56.8,left,-13.778,-2.011,0.96,real
56.8,left,-17.441,-5.928,0.83,real
56.8,left,-19.807,-11.008,0.86,real
56.8,left,-0.098,3.472,0.95,real
56.8,left,-5.321,2.749,0.93,real
56.8,right,-6.396,-5.048,0.95,real
56.8,right,-9.969,-7.591,0.99,real
56.8,right,-12.154,-10.615,0.93,real
56.8,right,-3.432,-3.674,0.94,real
56.9,left,-9.486,0.918,0.83,real
56.9,left,-13.729,-1.785,0.94,real
56.9,left,-16.969,-5.706,0.8,real
56.9,left,-19.446,-10.743,0.89,real
56.9,left,-5.081,3.011,0.99,real
56.9,right,-6.35,-5.348,0.8,real
56.9,right,-9.245,-7.06,0.72,real
56.9,right,-11.628,-10.379,0.81,real
56.9,right,-2.975,-3.864,0.84,real
57.0,left,-9.183,1.041,0.8,real
57.0,left,-13.416,-1.38,0.92,real
57.0,left,-16.78,-5.467,0.92,real
57.0,left,-19.248,-10.546,0.84,real
57.0,left,-4.167,2.663,0.97,real
57.0,right,-6.263,-5.124,0.87,real
57.0,right,-9.393,-7.368,0.89,real
57.0,right,-11.732,-10.26,0.99,real
57.0,right,-2.108,-4.002,0.79,real
57.1,left,-8.776,1.074,0.97,real
57.1,left,-13.139,-1.344,0.88,real
57.1,left,-16.854,-5.29,0.71,real
57.1,left,-19.21,-10.387,0.87,real
57.1,left,-4.459,3.028,0.77,real
57.1,right,-6.121,-4.75,0.99,real
57.1,right,-9.007,-7.076,0.86,real
57.1,right,-11.391,-10.104,0.88,real
57.1,right,-2.348,-3.527,0.73,real
57.2,left,-8.67,1.583,0.87,real
57.2,left,-12.436,-0.962,0.83,real
57.2,left,-16.526,-5.369,0.88,real
57.2,left,-19.122,-10.045,0.99,real
57.2,left,-4.076,2.961,0.95,real
57.2,right,-5.8,-4.724,0.87,real
57.2,right,-8.803,-6.595,0.8,real
57.2,right,-11.615,-9.961,0.75,real
57.2,right,-1.874,-3.747,0.9,real
57.3,left,-8.378,1.651,0.9,real
57.3,left,-12.836,-1.32,0.85,real
57.3,left,-16.24,-4.852,0.9,real
57.3,left,-18.77,-9.715,0.87,real
57.3,left,-3.6,3.225,0.77,real
57.3,right,-5.684,-4.526,0.96,real
57.3,right,-8.53,-6.983,0.86,real
57.3,right,-11.164,-9.942,0.92,real
57.3,right,-1.687,-3.537,0.84,real
57.4,left,-8.328,1.496,0.82,real
57.4,left,-12.469,-0.501,0.78,real
57.4,left,-16.1,-4.246,0.9,real
57.4,left,-18.943,-9.363,0.8,real
57.4,left,-3.578,3.085,0.89,real
57.4,right,-5.222,-4.87,0.92,real
57.4,right,-8.146,-6.547,0.81,real
57.4,right,-11.061,-9.434,0.79,real
57.4,right,-1.701,-3.522,0.94,real
57.5,left,-8.196,1.916,0.9,real
57.5,left,-12.293,-0.462,0.96,real
57.5,left,-15.89,-4.522,0.92,real
57.5,left,-18.78,-9.129,0.75,real
57.5,left,-2.952,3.061,0.9,real
57.5,right,-5.157,-4.43,0.91,real
57.5,right,-8.047,-6.581,0.9,real
57.5,right,-10.819,-9.501,0.86,real
57.5,right,-1.4,-3.566,0.8,real
57.6,left,-7.722,2.045,0.89,real
57.6,left,-11.891,-0.717,0.9,real
57.6,left,-15.903,-4.143,0.94,real
57.6,left,-18.555,-8.784,0.75,real
57.6,left,-2.665,3.345,0.94,real
57.6,right,-5.313,-4.694,0.95,real
57.6,right,-7.972,-6.327,0.91,real
57.6,right,-10.573,-9.041,0.81,real
57.6,right,-1.39,-3.521,0.82,real
57.7,left,-6.97,2.188,0.94,real
57.7,left,-11.739,-0.465,0.94,real
57.7,left,-15.58,-3.712,0.87,real
57.7,left,-18.079,-8.443,0.96,real
57.7,left,-2.677,3.407,0.97,real
57.7,right,-4.862,-4.41,0.95,real
57.7,right,-8.012,-6.486,0.9,real
57.7,right,-10.871,-9.104,0.88,real
57.7,right,-1.181,-3.422,0.94,real
57.8,left,-6.766,2.295,0.83,real
57.8,left,-11.296,-0.182,0.92,real
57.8,left,-15.173,-3.777,0.84,real
57.8,left,-18.094,-8.34,0.77,real
57.8,left,-2.043,3.343,0.86,real
57.8,right,-4.241,-4.409,0.9,real
57.8,right,-7.487,-6.314,0.79,real
57.8,right,-10.508,-8.945,0.87,real
57.8,right,-0.615,-3.321,0.99,real
57.9,left,-6.484,2.236,0.9,real
57.9,left,-11.163,0.05,0.78,real
57.9,left,-15.148,-3.549,0.94,real
57.9,left,-18.076,-7.917,0.84,real
57.9,left,-1.657,3.34,0.85,real
57.9,right,-4.481,-4.158,0.96,real
57.9,right,-7.518,-5.784,0.96,real
57.9,right,-10.399,-8.762,0.88,real
57.9,right,-0.683,-3.745,0.92,real
58.0,left,-6.299,2.362,0.79,real
58.0,left,-10.686,0.271,0.81,real
58.0,left,-14.787,-3.267,0.78,real
58.0,left,-18.082,-7.443,0.96,real
58.0,left,-1.308,3.457,0.84,real
58.0,right,-4.366,-4.478,0.95,real
58.0,right,-7.496,-5.753,0.95,real
58.0,right,-10.308,-8.428,0.97,real
58.0,right,-0.38,-3.122,0.95,real
58.1,left,-6.068,2.639,0.82,real
58.1,left,-10.465,0.553,0.99,real
58.1,left,-14.391,-2.999,0.88,real
58.1,left,-17.659,-7.486,0.87,real
58.1,left,-1.253,3.749,0.82,real
58.1,right,-3.468,-4.084,0.9,real
58.1,right,-6.964,-5.616,0.95,real
58.1,right,-10.08,-8.449,0.94,real
58.1,right,-0.129,-3.678,0.87,real
58.2,left,-5.964,2.554,0.98,real
58.2,left,-10.314,0.251,0.93,real
58.2,left,-14.295,-3.097,0.91,real
58.2,left,-17.933,-6.869,0.98,real
58.2,left,-0.775,3.314,0.86,real
58.2,right,-3.491,-4.055,0.92,real
58.2,right,-7.138,-5.706,0.81,real
58.2,right,-9.927,-8.232,0.76,real
58.2,right,-12.284,-11.785,0.91,real
58.3,left,-5.626,2.706,0.93,real
58.3,left,-9.839,0.652,0.9,real
58.3,left,-14.407,-2.648,0.79,real
58.3,left,-17.867,-6.687,0.82,real
58.3,left,-0.321,3.472,0.82,real
58.3,right,-3.307,-4.109,0.81,real
58.3,right,-6.894,-5.207,0.83,real
58.3,right,-9.939,-8.113,0.93,real
58.3,right,-12.745,-11.698,0.88,real
58.4,left,-5.101,2.916,0.95,real
58.4,left,-9.864,0.779,0.86,real
58.4,left,-13.663,-2.39,0.86,real
58.4,left,-17.183,-6.413,0.99,real
58.4,left,-20.321,-11.976,0.88,real
58.4,left,-0.142,3.575,0.85,real
58.4,right,-3.041,-4.162,0.9,real
58.4,right,-6.761,-5.412,0.9,real
58.4,right,-9.937,-8.126,0.89,real
58.4,right,-12.209,-11.33,0.87,real
58.5,left,-4.432,2.861,0.78,real
58.5,left,-9.25,1.145,0.9,real
58.5,left,-13.504,-1.605,0.81,real
58.5,left,-17.021,-6.417,0.91,real
58.5,left,-19.934,-11.617,0.99,real
58.5,right,-3.282,-3.757,0.75,real
58.5,right,-6.475,-5.541,0.78,real
58.5,right,-9.804,-7.938,0.79,real
58.5,right,-12.3,-11.096,0.81,real
58.6,left,-4.466,2.97,0.86,real
58.6,left,-9.091,1.287,0.96,real
58.6,left,-13.568,-1.863,0.88,real
58.6,left,-17.178,-6.477,0.83,real
58.6,left,-19.93,-10.843,0.97,real
58.6,right,-3.158,-4.02,0.92,real
58.6,right,-6.371,-5.075,0.9,real
58.6,right,-9.495,-7.579,0.9,real
58.6,right,-12.299,-11.194,0.84,real
58.7,left,-4.028,3.06,0.81,real
58.7,left,-8.745,1.24,0.82,real
58.7,left,-12.743,-1.449,0.73,real
58.7,left,-16.458,-5.763,0.83,real
58.7,left,-19.945,-10.788,0.85,real
58.7,right,-2.86,-3.926,0.68,real
58.7,right,-6.203,-4.963,0.89,real
58.7,right,-9.713,-7.759,0.82,real
58.7,right,-11.917,-10.829,0.9,real
58.8,left,-4.079,3.059,0.9,real
58.8,left,-8.357,1.29,0.99,real
58.8,left,-12.9,-0.815,0.87,real
58.8,left,-16.582,-5.385,0.86,real
58.8,left,-19.995,-10.747,0.84,real
58.8,right,-2.308,-3.782,0.91,real
58.8,right,-5.818,-4.834,0.83,real
58.8,right,-9.387,-7.29,0.79,real
58.8,right,-11.778,-10.845,0.81,real
58.9,left,-3.32,3.415,0.88,real
58.9,left,-7.987,1.604,0.74,real
58.9,left,-12.803,-1.291,0.95,real
58.9,left,-16.711,-4.92,0.83,real
58.9,left,-19.579,-10.12,0.83,real
58.9,right,-2.177,-3.756,0.74,real
58.9,right,-5.517,-4.794,0.99,real
58.9,right,-8.717,-7.273,0.86,real
58.9,right,-12.09,-10.192,0.9,real
59.0,left,-3.503,3.444,0.92,real
59.0,left,-8.023,1.776,0.87,real
59.0,left,-12.345,-0.871,0.87,real
59.0,left,-16.153,-4.723,0.75,real
59.0,left,-19.759,-9.77,0.85,real
59.0,right,-2.082,-3.895,0.93,real
59.0,right,-5.618,-4.71,0.84,real
59.0,right,-8.714,-6.724,0.79,real
59.0,right,-11.511,-10.013,0.87,real
59.1,left,-3.207,3.248,0.88,real
59.1,left,-7.684,1.994,0.94,real
59.1,left,-11.859,-0.331,0.95,real
59.1,left,-15.96,-4.568,0.89,real
59.1,left,-19.573,-9.221,0.78,real
59.1,right,-1.999,-3.54,0.87,real
59.1,right,-5.395,-4.676,0.79,real
59.1,right,-8.697,-6.77,0.96,real
59.1,right,-11.839,-10.021,0.76,real
59.2,left,-2.434,3.149,0.75,real
59.2,left,-7.409,2.34,0.86,real
59.2,left,-12.02,-0.649,0.86,real
59.2,left,-16.078,-4.084,0.85,real
59.2,left,-19.42,-8.932,0.82,real
59.2,right,-1.71,-3.492,0.99,real
59.2,right,-5.042,-4.709,0.84,real
59.2,right,-8.62,-6.761,0.84,real
59.2,right,-11.441,-9.569,0.79,real
59.3,left,-2.329,3.37,0.95,real
59.3,left,-7.055,2.113,0.91,real
59.3,left,-11.701,-0.606,0.94,real
59.3,left,-15.412,-4.51,0.91,real
59.3,left,-19.202,-8.919,0.86,real
59.3,right,-1.364,-3.535,0.86,real
59.3,right,-5.061,-4.51,0.84,real
59.3,right,-8.53,-6.545,0.85,real
59.3,right,-11.359,-9.598,0.85,real
59.4,left,-1.973,3.377,0.94,real
59.4,left,-6.988,2.228,0.83,real
59.4,left,-11.408,-0.332,0.97,real
59.4,left,-15.421,-3.853,0.77,real
59.4,left,-19.333,-8.442,0.8,real
59.4,right,-1.091,-3.751,0.99,real
59.4,right,-5.078,-4.435,0.75,real
59.4,right,-8.676,-6.297,0.97,real
59.4,right,-11.399,-9.564,0.87,real
59.5,left,-2.019,3.373,0.86,real
59.5,left,-6.352,2.243,0.87,real
59.5,left,-11.021,-0.018,0.99,real
59.5,left,-15.623,-3.305,0.99,real
59.5,left,-19.123,-8.622,0.82,real
59.5,right,-1.133,-3.723,0.85,real
59.5,right,-4.857,-4.983,0.97,real
59.5,right,-8.011,-6.445,0.9,real
59.5,right,-11.228,-9.4,0.76,real
59.6,left,-1.439,3.541,0.95,real
59.6,left,-5.702,2.607,0.85,real
59.6,left,-10.914,0.547,0.93,real
59.6,left,-14.961,-3.268,0.79,real
59.6,left,-18.719,-8.039,0.96,real
59.6,right,-1.156,-3.634,0.87,real
59.6,right,-4.552,-4.409,0.81,real
59.6,right,-7.989,-6.273,0.78,real
59.6,right,-11.293,-9.215,0.82,real
59.7,left,-1.312,3.647,0.88,real
59.7,left,-5.659,2.966,0.87,real
59.7,left,-10.869,0.211,0.79,real
59.7,left,-14.617,-3.249,0.82,real
59.7,left,-18.785,-7.534,0.91,real
59.7,right,-0.814,-3.624,0.87,real
59.7,right,-4.029,-4.173,0.77,real
59.7,right,-7.859,-5.98,0.85,real
59.7,right,-10.799,-9.09,0.94,real
59.8,left,-0.482,3.424,0.84,real
59.8,left,-5.499,2.806,0.93,real
59.8,left,-10.319,0.54,0.7,real
59.8,left,-15.0,-2.858,0.79,real
59.8,left,-18.457,-7.05,0.93,real
59.8,right,-0.604,-3.5,0.86,real
59.8,right,-3.945,-4.309,0.86,real
59.8,right,-7.422,-6.129,0.96,real
59.8,right,-11.241,-8.746,0.88,real
59.9,left,-0.618,3.323,0.92,real
59.9,left,-5.487,2.803,0.92,real
59.9,left,-10.294,0.725,0.87,real
59.9,left,-14.445,-2.294,0.99,real
59.9,left,-18.719,-6.88,0.85,real
59.9,right,-0.261,-3.736,0.92,real
59.9,right,-3.991,-4.092,0.82,real
59.9,right,-7.449,-5.666,0.93,real
59.9,right,-10.827,-8.543,0.78,real
60.0,left,0.167,3.723,0.92,real
60.0,left,-4.894,2.619,0.92,real
60.0,left,-9.759,0.838,0.87,real
60.0,left,-14.227,-2.369,0.79,real
60.0,left,-18.14,-6.559,0.81,real
60.0,right,-3.973,-4.017,0.85,real
60.0,right,-7.153,-5.676,0.92,real
60.0,right,-10.871,-8.28,0.87,real
60.1,left,-4.424,3.008,0.83,real
60.1,left,-9.254,0.971,0.76,real
60.1,left,-14.111,-2.328,0.82,real
60.1,left,-18.009,-6.432,0.94,real
60.1,left,-22.114,-11.528,0.92,real
60.1,right,-3.641,-4.285,0.87,real
60.1,right,-7.151,-5.471,0.84,real
60.1,right,-10.715,-7.756,0.97,real
60.1,right,-13.856,-12.015,0.87,real
60.2,left,-4.251,2.926,0.77,real
60.2,left,-8.909,1.481,0.88,real
60.2,left,-13.99,-2.139,0.84,real
60.2,left,-18.222,-5.769,0.88,real
60.2,left,-21.755,-11.095,0.88,real
60.2,right,-3.337,-3.767,0.8,real
60.2,right,-7.062,-5.294,0.83,real
60.2,right,-10.15,-7.847,0.76,real
60.2,right,-13.698,-11.399,0.87,real
60.3,left,-3.855,2.803,0.9,real
60.3,left,-9.097,1.01,0.93,real
60.3,left,-13.83,-1.715,0.84,real
60.3,left,-17.936,-5.968,0.81,real
60.3,left,-21.668,-11.161,0.98,real
60.3,right,-3.058,-3.808,0.88,real
60.3,right,-7.288,-5.225,0.78,real
60.3,right,-10.554,-7.598,0.9,real
60.3,right,-13.51,-11.56,0.85,real
60.4,left,-3.626,3.166,0.84,real
60.4,left,-8.699,1.653,0.74,real
60.4,left,-13.445,-1.685,0.85,real
60.4,left,-17.267,-5.661,0.99,real
60.4,left,-21.179,-10.89,0.96,real
60.4,right,-3.333,-3.88,0.99,real
60.4,right,-6.535,-5.436,0.87,real
60.4,right,-10.163,-7.96,0.75,real
60.4,right,-13.77,-11.298,0.87,real
60.5,left,-3.416,3.635,0.86,real
60.5,left,-8.551,1.705,0.94,real
60.5,left,-13.102,-0.913,0.89,real
60.5,left,-17.563,-5.063,0.91,real
60.5,left,-21.691,-10.424,0.95,real
60.5,right,-2.515,-3.765,0.91,real
60.5,right,-6.456,-4.916,0.89,real
60.5,right,-10.314,-7.581,0.85,real
60.5,right,-13.241,-10.891,0.9,real
60.6,left,-3.108,3.092,0.84,real
60.6,left,-8.218,1.845,0.94,real
60.6,left,-13.069,-1.149,0.78,real
60.6,left,-17.606,-4.972,0.81,real
60.6,left,-21.483,-9.69,0.89,real
60.6,right,-2.74,-3.772,0.86,real
60.6,right,-6.454,-4.979,0.94,real
60.6,right,-9.738,-7.296,0.85,real
60.6,right,-13.69,-10.575,0.94,real
60.7,left,-2.79,3.617,0.77,real
60.7,left,-7.922,1.734,0.86,real
60.7,left,-12.604,-0.746,0.84,real
60.7,left,-17.0,-4.62,0.97,real
60.7,left,-21.51,-9.166,0.86,real
60.7,right,-2.288,-3.786,0.92,real
60.7,right,-6.259,-5.03,0.76,real
60.7,right,-9.768,-7.212,0.83,real
60.7,right,-13.576,-10.132,0.87,real
60.8,left,-2.293,3.279,0.92,real
60.8,left,-7.635,2.113,0.93,real
60.8,left,-12.326,-0.282,0.82,real
60.8,left,-16.911,-3.922,0.78,real
60.8,left,-21.194,-9.014,0.86,real
60.8,right,-1.906,-3.703,0.91,real
60.8,right,-6.336,-4.707,0.99,real
60.8,right,-9.613,-6.878,0.91,real
60.8,right,-13.438,-10.496,0.9,real
60.9,left,-2.08,3.461,0.92,real
60.9,left,-7.076,2.253,0.92,real
60.9,left,-12.06,-0.615,0.78,real
60.9,left,-16.909,-3.753,0.9,real
60.9,left,-20.984,-8.979,0.88,real
60.9,right,-2.064,-3.653,0.82,real
60.9,right,-5.6,-4.748,0.91,real
60.9,right,-9.416,-7.196,0.81,real
60.9,right,-13.085,-9.511,0.76,real
61.0,left,-1.445,3.402,0.93,real
61.0,left,-6.847,2.507,0.91,real
61.0,left,-11.415,-0.309,0.86,real
61.0,left,-16.479,-3.936,0.88,real
61.0,left,-20.619,-8.441,0.91,real
61.0,right,-1.891,-3.712,0.99,real
61.0,right,-5.262,-4.567,0.92,real
61.0,right,-9.579,-6.827,0.78,real
61.0,right,-13.036,-9.858,0.89,real
61.1,left,-1.571,3.277,0.88,real
61.1,left,-6.698,2.278,0.91,real
61.1,left,-11.566,0.038,0.93,real
61.1,left,-16.508,-3.735,0.86,real
61.1,left,-20.794,-8.23,0.95,real
61.1,right,-1.459,-3.561,0.76,real
61.1,right,-5.481,-4.696,0.83,real
61.1,right,-9.096,-6.825,0.82,real
61.1,right,-13.099,-9.41,0.89,real
61.2,left,-1.304,3.508,0.82,real
61.2,left,-6.101,2.436,0.78,real
61.2,left,-10.925,0.119,0.77,real
61.2,left,-16.048,-3.05,0.94,real
61.2,left,-20.731,-7.963,0.94,real
61.2,right,-1.468,-3.8,0.92,real
61.2,right,-5.304,-4.743,0.86,real
61.2,right,-8.659,-6.143,0.73,real
61.2,right,-13.193,-9.264,0.86,real
61.3,left,-0.931,3.695,0.84,real
61.3,left,-5.92,2.95,0.99,real
61.3,left,-10.944,0.331,0.78,real
61.3,left,-15.709,-2.834,0.89,real
61.3,left,-20.737,-7.46,0.92,real
61.3,right,-0.961,-3.297,0.88,real
61.3,right,-5.246,-4.455,0.85,real
61.3,right,-8.758,-6.206,0.81,real
61.3,right,-12.786,-8.985,0.79,real
61.4,left,-0.574,3.158,0.84,real
61.4,left,-6.048,2.799,0.86,real
61.4,left,-10.743,0.26,0.9,real
61.4,left,-15.466,-2.69,0.84,real
61.4,left,-20.045,-7.229,0.93,real
61.4,right,-0.764,-3.553,0.92,real
61.4,right,-4.869,-4.306,0.88,real
61.4,right,-9.125,-5.9,0.9,real
61.4,right,-12.477,-8.962,0.73,real
61.5,left,-0.211,3.686,0.84,real
61.5,left,-5.437,2.83,0.96,real
61.5,left,-10.739,0.759,0.85,real
61.5,left,-15.534,-2.281,0.92,real
61.5,left,-19.861,-6.684,0.87,real
61.5,right,-0.808,-3.403,0.79,real
61.5,right,-4.534,-4.551,0.83,real
61.5,right,-8.357,-5.951,0.82,real
61.5,right,-12.372,-8.831,0.99,real
61.6,left,-4.859,2.689,0.92,real
61.6,left,-10.428,0.977,0.9,real
61.6,left,-15.414,-1.953,0.99,real
61.6,left,-20.043,-6.51,0.93,real
61.6,right,-0.361,-3.873,0.8,real
61.6,right,-4.154,-4.275,0.81,real
61.6,right,-8.449,-5.881,0.9,real
61.6,right,-12.222,-8.631,0.99,real
61.7,left,-4.722,2.951,0.93,real
61.7,left,-10.099,1.035,0.77,real
61.7,left,-14.88,-1.879,0.94,real
61.7,left,-19.904,-5.887,0.89,real
61.7,right,-0.269,-3.364,0.84,real
61.7,right,-4.137,-4.248,0.88,real
61.7,right,-8.101,-5.729,0.85,real
61.7,right,-12.138,-8.462,0.87,real
61.7,right,-16.071,-11.984,0.91,real
61.8,left,-4.48,3.103,0.78,real
61.8,left,-9.426,1.194,0.87,real
61.8,left,-14.732,-1.494,0.81,real
61.8,left,-19.783,-5.878,0.85,real
61.8,right,-0.121,-3.517,0.91,real
61.8,right,-3.975,-3.803,0.86,real
61.8,right,-7.782,-5.848,0.83,real
61.8,right,-12.154,-8.121,0.8,real
61.8,right,-15.69,-11.928,0.9,real
61.9,left,-3.946,2.871,0.84,real
61.9,left,-9.164,1.158,0.79,real
61.9,left,-14.553,-1.413,0.89,real
61.9,left,-19.383,-5.639,0.91,real
61.9,right,-3.871,-3.67,0.85,real
61.9,right,-7.791,-5.438,0.89,real
61.9,right,-11.644,-7.541,0.91,real
61.9,right,-15.927,-11.686,0.98,real
62.0,left,-3.692,3.287,0.99,real
62.0,left,-8.98,1.503,0.86,real
62.0,left,-14.278,-1.007,0.9,real
62.0,left,-19.226,-5.094,0.8,real
62.0,right,-3.787,-4.076,0.87,real
62.0,right,-7.677,-5.716,0.99,real
62.0,right,-11.864,-7.892,0.82,real
62.0,right,-15.794,-11.121,0.94,real
62.1,left,-3.534,3.236,0.99,real
62.1,left,-8.815,1.439,0.8,real
62.1,left,-14.578,-1.135,0.95,real
62.1,left,-19.071,-4.844,0.91,real
62.1,right,-3.409,-4.03,0.97,real
62.1,right,-7.578,-5.475,0.92,real
62.1,right,-11.794,-7.568,0.89,real
62.1,right,-15.589,-10.968,0.92,real
62.2,left,-2.875,3.543,0.85,real
62.2,left,-8.56,1.589,0.78,real
62.2,left,-13.678,-0.595,0.9,real
62.2,left,-19.233,-4.587,0.93,real
62.2,right,-3.348,-3.946,0.94,real
62.2,right,-7.196,-4.696,0.88,real
62.2,right,-11.343,-7.299,0.93,real
62.2,right,-15.418,-10.892,0.91,real
62.3,left,-2.953,3.277,0.84,real
62.3,left,-8.192,1.934,0.96,real
62.3,left,-13.788,-0.833,0.88,real
62.3,left,-18.942,-4.502,0.94,real
62.3,right,-2.995,-3.404,0.86,real
62.3,right,-7.097,-5.374,0.91,real
62.3,right,-11.354,-7.036,0.94,real
62.3,right,-15.512,-10.481,0.85,real
62.4,left,-2.231,3.338,0.75,real
62.4,left,-7.803,2.156,0.81,real
62.4,left,-13.28,-0.451,0.84,real
62.4,left,-18.063,-3.983,0.81,real
62.4,right,-2.757,-3.729,0.83,real
62.4,right,-6.943,-4.75,0.89,real
62.4,right,-11.179,-7.112,0.93,real
62.4,right,-15.166,-10.097,0.87,real
62.5,left,-2.165,3.456,0.88,real
62.5,left,-7.492,2.283,0.86,real
62.5,left,-12.768,-0.172,0.83,real
62.5,left,-18.475,-3.635,0.9,real
62.5,right,-2.61,-3.656,0.93,real
62.5,right,-6.706,-4.598,0.76,real
62.5,right,-11.018,-7.09,0.95,real
62.5,right,-14.807,-9.879,0.9,real
62.6,left,-1.54,3.172,0.96,real
62.6,left,-7.335,2.625,0.86,real
62.6,left,-12.646,0.173,0.99,real
62.6,left,-18.205,-3.329,0.92,real
62.6,right,-2.24,-3.753,0.78,real
62.6,right,-6.337,-4.689,0.86,real
62.6,right,-10.563,-6.611,0.92,real
62.6,right,-15.141,-10.039,0.89,real
62.7,left,-1.063,3.521,0.98,real
62.7,left,-7.027,2.38,0.74,real
62.7,left,-12.335,0.272,0.93,real
62.7,left,-17.881,-3.281,0.88,real
62.7,right,-2.088,-3.518,0.82,real
62.7,right,-6.155,-4.63,0.83,real
62.7,right,-10.774,-6.299,0.94,real
62.7,right,-14.835,-9.126,0.75,real
62.8,left,-1.075,3.52,0.79,real
62.8,left,-6.448,2.428,0.82,real
62.8,left,-12.01,0.402,0.82,real
62.8,left,-17.74,-3.052,0.91,real
62.8,right,-1.839,-3.596,0.83,real
62.8,right,-6.098,-4.496,0.92,real
62.8,right,-10.382,-6.538,0.87,real
62.8,right,-14.306,-9.216,0.8,real
62.9,left,-1.323,3.751,0.87,real
62.9,left,-6.289,2.686,0.73,real
62.9,left,-11.962,0.363,0.98,real
62.9,left,-17.389,-2.89,0.89,real
62.9,right,-1.293,-3.483,0.84,real
62.9,right,-5.839,-4.448,0.89,real
62.9,right,-10.392,-6.506,0.99,real
62.9,right,-14.688,-9.06,0.86,real
63.0,left,-0.885,3.616,0.9,real
63.0,left,-5.834,2.801,0.77,real
63.0,left,-11.358,0.804,0.97,real
63.0,left,-16.959,-2.342,0.89,real
63.0,right,-1.771,-3.811,0.99,real
63.0,right,-5.583,-4.067,0.86,real
63.0,right,-10.46,-6.042,0.75,real
63.0,right,-14.467,-9.187,0.73,real
63.1,left,-0.276,3.547,0.96,real
63.1,left,-5.87,3.119,0.92,real
63.1,left,-11.15,0.695,0.96,real
63.1,left,-16.815,-1.991,0.91,real
63.1,right,-1.14,-3.485,0.94,real
63.1,right,-5.722,-4.228,0.9,real
63.1,right,-9.663,-6.022,0.99,real
63.1,right,-14.523,-8.79,0.82,real
63.2,left,-5.251,2.889,0.86,real
63.2,left,-10.927,0.818,0.99,real
63.2,left,-16.556,-1.735,0.9,real
63.2,right,-0.698,-3.114,0.95,real
63.2,right,-5.379,-4.39,0.75,real
63.2,right,-9.938,-5.68,0.76,real
63.2,right,-14.142,-8.439,0.94,real
63.2,right,-18.632,-11.963,0.83,real
63.3,left,-5.039,3.101,0.87,real
63.3,left,-10.731,0.972,0.82,real
63.3,left,-16.474,-1.845,0.96,real
63.3,left,-21.808,-5.521,0.86,real
63.3,right,-0.637,-3.507,0.96,real
63.3,right,-4.885,-4.249,0.8,real
63.3,right,-9.394,-5.623,0.79,real
63.3,right,-13.72,-8.538,0.83,real
63.3,right,-18.422,-11.972,0.84,real
63.4,left,-4.756,3.017,0.87,real
63.4,left,-10.236,1.284,0.89,real
63.4,left,-16.157,-1.405,0.87,real
63.4,left,-22.089,-5.758,0.81,real
63.4,right,-0.702,-3.523,0.82,real
63.4,right,-4.667,-3.989,0.79,real
63.4,right,-9.257,-5.61,0.83,real
63.4,right,-13.622,-8.043,0.78,real
63.4,right,-18.349,-11.542,0.85,real
63.5,left,-3.791,2.979,0.88,real
63.5,left,-9.884,1.641,0.85,real
63.5,left,-15.833,-1.212,0.86,real
63.5,left,-21.677,-5.173,0.8,real
63.5,right,-0.237,-3.146,0.81,real
63.5,right,-4.762,-3.68,0.8,real
63.5,right,-9.418,-5.448,0.87,real
63.5,right,-13.581,-7.963,0.99,real
63.5,right,-18.354,-11.112,0.9,real
63.6,left,-4.0,3.182,0.87,real
63.6,left,-9.603,1.316,0.92,real
63.6,left,-15.623,-1.16,0.85,real
63.6,left,-21.307,-4.856,0.9,real
63.6,right,-4.351,-3.868,0.9,real
63.6,right,-8.891,-5.466,0.97,real
63.6,right,-13.527,-7.656,0.89,real
63.6,right,-18.098,-10.754,0.98,real
63.7,left,-3.517,3.063,0.92,real
63.7,left,-9.166,1.815,0.82,real
63.7,left,-15.166,-1.106,0.85,real
63.7,left,-21.248,-4.319,0.85,real
63.7,right,-4.032,-3.955,0.91,real
63.7,right,-8.038,-5.144,0.91,real
63.7,right,-12.967,-7.235,0.77,real
63.7,right,-17.646,-10.401,0.79,real
63.8,left,-3.27,3.162,0.83,real
63.8,left,-9.323,1.898,0.82,real
63.8,left,-14.92,-0.778,0.85,real
63.8,left,-20.738,-4.533,0.93,real
63.8,right,-3.908,-3.765,0.94,real
63.8,right,-8.357,-5.017,0.8,real
63.8,right,-12.924,-7.318,0.86,real
63.8,right,-17.727,-10.28,0.81,real
63.9,left,-3.218,3.308,0.82,real
63.9,left,-8.892,1.96,0.87,real
63.9,left,-14.708,-0.528,0.8,real
63.9,left,-20.689,-3.578,0.9,real
63.9,right,-3.729,-3.486,0.94,real
63.9,right,-8.332,-5.132,0.88,real
63.9,right,-13.093,-7.363,0.91,real
63.9,right,-17.884,-10.303,0.85,real
64.0,left,-2.545,3.522,0.86,real
64.0,left,-8.571,1.972,0.83,real
64.0,left,-14.601,-0.431,0.79,real
64.0,left,-20.39,-3.398,0.8,real
64.0,right,-3.419,-3.981,0.92,real
64.0,right,-7.95,-4.901,0.9,real
64.0,right,-12.571,-6.845,0.91,real
64.0,right,-17.503,-9.831,0.95,real
64.1,left,-2.184,3.378,0.94,real
64.1,left,-8.24,1.909,0.89,real
64.1,left,-14.145,-0.273,0.98,real
64.1,left,-19.935,-3.594,0.97,real
64.1,right,-2.868,-3.707,0.84,real
64.1,right,-7.478,-4.903,0.95,real
64.1,right,-12.579,-6.706,0.96,real
64.1,right,-17.341,-9.823,0.84,real
64.2,left,-1.737,3.307,0.92,real
64.2,left,-7.731,1.878,0.9,real
64.2,left,-13.707,-0.051,0.81,real
64.2,left,-19.722,-3.125,0.89,real
64.2,right,-2.594,-3.533,0.9,real
64.2,right,-7.614,-4.92,0.93,real
64.2,right,-12.414,-6.876,0.87,real
64.2,right,-17.378,-9.477,0.81,real
64.2,left,-5.832,7.671,0.28,ghost
64.3,left,-1.631,3.807,0.77,real
64.3,left,-7.32,2.398,0.84,real
64.3,left,-13.546,0.123,0.92,real
64.3,left,-19.768,-2.724,0.99,real
64.3,right,-2.428,-3.693,0.86,real
64.3,right,-7.441,-4.785,0.92,real
64.3,right,-11.76,-6.386,0.82,real
64.3,right,-17.042,-9.385,0.9,real
64.4,left,-1.412,3.427,0.74,real
64.4,left,-7.094,2.358,0.84,real
64.4,left,-13.01,0.356,0.82,real
64.4,left,-19.217,-2.627,0.9,real
64.4,right,-2.238,-3.966,0.86,real
64.4,right,-7.053,-4.563,0.83,real
64.4,right,-11.639,-6.371,0.94,real
64.4,right,-16.803,-9.419,0.93,real
64.4,unknown,-2.887,-3.929,0.36,ghost
64.5,left,-0.946,3.502,0.83,real
64.5,left,-6.939,2.513,0.9,real
64.5,left,-12.917,0.574,0.87,real
64.5,left,-19.065,-2.151,0.89,real
64.5,right,-1.835,-3.461,0.69,real
64.5,right,-6.663,-4.163,0.89,real
64.5,right,-11.594,-5.916,0.93,real
64.5,right,-16.635,-8.751,0.85,real
64.6,left,-0.868,3.462,0.88,real
64.6,left,-6.685,2.861,0.85,real
64.6,left,-12.741,0.65,0.92,real
64.6,left,-18.778,-1.846,0.99,real
64.6,right,-1.954,-3.339,0.84,real
64.6,right,-6.521,-4.36,0.83,real
64.6,right,-11.664,-6.299,0.9,real
64.6,right,-16.467,-8.551,0.86,real
64.7,left,-0.064,3.515,0.84,real
64.7,left,-6.407,3.075,0.99,real
64.7,left,-12.377,0.782,0.79,real
64.7,left,-18.545,-1.653,0.86,real
64.7,right,-1.388,-3.311,0.89,real
64.7,right,-6.556,-4.033,0.86,real
64.7,right,-11.302,-5.906,0.99,real
64.7,right,-16.371,-8.434,0.76,real
64.7,right,-21.34,-11.873,0.96,real
64.8,left,-6.078,2.748,0.9,real
64.8,left,-12.308,1.17,0.88,real
64.8,left,-18.157,-1.363,0.91,real
64.8,right,-1.047,-3.453,0.97,real
64.8,right,-6.137,-4.31,0.78,real
64.8,right,-10.974,-5.986,0.8,real
64.8,right,-16.113,-8.053,0.8,real
64.8,right,-21.14,-11.453,0.88,real
64.9,left,-5.489,2.975,0.94,real
64.9,left,-11.705,1.37,0.86,real
64.9,left,-17.845,-1.438,0.84,real
64.9,right,-1.068,-3.39,0.89,real
64.9,right,-6.007,-4.235,0.79,real
64.9,right,-10.569,-5.546,0.92,real
64.9,right,-15.785,-8.466,0.93,real
64.9,right,-20.639,-11.211,0.86,real
65.0,left,-5.092,3.015,0.99,real
65.0,left,-11.308,1.539,0.81,real
65.0,left,-17.437,-1.411,0.96,real
65.0,right,-0.691,-3.63,0.87,real
65.0,right,-5.445,-4.006,0.74,real
65.0,right,-10.309,-5.563,0.91,real
65.0,right,-15.63,-7.859,0.9,real
65.0,right,-21.067,-11.323,0.89,real
65.1,left,-4.742,3.004,0.95,real
65.1,left,-10.945,1.742,0.8,real
65.1,left,-17.097,-0.877,0.81,real
65.1,right,-0.524,-3.481,0.88,real
65.1,right,-5.192,-4.113,0.9,real
65.1,right,-10.115,-5.508,0.85,real
65.1,right,-15.011,-7.566,0.82,real
65.1,right,-20.306,-10.987,0.92,real
65.1,unknown,-10.279,-1.262,0.44,ghost
65.2,left,-4.528,2.95,0.94,real
65.2,left,-10.551,1.533,0.77,real
65.2,left,-17.216,-0.814,0.88,real
65.2,right,-0.199,-3.495,0.82,real
65.2,right,-5.047,-4.044,0.95,real
65.2,right,-9.615,-5.502,0.85,real
65.2,right,-15.115,-7.547,0.99,real
65.2,right,-20.364,-10.115,0.95,real
65.3,left,-4.057,3.109,0.98,real
65.3,left,-10.418,1.682,0.85,real
65.3,left,-16.861,-0.629,0.99,real
65.3,right,-4.231,-3.852,0.94,real
65.3,right,-9.838,-4.947,0.96,real
65.3,right,-15.102,-7.556,0.84,real
65.3,right,-20.169,-10.121,0.87,real
65.4,left,-3.771,3.18,0.81,real
65.4,left,-9.917,1.977,0.93,real
65.4,left,-16.658,-0.166,0.84,real
65.4,right,-4.572,-3.983,0.9,real
65.4,right,-9.288,-4.822,0.86,real
65.4,right,-14.472,-7.138,0.94,real
65.4,right,-20.094,-9.982,0.79,real
65.5,left,-3.463,3.214,0.9,real
65.5,left,-9.542,2.273,0.98,real
65.5,left,-15.826,-0.045,0.97,real
65.5,right,-4.202,-4.028,0.99,real
65.5,right,-9.495,-5.212,0.89,real
65.5,right,-14.323,-7.15,0.8,real
65.5,right,-19.444,-9.701,0.88,real
65.6,left,-3.097,3.289,0.88,real
65.6,left,-9.741,2.288,0.85,real
65.6,left,-15.93,-0.204,0.91,real
65.6,right,-3.811,-3.815,0.95,real
65.6,right,-8.931,-4.562,0.91,real
65.6,right,-14.206,-6.752,0.85,real
65.6,right,-19.771,-9.653,0.85,real
65.7,left,-2.828,3.499,0.86,real
65.7,left,-9.279,2.616,0.79,real
65.7,left,-15.434,0.108,0.99,real
65.7,right,-3.947,-3.517,0.96,real
65.7,right,-8.406,-4.836,0.99,real
65.7,right,-13.741,-6.652,0.99,real
65.7,right,-19.316,-9.512,0.91,real
65.8,left,-2.205,3.672,0.89,real
65.8,left,-8.559,2.074,0.97,real
65.8,left,-15.462,0.105,0.98,real
65.8,left,-21.5,-2.961,0.88,real
65.8,right,-3.3,-3.593,0.85,real
65.8,right,-8.119,-4.88,0.94,real
65.8,right,-13.653,-6.714,0.86,real
65.8,right,-19.133,-9.296,0.93,real
65.9,left,-1.829,3.235,0.96,real
65.9,left,-8.206,2.199,0.88,real
65.9,left,-14.87,0.306,0.92,real
65.9,left,-21.746,-2.36,0.92,real
65.9,right,-3.301,-3.537,0.83,real
65.9,right,-8.302,-4.687,0.75,real
65.9,right,-13.781,-6.658,0.82,real
65.9,right,-18.743,-9.14,0.94,real
66.0,left,-1.695,3.516,0.72,real
66.0,left,-8.187,2.414,0.97,real
66.0,left,-14.518,0.443,0.76,real
66.0,left,-21.392,-2.449,0.92,real
66.0,right,-2.824,-3.856,0.95,real
66.0,right,-7.899,-4.328,0.93,real
66.0,right,-12.965,-6.447,0.91,real
66.0,right,-18.675,-8.831,0.95,real
66.1,left,-1.354,2.941,0.9,real
66.1,left,-7.625,2.347,0.91,real
66.1,left,-14.218,1.123,0.88,real
66.1,left,-20.685,-1.951,0.85,real
66.1,right,-2.794,-3.651,0.95,real
66.1,right,-7.389,-4.421,0.75,real
66.1,right,-12.839,-6.003,0.9,real
66.1,right,-18.409,-9.036,0.89,real
66.2,left,-0.723,3.094,0.85,real
66.2,left,-7.182,2.715,0.76,real
66.2,left,-13.94,0.93,0.85,real
66.2,left,-20.762,-1.622,0.93,real
66.2,right,-2.247,-3.64,0.9,real
66.2,right,-7.116,-4.2,0.89,real
66.2,right,-12.848,-5.798,0.89,real
66.2,right,-18.503,-8.332,0.87,real
66.3,left,-0.352,3.312,0.84,real
66.3,left,-6.994,2.856,0.81,real
66.3,left,-13.513,1.137,0.97,real
66.3,left,-20.4,-1.619,0.91,real
66.3,right,-2.108,-4.061,0.86,real
66.3,right,-7.384,-3.953,0.79,real
66.3,right,-12.464,-5.967,0.87,real
66.3,right,-18.008,-8.599,0.91,real
66.4,left,0.066,3.496,0.9,real
66.4,left,-6.718,2.805,0.81,real
66.4,left,-13.27,1.254,0.9,real
66.4,left,-19.74,-1.555,0.84,real
66.4,right,-1.738,-3.341,0.91,real
66.4,right,-6.913,-4.45,0.81,real
66.4,right,-12.074,-5.529,0.98,real
66.4,right,-17.871,-8.141,0.84,real
66.5,left,-5.923,3.224,0.79,real
66.5,left,-12.919,1.336,0.98,real
66.5,left,-19.765,-1.232,0.87,real
66.5,right,-1.34,-3.421,0.85,real
66.5,right,-6.618,-4.33,0.84,real
66.5,right,-12.19,-5.65,0.89,real
66.5,right,-17.491,-7.791,0.81,real
66.6,left,-6.008,3.361,0.87,real
66.6,left,-12.439,1.508,0.88,real
66.6,left,-19.342,-1.005,0.82,real
66.6,right,-1.066,-3.475,0.79,real
66.6,right,-6.237,-3.964,0.92,real
66.6,right,-11.805,-5.59,0.73,real
66.6,right,-17.28,-7.69,0.9,real
66.7,left,-5.75,2.7,0.75,real
66.7,left,-12.004,1.863,0.87,real
66.7,left,-19.186,-0.728,0.87,real
66.7,right,-0.614,-3.843,0.76,real
66.7,right,-5.913,-3.849,0.75,real
66.7,right,-11.146,-5.37,0.98,real
66.7,right,-16.826,-7.329,0.84,real
66.7,left,-14.31,4.016,0.26,ghost
66.8,left,-5.249,3.108,0.86,real
66.8,left,-11.691,1.854,0.99,real
66.8,left,-18.712,-0.94,0.92,real
66.8,right,-0.501,-3.429,0.89,real
66.8,right,-5.613,-3.943,0.74,real
66.8,right,-10.773,-5.19,0.91,real
66.8,right,-16.606,-7.54,0.92,real
66.9,left,-4.803,2.959,0.81,real
66.9,left,-11.55,1.673,0.81,real
66.9,left,-18.514,-0.618,0.82,real
66.9,right,-0.068,-3.441,0.87,real
66.9,right,-5.331,-3.661,0.92,real
66.9,right,-10.824,-5.085,0.97,real
66.9,right,-16.444,-7.507,0.83,real
66.9,right,-21.923,-9.881,0.82,real
67.0,left,-4.486,3.119,0.73,real
67.0,left,-11.3,1.991,0.87,real
67.0,left,-17.842,-0.305,0.85,real
67.0,right,-5.119,-4.112,0.84,real
67.0,right,-10.767,-5.347,0.87,real
67.0,right,-16.324,-7.0,0.77,real
67.0,right,-21.826,-9.777,0.83,real
67.0,left,-15.429,-2.433,0.27,ghost
67.1,left,-4.028,3.056,0.88,real
67.1,left,-11.111,2.059,0.91,real
67.1,left,-17.477,-0.007,0.92,real
67.1,right,-4.737,-4.001,0.84,real
67.1,right,-10.4,-5.144,0.83,real
67.1,right,-16.202,-7.087,0.93,real
67.1,right,-21.55,-9.483,0.94,real
67.2,left,-3.496,3.276,0.89,real
67.2,left,-10.381,2.419,0.95,real
67.2,left,-17.133,0.131,0.92,real
67.2,right,-4.449,-3.648,0.84,real
67.2,right,-9.995,-5.061,0.99,real
67.2,right,-15.54,-6.933,0.99,real
67.2,right,-21.14,-8.974,0.91,real
67.3,left,-2.756,3.475,0.75,real
67.3,left,-10.101,2.244,0.86,real
67.3,left,-16.696,0.434,0.84,real
67.3,right,-4.126,-4.078,0.93,real
67.3,right,-9.633,-4.964,0.97,real
67.3,right,-15.095,-6.593,0.85,real
67.3,right,-20.84,-9.22,0.95,real
67.4,left,-2.95,3.087,0.89,real
67.4,left,-9.82,2.386,0.93,real
67.4,left,-16.636,0.31,0.97,real
67.4,right,-3.656,-3.578,0.72,real
67.4,right,-9.503,-4.866,0.95,real
67.4,right,-15.009,-6.264,0.79,real
67.4,right,-21.045,-8.911,0.8,real
67.5,left,-2.429,3.622,0.81,real
67.5,left,-9.176,2.446,0.8,real
67.5,left,-16.235,0.446,0.85,real
67.5,right,-3.426,-3.447,0.85,real
67.5,right,-9.008,-4.243,0.77,real
67.5,right,-14.789,-6.423,0.93,real
67.5,right,-20.519,-8.683,0.94,real
67.6,left,-2.087,3.692,0.85,real
67.6,left,-8.78,2.638,0.82,real
67.6,left,-15.785,0.564,0.85,real
67.6,right,-2.797,-3.359,0.9,real
67.6,right,-8.564,-4.587,0.87,real
67.6,right,-14.521,-6.123,0.84,real
67.6,right,-20.184,-8.48,0.84,real
67.6,unknown,-9.181,1.841,0.29,ghost
67.7,left,-2.16,3.614,0.99,real
67.7,left,-8.83,2.57,0.89,real
67.7,left,-15.382,0.386,0.82,real
67.7,right,-2.573,-3.839,0.82,real
67.7,right,-8.389,-4.29,0.99,real
67.7,right,-14.076,-5.712,0.83,real
67.7,right,-19.838,-8.034,0.87,real
67.8,left,-1.035,3.737,0.74,real
67.8,left,-8.078,2.438,0.96,real
67.8,left,-15.399,0.919,0.94,real
67.8,right,-2.229,-3.819,0.87,real
67.8,right,-7.997,-4.198,0.91,real
67.8,right,-14.094,-5.653,0.81,real
67.8,right,-19.638,-8.248,0.83,real
67.9,left,-1.46,3.406,0.98,real
67.9,left,-7.847,3.139,0.79,real
67.9,left,-14.564,1.113,0.81,real
67.9,left,-21.883,-1.25,0.85,real
67.9,right,-2.2,-3.204,0.76,real
67.9,right,-7.311,-4.439,0.94,real
67.9,right,-13.74,-5.25,0.93,real
67.9,right,-19.428,-7.965,0.86,real
68.0,left,-0.162,3.643,0.91,real
68.0,left,-7.788,2.726,0.89,real
68.0,left,-14.602,1.367,0.86,real
68.0,left,-21.643,-1.073,0.91,real
68.0,right,-2.161,-3.635,0.95,real
68.0,right,-7.371,-4.201,0.88,real
68.0,right,-12.932,-5.797,0.95,real
68.0,right,-19.038,-7.934,0.87,real
68.1,left,-0.202,3.461,0.89,real
68.1,left,-7.159,2.79,0.95,real
68.1,left,-14.069,1.606,0.97,real
68.1,left,-21.135,-1.019,0.76,real
68.1,right,-1.502,-3.489,0.95,real
68.1,right,-7.081,-4.126,0.94,real
68.1,right,-12.97,-5.187,0.82,real
68.1,right,-18.717,-7.508,0.97,real
68.2,left,-6.723,2.66,0.82,real
68.2,left,-13.766,1.529,0.85,real
68.2,left,-20.831,-0.75,0.9,real
68.2,right,-0.929,-3.689,0.82,real
68.2,right,-7.01,-3.93,0.84,real
68.2,right,-12.866,-5.531,0.93,real
68.2,right,-18.118,-7.391,0.99,real
68.3,left,-6.278,3.268,0.82,real
68.3,left,-13.469,1.542,0.8,real
68.3,left,-20.481,-0.533,0.73,real
68.3,right,-0.794,-3.166,0.82,real
68.3,right,-6.395,-3.997,0.97,real
68.3,right,-12.436,-4.894,0.85,real
68.3,right,-17.743,-7.221,0.96,real
68.4,left,-6.022,3.264,0.85,real
68.4,left,-12.985,1.789,0.99,real
68.4,left,-20.028,-0.405,0.87,real
68.4,right,-0.458,-3.369,0.82,real
68.4,right,-6.038,-3.715,0.99,real
68.4,right,-12.079,-5.103,0.99,real
68.4,right,-17.928,-6.926,0.84,real
68.5,left,-5.175,3.09,0.81,real
68.5,left,-12.438,2.19,0.99,real
68.5,left,-19.604,-0.624,0.83,real
68.5,right,-0.129,-3.515,0.95,real
68.5,right,-5.772,-3.339,0.8,real
68.5,right,-11.648,-5.215,0.86,real
68.5,right,-17.284,-6.708,0.97,real
68.6,left,-5.111,3.239,0.91,real
68.6,left,-12.255,1.741,0.9,real
68.6,left,-19.418,-0.09,0.93,real
68.6,right,-5.267,-3.998,0.85,real
68.6,right,-11.394,-4.834,0.85,real
68.6,right,-17.345,-6.839,0.81,real
68.7,left,-4.576,3.042,0.99,real
68.7,left,-12.003,1.756,0.89,real
68.7,left,-18.868,-0.051,0.9,real
68.7,right,-4.908,-3.838,0.91,real
68.7,right,-11.26,-5.074,0.98,real
68.7,right,-17.063,-6.632,0.97,real
68.8,left,-4.271,3.367,0.85,real
68.8,left,-11.397,2.153,0.74,real
68.8,left,-18.594,-0.08,0.81,real
68.8,right,-4.861,-3.603,0.82,real
68.8,right,-11.006,-4.992,0.89,real
68.8,right,-16.638,-6.333,0.79,real
68.9,left,-3.68,3.332,0.96,real
68.9,left,-11.324,2.054,0.93,real
68.9,left,-17.769,0.261,0.82,real
68.9,right,-4.413,-3.757,0.99,real
68.9,right,-10.203,-4.418,0.95,real
68.9,right,-16.685,-6.173,0.88,real
69.0,left,-3.286,3.672,0.85,real
69.0,left,-10.572,2.239,0.99,real
69.0,left,-18.058,0.848,0.83,real
69.0,right,-3.88,-3.498,0.91,real
69.0,right,-10.026,-4.478,0.94,real
69.0,right,-15.916,-6.367,0.93,real
69.0,right,-21.858,-8.393,0.88,real
69.1,left,-3.06,3.044,0.93,real
69.1,left,-10.404,2.6,0.85,real
69.1,left,-17.475,0.895,0.91,real
69.1,right,-4.201,-3.669,0.84,real
69.1,right,-9.89,-4.547,0.88,real
69.1,right,-15.889,-6.008,0.83,real
69.1,right,-21.367,-8.486,0.9,real
69.2,left,-2.712,3.477,0.79,real
69.2,left,-9.894,2.533,0.97,real
69.2,left,-17.093,1.126,0.89,real
69.2,right,-3.617,-3.671,0.78,real
69.2,right,-9.25,-4.424,0.91,real
69.2,right,-15.402,-5.86,0.92,real
69.2,right,-21.27,-7.994,0.76,real
69.2,unknown,-7.682,1.21,0.51,ghost
69.3,left,-2.489,3.364,0.82,real
69.3,left,-9.296,3.105,0.79,real
69.3,left,-16.935,1.033,0.84,real
69.3,right,-3.103,-3.657,0.8,real
69.3,right,-8.78,-4.084,0.92,real
69.3,right,-15.135,-6.059,0.88,real
69.3,right,-21.01,-7.899,0.94,real
69.4,left,-2.104,3.625,0.89,real
69.4,left,-8.862,2.691,0.95,real
69.4,left,-15.764,1.12,0.85,real
69.4,right,-2.759,-3.994,0.94,real
69.4,right,-8.787,-4.307,0.78,real
69.4,right,-14.526,-5.89,0.94,real
69.4,right,-20.895,-8.16,0.86,real
69.5,left,-1.486,3.383,0.91,real
69.5,left,-8.315,3.14,0.93,real
69.5,left,-15.841,0.963,0.86,real
69.5,right,-2.316,-3.42,0.99,real
69.5,right,-8.522,-4.032,0.76,real
69.5,right,-14.132,-5.731,0.87,real
69.5,right,-20.742,-7.737,0.8,real
69.6,left,-1.025,3.534,0.93,real
69.6,left,-8.646,2.799,0.98,real
69.6,left,-15.722,0.988,0.95,real
69.6,right,-1.938,-3.287,0.79,real
69.6,right,-7.824,-4.736,0.76,real
69.6,right,-14.507,-5.651,0.81,real
69.6,right,-20.013,-7.277,0.83,real
69.7,left,-0.287,3.268,0.86,real
69.7,left,-7.542,2.686,0.72,real
69.7,left,-14.692,1.408,0.98,real
69.7,right,-1.796,-3.393,0.98,real
69.7,right,-7.445,-3.76,0.9,real
69.7,right,-13.955,-5.501,0.83,real
69.7,right,-19.717,-7.296,0.81,real
69.8,left,-0.223,3.242,0.82,real
69.8,left,-7.701,2.685,0.84,real
69.8,left,-14.589,1.72,0.98,real
69.8,left,-21.921,-0.714,0.95,real
69.8,right,-1.282,-3.496,0.9,real
69.8,right,-7.026,-4.065,0.99,real
69.8,right,-13.208,-5.318,0.98,real
69.8,right,-19.533,-7.241,0.86,real
69.9,left,-6.675,3.17,0.97,real
69.9,left,-14.181,1.831,0.93,real
69.9,left,-21.506,-0.443,0.74,real
69.9,right,-0.813,-3.347,0.94,real
69.9,right,-7.35,-4.01,0.97,real
69.9,right,-13.19,-5.082,0.85,real
69.9,right,-18.995,-7.281,0.85,real
70.0,left,-6.649,2.99,0.88,real
70.0,left,-13.881,1.619,0.89,real
70.0,left,-21.164,-0.158,0.81,real
70.0,right,-0.857,-3.61,0.93,real
70.0,right,-6.661,-4.131,0.85,real
70.0,right,-12.691,-4.896,0.95,real
70.0,right,-18.701,-6.676,0.86,real
70.1,left,-5.949,3.225,0.89,real
70.1,left,-13.59,2.123,0.88,real
70.1,left,-20.967,-0.302,0.88,real
70.1,right,-0.163,-3.286,0.79,real
70.1,right,-6.67,-3.944,0.82,real
70.1,right,-11.904,-4.791,0.86,real
70.1,right,-18.267,-6.741,0.97,real
70.2,left,-5.382,3.335,0.74,real
70.2,left,-13.032,2.165,0.9,real
70.2,left,-20.419,-0.047,0.82,real
70.2,right,-6.032,-4.231,0.82,real
70.2,right,-11.713,-4.823,0.85,real
70.2,right,-18.131,-6.686,0.9,real
70.3,left,-5.371,3.192,0.8,real
70.3,left,-12.267,1.722,0.81,real
70.3,left,-19.901,-0.055,0.84,real
70.3,right,-5.502,-3.766,0.8,real
70.3,right,-11.75,-4.685,0.92,real
70.3,right,-17.656,-6.345,0.81,real
70.4,left,-5.047,2.931,0.81,real
70.4,left,-12.552,2.034,0.83,real
70.4,left,-19.695,0.293,0.86,real
70.4,right,-5.172,-3.698,0.83,real
70.4,right,-11.379,-4.657,0.81,real
70.4,right,-17.699,-6.448,0.97,real
70.5,left,-4.458,3.109,0.86,real
70.5,left,-12.06,2.138,0.86,real
70.5,left,-19.113,0.464,0.83,real
70.5,right,-4.855,-3.963,0.79,real
70.5,right,-10.771,-4.709,0.94,real
70.5,right,-17.125,-6.34,0.84,real
70.6,left,-4.14,2.978,0.87,real
70.6,left,-11.151,2.651,0.81,real
70.6,left,-18.638,0.71,0.85,real
70.6,right,-4.095,-3.915,0.82,real
70.6,right,-10.671,-4.509,0.94,real
70.6,right,-16.694,-6.509,0.98,real
70.7,left,-3.521,3.362,0.91,real
70.7,left,-11.239,2.621,0.75,real
70.7,left,-18.65,0.956,0.82,real
70.7,right,-4.061,-3.912,0.92,real
70.7,right,-10.099,-4.357,0.9,real
70.7,right,-16.644,-5.749,0.87,real
70.8,left,-3.459,3.511,0.8,real
70.8,left,-10.663,2.506,0.85,real
70.8,left,-18.164,0.997,0.83,real
70.8,right,-4.173,-3.39,0.84,real
70.8,right,-9.656,-4.434,0.8,real
70.8,right,-16.113,-5.77,0.88,real
70.8,left,-3.693,1.136,0.27,ghost
70.9,left,-2.903,3.241,0.99,real
70.9,left,-10.229,2.832,0.84,real
70.9,left,-17.929,1.051,0.93,real
70.9,right,-3.265,-3.397,0.81,real
70.9,right,-9.763,-4.546,0.97,real
70.9,right,-15.695,-5.77,0.85,real
70.9,right,-21.894,-7.924,0.82,real
70.9,left,-6.423,-4.425,0.5,ghost
71.0,left,-2.583,3.197,0.86,real
71.0,left,-9.875,2.481,0.96,real
71.0,left,-16.846,1.007,0.94,real
71.0,right,-2.774,-3.457,0.85,real
71.0,right,-8.901,-4.142,0.98,real
71.0,right,-14.923,-5.472,0.85,real
71.0,right,-21.474,-7.283,0.75,real
71.1,left,-1.7,3.538,0.93,real
71.1,left,-9.371,2.61,0.86,real
71.1,left,-16.835,1.178,0.97,real
71.1,right,-2.31,-3.805,0.87,real
71.1,right,-8.864,-4.252,0.84,real
71.1,right,-14.912,-5.456,0.91,real
71.1,right,-20.899,-7.401,0.89,real
71.2,left,-1.532,3.483,0.89,real
71.2,left,-9.157,3.024,0.84,real
71.2,left,-16.264,1.639,0.78,real
71.2,right,-2.398,-3.539,0.86,real
71.2,right,-8.524,-3.62,0.82,real
71.2,right,-14.368,-5.621,0.83,real
71.2,right,-20.588,-7.657,0.92,real
71.3,left,-1.1,3.239,0.94,real
71.3,left,-8.165,2.869,0.93,real
71.3,left,-16.023,1.299,0.88,real
71.3,right,-1.854,-3.45,0.9,real
71.3,right,-8.333,-4.303,0.73,real
71.3,right,-14.409,-5.614,0.84,real
71.3,right,-20.206,-7.126,0.91,real
71.4,left,-0.663,3.769,0.88,real
71.4,left,-8.0,2.574,0.99,real
71.4,left,-15.463,1.657,0.9,real
71.4,right,-1.518,-3.038,0.99,real
71.4,right,-7.723,-4.386,0.89,real
71.4,right,-14.001,-5.226,0.96,real
71.4,right,-20.2,-7.184,0.84,real
71.5,left,-0.108,3.449,0.88,real
71.5,left,-7.758,3.093,0.78,real
71.5,left,-15.177,1.673,0.82,real
71.5,right,-1.117,-3.445,0.87,real
71.5,right,-7.441,-4.375,0.94,real
71.5,right,-13.571,-5.248,0.78,real
71.5,right,-19.445,-6.974,0.84,real
71.5,left,-13.666,6.686,0.26,ghost
71.6,left,-7.079,3.118,0.99,real
71.6,left,-14.622,1.662,0.76,real
71.6,left,-22.016,-0.336,0.84,real
71.6,right,-0.72,-3.642,0.99,real
71.6,right,-6.798,-4.28,0.99,real
71.6,right,-13.262,-4.969,0.73,real
71.6,right,-19.222,-7.164,0.76,real
71.7,left,-6.92,2.894,0.83,real
71.7,left,-14.254,2.03,0.88,real
71.7,left,-21.671,-0.254,0.79,real
71.7,right,-0.577,-3.16,0.94,real
71.7,right,-6.573,-3.659,0.86,real
71.7,right,-12.867,-4.897,0.84,real
71.7,right,-18.659,-6.463,0.99,real
71.7,unknown,-15.511,1.581,0.48,ghost
71.8,left,-6.321,3.014,0.77,real
71.8,left,-13.834,1.732,0.82,real
71.8,left,-21.264,-0.157,0.88,real
71.8,right,-6.259,-3.447,0.81,real
71.8,right,-12.428,-4.779,0.99,real
71.8,right,-18.783,-6.672,0.93,real
71.9,left,-6.008,3.043,0.85,real
71.9,left,-13.302,1.86,0.83,real
71.9,left,-20.594,0.43,0.94,real
71.9,right,-5.646,-4.108,0.92,real
71.9,right,-12.021,-4.82,0.85,real
71.9,right,-18.075,-6.447,0.91,real
72.0,left,-5.359,3.434,0.91,real
72.0,left,-13.195,1.939,0.8,real
72.0,left,-20.259,0.237,0.93,real
72.0,right,-5.547,-3.645,0.91,real
72.0,right,-11.697,-4.886,0.91,real
72.0,right,-17.952,-6.248,0.92,real
72.1,left,-5.022,3.175,0.91,real
72.1,left,-12.408,2.471,0.77,real
72.1,left,-20.003,0.27,0.87,real
72.1,right,-4.728,-3.763,0.84,real
72.1,right,-11.248,-4.759,0.98,real
72.1,right,-17.205,-6.034,0.99,real
72.2,left,-4.374,3.557,0.96,real
72.2,left,-12.222,2.335,0.87,real
72.2,left,-19.358,0.324,0.89,real
72.2,right,-4.349,-3.957,0.93,real
72.2,right,-10.787,-4.827,0.83,real
72.2,right,-17.121,-5.997,0.84,real
72.3,left,-4.215,3.439,0.96,real
72.3,left,-11.577,2.549,0.91,real
72.3,left,-18.936,0.589,0.86,real
72.3,right,-4.338,-3.848,0.83,real
72.3,right,-10.605,-4.469,0.81,real
72.3,right,-16.843,-6.069,0.95,real
72.3,left,-12.098,3.602,0.3,ghost
72.4,left,-3.825,3.31,0.99,real
72.4,left,-11.151,2.491,0.83,real
72.4,left,-18.815,0.653,0.89,real
72.4,right,-3.574,-3.465,0.92,real
72.4,right,-9.874,-4.456,0.92,real
72.4,right,-16.493,-5.935,0.78,real
72.5,left,-3.459,3.418,0.83,real
72.5,left,-11.043,2.595,0.96,real
72.5,left,-18.17,1.089,0.92,real
72.5,right,-3.538,-3.803,0.94,real
72.5,right,-9.777,-4.27,0.87,real
72.5,right,-16.19,-5.858,0.79,real
72.5,right,-22.055,-7.94,0.99,real
72.6,left,-3.15,3.275,0.77,real
72.6,left,-10.396,2.547,0.8,real
72.6,left,-17.572,1.085,0.8,real
72.6,right,-3.236,-3.411,0.67,real
72.6,right,-9.268,-4.249,0.89,real
72.6,right,-15.605,-5.497,0.84,real
72.6,right,-21.716,-7.66,0.9,real
72.7,left,-2.768,3.188,0.99,real
72.7,left,-10.073,2.544,0.99,real
72.7,left,-17.654,1.258,0.83,real
72.7,right,-2.538,-3.663,0.81,real
72.7,right,-9.083,-3.744,0.84,real
72.7,right,-15.113,-5.684,0.8,real
72.7,right,-21.166,-7.281,0.85,real
72.8,left,-2.141,3.354,0.97,real
72.8,left,-9.599,2.98,0.9,real
72.8,left,-17.108,1.205,0.93,real
72.8,right,-2.443,-3.596,0.81,real
72.8,right,-8.482,-4.159,0.85,real
72.8,right,-14.803,-4.956,0.96,real
72.8,right,-20.673,-7.461,0.77,real
72.9,left,-1.795,3.62,0.91,real
72.9,left,-9.046,3.237,0.76,real
72.9,left,-16.583,1.11,0.91,real
72.9,right,-1.979,-3.496,0.85,real
72.9,right,-8.182,-4.058,0.93,real
72.9,right,-14.339,-5.551,0.89,real
72.9,right,-20.431,-7.099,0.99,real
73.0,left,-1.246,3.596,0.87,real
73.0,left,-8.487,2.694,0.98,real
73.0,left,-16.214,1.544,0.92,real
73.0,right,-1.537,-3.734,0.89,real
73.0,right,-8.137,-4.233,0.84,real
73.0,right,-14.193,-5.341,0.9,real
73.0,right,-19.957,-7.007,0.76,real
73.0,right,-10.782,0.544,0.3,ghost
73.1,left,-0.609,3.437,0.88,real
73.1,left,-8.473,2.658,0.7,real
73.1,left,-15.882,1.248,0.83,real
73.1,right,-1.026,-3.616,0.71,real
73.1,right,-7.514,-4.174,0.9,real
73.1,right,-13.672,-5.043,0.91,real
73.1,right,-19.539,-6.654,0.93,real
73.2,left,-0.045,3.56,0.9,real
73.2,left,-7.769,2.966,0.88,real
73.2,left,-15.352,1.61,0.9,real
73.2,right,-0.643,-3.494,0.97,real
73.2,right,-6.913,-4.078,0.97,real
73.2,right,-13.506,-4.761,0.9,real
73.2,right,-19.702,-6.452,0.9,real
73.3,left,-7.317,3.107,0.99,real
73.3,left,-14.821,1.861,0.81,real
73.3,right,-0.524,-3.366,0.9,real
73.3,right,-6.722,-3.887,0.77,real
73.3,right,-13.004,-4.813,0.77,real
73.3,right,-18.638,-6.21,0.86,real
73.4,left,-7.04,3.056,0.95,real
73.4,left,-14.682,1.816,0.87,real
73.4,left,-21.895,-0.01,0.82,real
73.4,right,-6.496,-3.639,0.84,real
73.4,right,-12.576,-5.102,0.83,real
73.4,right,-18.752,-6.433,0.87,real
73.5,left,-6.57,3.451,0.8,real
73.5,left,-14.271,1.901,0.8,real
73.5,left,-21.26,0.243,0.8,real
73.5,right,-6.181,-3.92,0.94,real
73.5,right,-12.111,-4.943,0.72,real
73.5,right,-18.03,-6.243,0.92,real
73.6,left,-5.93,3.114,0.89,real
73.6,left,-13.354,1.911,0.82,real
73.6,left,-20.67,0.259,0.85,real
73.6,right,-5.45,-3.615,0.83,real
73.6,right,-11.956,-4.652,0.89,real
73.6,right,-17.599,-6.164,0.89,real
73.6,unknown,-5.49,-0.683,0.45,ghost
73.7,left,-5.722,3.087,0.81,real
73.7,left,-13.059,2.238,0.9,real
73.7,left,-20.08,0.291,0.92,real
73.7,right,-4.8,-3.872,0.93,real
73.7,right,-11.369,-4.78,0.94,real
73.7,right,-17.401,-5.886,0.93,real
73.8,left,-5.427,3.181,0.89,real
73.8,left,-12.566,2.28,0.94,real
73.8,left,-20.014,0.511,0.8,real
73.8,right,-4.487,-3.801,0.84,real
73.8,right,-11.194,-4.813,0.92,real
73.8,right,-17.072,-6.09,0.94,real
73.9,left,-4.789,3.088,0.99,real
73.9,left,-12.482,2.252,0.96,real
73.9,left,-19.562,0.319,0.88,real
73.9,right,-4.339,-3.826,0.82,real
73.9,right,-10.741,-4.688,0.96,real
73.9,right,-16.756,-5.739,0.8,real
74.0,left,-4.242,3.47,0.94,real
74.0,left,-11.663,2.297,0.92,real
74.0,left,-19.275,0.678,0.99,real
74.0,right,-4.32,-3.725,0.73,real
74.0,right,-10.374,-4.408,0.83,real
74.0,right,-16.064,-5.754,0.81,real
74.0,right,-21.67,-7.501,0.8,real
74.0,right,-2.508,-2.281,0.28,ghost
74.1,left,-3.823,3.399,0.97,real
74.1,left,-11.714,2.949,0.8,real
74.1,left,-18.391,0.843,0.95,real
74.1,right,-3.847,-3.703,0.99,real
74.1,right,-9.661,-4.179,0.81,real
74.1,right,-16.138,-5.95,0.89,real
74.1,right,-21.563,-7.474,0.85,real
74.2,left,-3.509,3.459,0.87,real
74.2,left,-11.201,2.449,0.86,real
74.2,left,-17.957,1.164,0.84,real
74.2,right,-3.253,-3.479,0.94,real
74.2,right,-9.625,-4.137,0.92,real
74.2,right,-15.508,-5.696,0.85,real
74.2,right,-21.259,-7.325,0.85,real
74.3,left,-3.238,3.361,0.85,real
74.3,left,-10.897,2.777,0.94,real
74.3,left,-18.198,1.014,0.89,real
74.3,right,-2.806,-3.979,0.84,real
74.3,right,-8.965,-4.218,0.83,real
74.3,right,-15.044,-5.794,0.86,real
74.3,right,-21.008,-7.316,0.81,real
74.4,left,-2.547,3.405,0.95,real
74.4,left,-9.909,2.871,0.87,real
74.4,left,-17.374,1.141,0.92,real
74.4,right,-2.497,-3.499,0.91,real
74.4,right,-8.587,-3.781,0.88,real
74.4,right,-14.789,-5.334,0.92,real
74.4,right,-20.528,-7.214,0.99,real
74.5,left,-1.904,3.438,0.99,real
74.5,left,-10.04,2.411,0.81,real
74.5,left,-17.028,1.292,0.98,real
74.5,right,-1.95,-3.285,0.78,real
74.5,right,-8.205,-3.998,0.94,real
74.5,right,-14.526,-5.48,0.94,real
74.5,right,-20.428,-7.236,0.99,real
74.6,left,-1.926,3.336,0.78,real
74.6,left,-9.324,2.903,0.89,real
74.6,left,-16.786,1.48,0.84,real
74.6,right,-1.454,-3.408,0.85,real
74.6,right,-7.774,-4.054,0.89,real
74.6,right,-14.2,-5.212,0.99,real
74.6,right,-19.644,-7.228,0.86,real
74.7,left,-0.975,3.314,0.76,real
74.7,left,-9.043,2.744,0.82,real
74.7,left,-15.686,1.611,0.89,real
74.7,right,-1.328,-3.311,0.93,real
74.7,right,-7.548,-3.919,0.88,real
74.7,right,-13.718,-5.262,0.75,real
74.7,right,-19.551,-6.859,0.9,real
74.8,left,-0.642,3.527,0.95,real
74.8,left,-8.816,3.175,0.87,real
74.8,left,-15.991,1.791,0.82,real
74.8,right,-0.733,-3.609,0.96,real
74.8,right,-7.174,-4.054,0.84,real
74.8,right,-13.219,-4.903,0.82,real
74.8,right,-19.201,-6.816,0.77,real
74.9,left,-0.626,3.559,0.92,real
74.9,left,-8.113,3.308,0.96,real
74.9,left,-15.375,1.572,0.83,real
74.9,right,-0.35,-3.395,0.87,real
74.9,right,-6.905,-4.045,0.92,real
74.9,right,-12.851,-4.461,0.82,real
74.9,right,-18.527,-6.983,0.79,real
75.0,left,-0.038,3.59,0.84,real
75.0,left,-7.469,3.295,0.97,real
75.0,left,-14.849,1.391,0.97,real
75.0,left,-21.828,-0.281,0.87,real
75.0,right,-0.055,-3.513,0.83,real
75.0,right,-6.245,-3.832,0.89,real
75.0,right,-12.767,-4.607,0.85,real
75.0,right,-18.1,-6.443,0.9,real
75.1,left,-7.038,3.243,0.86,real
75.1,left,-14.701,2.103,0.95,real
75.1,left,-21.117,-0.157,0.76,real
75.1,right,-5.654,-3.919,0.8,real
75.1,right,-11.929,-4.762,0.95,real
75.1,right,-18.22,-6.048,0.97,real
75.2,left,-6.521,3.336,0.88,real
75.2,left,-13.922,2.057,0.88,real
75.2,left,-20.82,0.023,0.98,real
75.2,right,-5.679,-3.531,0.9,real
75.2,right,-11.566,-4.414,0.86,real
75.2,right,-17.442,-6.289,0.95,real
75.3,left,-5.959,3.427,0.94,real
75.3,left,-13.465,1.792,0.83,real
75.3,left,-20.102,0.17,0.88,real
75.3,right,-5.316,-3.829,0.91,real
75.3,right,-11.489,-4.478,0.88,real
75.3,right,-17.009,-6.543,0.87,real
75.4,left,-5.848,3.127,0.96,real
75.4,left,-13.192,2.253,0.94,real
75.4,left,-19.773,0.3,0.8,real
75.4,right,-4.645,-4.022,0.87,real
75.4,right,-11.311,-4.699,0.87,real
75.4,right,-16.759,-6.049,0.78,real
75.5,left,-5.762,3.512,0.86,real
75.5,left,-12.469,2.19,0.91,real
75.5,left,-19.601,0.349,0.84,real
75.5,right,-4.578,-3.483,0.91,real
75.5,right,-10.629,-4.743,0.81,real
75.5,right,-16.536,-5.649,0.78,real
75.5,right,-21.6,-7.783,0.85,real
75.5,left,-4.622,-2.905,0.45,ghost
75.6,left,-4.464,3.017,0.89,real
75.6,left,-12.381,2.222,0.87,real
75.6,left,-19.221,0.273,0.86,real
75.6,right,-4.285,-3.209,0.84,real
75.6,right,-10.394,-4.316,0.91,real
75.6,right,-15.966,-5.655,0.96,real
75.6,right,-21.348,-7.799,0.77,real
75.7,left,-4.465,3.395,0.81,real
75.7,left,-12.178,2.481,0.99,real
75.7,left,-18.831,0.546,0.82,real
75.7,right,-3.809,-3.648,0.8,real
75.7,right,-9.629,-4.413,0.9,real
75.7,right,-15.557,-5.525,0.8,real
75.7,right,-20.71,-7.376,0.89,real
75.8,left,-4.165,3.442,0.79,real
75.8,left,-10.946,2.606,0.99,real
75.8,left,-18.339,0.89,0.91,real
75.8,right,-3.372,-3.523,0.88,real
75.8,right,-9.632,-4.438,0.78,real
75.8,right,-15.226,-5.71,0.91,real
75.8,right,-20.683,-7.436,0.86,real
75.9,left,-3.384,3.227,0.92,real
75.9,left,-11.008,2.677,0.88,real
75.9,left,-17.768,0.837,0.93,real
75.9,right,-2.61,-3.287,0.94,real
75.9,right,-8.968,-4.176,0.93,real
75.9,right,-14.753,-5.23,0.87,real
75.9,right,-20.158,-7.311,0.86,real
75.9,right,-16.323,7.987,0.54,ghost
76.0,left,-2.977,3.587,0.99,real
76.0,left,-10.363,2.3,0.84,real
76.0,left,-17.429,0.946,0.86,real
76.0,right,-2.329,-3.607,0.91,real
76.0,right,-8.804,-4.315,0.88,real
76.0,right,-14.479,-5.445,0.83,real
76.0,right,-19.8,-7.347,0.98,real
76.1,left,-2.704,3.299,0.88,real
76.1,left,-10.202,2.679,0.83,real
76.1,left,-17.068,0.972,0.95,real
76.1,right,-2.025,-3.581,0.81,real
76.1,right,-7.973,-4.21,0.95,real
76.1,right,-13.862,-4.848,0.77,real
76.1,right,-19.623,-6.869,0.92,real
76.2,left,-2.474,3.255,0.85,real
76.2,left,-9.713,3.111,0.88,real
76.2,left,-16.527,1.115,0.84,real
76.2,right,-1.685,-3.374,0.88,real
76.2,right,-7.612,-4.05,0.85,real
76.2,right,-13.67,-5.24,0.83,real
76.2,right,-18.9,-6.637,0.85,real
76.3,left,-1.976,3.358,0.91,real
76.3,left,-9.119,2.873,0.75,real
76.3,left,-16.396,0.888,0.78,real
76.3,right,-1.049,-3.679,0.83,real
76.3,right,-7.475,-4.142,0.84,real
76.3,right,-13.161,-4.741,0.87,real
76.3,right,-18.708,-6.874,0.87,real
76.4,left,-1.402,3.476,0.89,real
76.4,left,-9.205,2.84,0.94,real
76.4,left,-15.785,1.668,0.87,real
76.4,right,-0.786,-3.517,0.81,real
76.4,right,-6.978,-3.715,0.98,real
76.4,right,-13.317,-4.869,0.99,real
76.4,right,-18.448,-6.693,0.84,real
76.5,left,-1.213,3.429,0.84,real
76.5,left,-8.403,2.945,0.94,real
76.5,left,-15.698,1.481,0.79,real
76.5,left,-21.888,-0.685,0.85,real
76.5,right,-0.458,-3.634,0.93,real
76.5,right,-6.637,-3.786,0.87,real
76.5,right,-12.326,-4.664,0.82,real
76.5,right,-18.348,-6.577,0.86,real
76.6,left,-0.56,3.504,0.87,real
76.6,left,-7.71,2.878,0.94,real
76.6,left,-14.977,1.199,0.84,real
76.6,left,-21.532,-0.174,0.99,real
76.6,right,-0.209,-3.225,0.88,real
76.6,right,-6.276,-3.948,0.79,real
76.6,right,-12.098,-4.681,0.95,real
76.6,right,-17.688,-6.335,0.87,real
76.7,left,0.0,3.506,0.86,real
76.7,left,-7.542,2.808,0.89,real
76.7,left,-14.318,1.633,0.99,real
76.7,left,-21.2,-0.431,0.86,real
76.7,right,-5.696,-4.045,0.78,real
76.7,right,-11.971,-4.687,0.85,real
76.7,right,-17.067,-6.396,0.86,real
76.7,right,-21.94,-8.276,0.95,real
76.8,left,-7.263,3.005,0.99,real
76.8,left,-14.479,1.838,0.88,real
76.8,left,-20.682,-0.163,0.84,real
76.8,right,-5.497,-3.78,0.78,real
76.8,right,-11.42,-4.693,0.92,real
76.8,right,-17.128,-5.869,0.83,real
76.8,right,-21.523,-8.251,0.85,real
76.9,left,-6.696,3.082,0.83,real
76.9,left,-13.907,2.111,0.87,real
76.9,left,-20.413,-0.307,0.93,real
76.9,right,-4.875,-3.602,0.91,real
76.9,right,-10.996,-4.647,0.81,real
76.9,right,-16.375,-6.201,0.92,real
76.9,right,-21.223,-8.119,0.94,real
77.0,left,-6.285,3.212,0.86,real
77.0,left,-13.348,2.076,0.9,real
77.0,left,-19.985,-0.372,0.88,real
77.0,right,-4.765,-4.047,0.84,real
77.0,right,-10.598,-4.446,0.86,real
77.0,right,-16.359,-5.593,0.92,real
77.0,right,-21.004,-7.837,0.98,real
77.1,left,-5.802,3.322,0.84,real
77.1,left,-12.875,1.989,0.79,real
77.1,left,-19.547,0.242,0.84,real
77.1,right,-3.855,-3.467,0.86,real
77.1,right,-10.104,-4.249,0.97,real
77.1,right,-15.547,-5.728,0.85,real
77.1,right,-20.578,-8.024,0.94,real
77.2,left,-5.544,3.35,0.9,real
77.2,left,-12.34,2.505,0.94,real
77.2,left,-19.272,0.261,0.87,real
77.2,right,-3.592,-3.71,0.84,real
77.2,right,-9.55,-4.227,0.95,real
77.2,right,-15.2,-5.598,0.9,real
77.2,right,-20.108,-7.721,0.97,real
77.3,left,-4.908,3.295,0.96,real
77.3,left,-12.046,1.92,0.85,real
77.3,left,-18.55,0.592,0.84,real
77.3,right,-3.277,-3.596,0.85,real
77.3,right,-9.435,-4.253,0.9,real
77.3,right,-14.683,-5.48,0.75,real
77.3,right,-19.732,-7.925,0.76,real
77.4,left,-4.707,3.375,0.94,real
77.4,left,-11.306,2.187,0.87,real
77.4,left,-18.14,0.31,0.72,real
77.4,right,-3.279,-3.469,0.88,real
77.4,right,-8.887,-4.109,0.85,real
77.4,right,-14.745,-5.717,0.99,real
77.4,right,-19.743,-7.959,0.92,real
77.5,left,-4.304,3.361,0.74,real
77.5,left,-11.051,2.285,0.97,real
77.5,left,-17.538,0.587,0.88,real
77.5,right,-2.587,-3.486,0.91,real
77.5,right,-8.416,-4.346,0.88,real
77.5,right,-13.991,-5.27,0.96,real
77.5,right,-19.077,-7.304,0.79,real
77.6,left,-3.593,3.186,0.97,real
77.6,left,-10.73,2.435,0.86,real
77.6,left,-17.065,0.866,0.91,real
77.6,right,-2.476,-3.474,0.84,real
77.6,right,-7.993,-4.181,0.8,real
77.6,right,-13.44,-5.135,0.84,real
77.6,right,-18.7,-7.096,0.99,real
77.7,left,-3.181,3.727,0.84,real
77.7,left,-10.607,2.381,0.94,real
77.7,left,-16.818,0.683,0.88,real
77.7,right,-2.02,-3.516,0.77,real
77.7,right,-7.742,-3.911,0.85,real
77.7,right,-13.488,-5.407,0.97,real
77.7,right,-18.168,-7.029,0.96,real
77.8,left,-2.656,3.425,0.96,real
77.8,left,-10.008,2.794,0.79,real
77.8,left,-16.457,0.889,0.77,real
77.8,right,-1.454,-3.514,0.89,real
77.8,right,-7.344,-3.735,0.87,real
77.8,right,-13.02,-5.215,0.99,real
77.8,right,-17.958,-7.079,0.82,real
77.9,left,-2.357,3.551,0.85,real
77.9,left,-9.558,2.783,0.82,real
77.9,left,-16.2,1.106,0.85,real
77.9,right,-1.08,-3.44,0.87,real
77.9,right,-7.152,-4.127,0.97,real
77.9,right,-12.938,-4.891,0.9,real
77.9,right,-17.71,-6.807,0.96,real
77.9,right,-21.932,-9.015,0.99,real
78.0,left,-1.872,3.283,0.89,real
78.0,left,-9.181,2.893,0.82,real
78.0,left,-15.313,1.51,0.91,real
78.0,left,-21.327,-1.548,0.84,real
78.0,right,-0.888,-3.627,0.85,real
78.0,right,-6.775,-3.888,0.96,real
78.0,right,-12.464,-5.181,0.88,real
78.0,right,-17.449,-6.868,0.91,real
78.0,right,-21.512,-8.875,0.89,real
78.1,left,-1.33,3.575,0.83,real
78.1,left,-8.537,2.696,0.83,real
78.1,left,-15.308,1.35,0.84,real
78.1,left,-21.155,-1.01,0.95,real
78.1,right,-0.539,-3.504,0.88,real
78.1,right,-6.518,-3.902,0.9,real
78.1,right,-12.246,-4.596,0.93,real
78.1,right,-17.281,-6.035,0.79,real
78.1,right,-21.065,-8.738,0.89,real
78.2,left,-1.033,3.196,0.84,real
78.2,left,-8.463,2.855,0.82,real
78.2,left,-14.909,1.115,0.85,real
78.2,left,-20.773,-0.399,0.88,real
78.2,right,-0.245,-3.823,0.92,real
78.2,right,-5.826,-3.476,0.95,real
78.2,right,-11.565,-4.834,0.98,real
78.2,right,-16.202,-6.731,0.9,real
78.2,right,-20.816,-8.655,0.95,real
78.3,left,-0.735,3.961,0.94,real
78.3,left,-7.711,2.853,0.84,real
78.3,left,-14.162,1.143,0.99,real
78.3,left,-20.771,-0.63,0.87,real
78.3,right,-5.627,-3.826,0.82,real
78.3,right,-10.915,-4.648,0.84,real
78.3,right,-16.175,-6.306,0.82,real
78.3,right,-20.541,-8.649,0.73,real
78.4,left,-0.245,3.909,0.91,real
78.4,left,-7.208,2.62,0.95,real
78.4,left,-14.288,1.872,0.81,real
78.4,left,-20.157,-0.246,0.87,real
78.4,right,-5.322,-3.567,0.85,real
78.4,right,-10.863,-4.66,0.9,real
78.4,right,-15.839,-6.219,0.74,real
78.4,right,-20.297,-8.406,0.82,real
78.5,left,-7.382,3.055,0.92,real
78.5,left,-13.713,1.73,0.93,real
78.5,left,-19.909,-0.548,0.96,real
78.5,right,-4.7,-3.258,0.83,real
78.5,right,-10.573,-4.683,0.79,real
78.5,right,-15.208,-5.84,0.81,real
78.5,right,-19.807,-8.331,0.88,real
78.6,left,-6.441,3.2,0.76,real
78.6,left,-13.14,1.869,0.95,real
78.6,left,-19.425,-0.078,0.8,real
78.6,right,-4.462,-3.621,0.91,real
78.6,right,-10.217,-4.596,0.82,real
78.6,right,-15.055,-6.122,0.83,real
78.6,right,-19.315,-8.223,0.82,real
78.7,left,-6.25,3.042,0.82,real
78.7,left,-12.676,1.72,0.89,real
78.7,left,-18.819,-0.488,0.86,real
78.7,right,-4.225,-3.655,0.89,real
78.7,right,-10.018,-4.586,0.85,real
78.7,right,-14.84,-5.862,0.85,real
78.7,right,-19.028,-7.801,0.99,real
78.7,right,-8.219,7.217,0.25,ghost
78.8,left,-5.68,2.971,0.85,real
78.8,left,-12.595,1.82,0.93,real
78.8,left,-18.311,-0.164,0.88,real
78.8,right,-4.042,-3.689,0.94,real
78.8,right,-9.491,-4.456,0.79,real
78.8,right,-14.445,-5.728,0.93,real
78.8,right,-18.782,-7.914,0.86,real
78.9,left,-5.118,3.195,0.96,real
78.9,left,-12.118,2.083,0.79,real
78.9,left,-17.784,0.034,0.78,real
78.9,right,-3.571,-3.757,0.94,real
78.9,right,-8.689,-4.538,0.89,real
78.9,right,-13.612,-5.554,0.79,real
78.9,right,-18.363,-7.607,0.85,real
78.9,right,-21.841,-10.035,0.77,real
79.0,left,-4.856,3.39,0.87,real
79.0,left,-11.552,2.076,0.91,real
79.0,left,-17.523,0.169,0.77,real
79.0,right,-2.986,-3.936,0.9,real
79.0,right,-8.384,-4.111,0.92,real
79.0,right,-13.494,-5.652,0.88,real
79.0,right,-17.722,-7.594,0.86,real
79.0,right,-21.324,-10.166,0.87,real
79.0,unknown,-6.956,-6.223,0.39,ghost
79.1,left,-4.413,3.36,0.91,real
79.1,left,-11.352,2.234,0.78,real
79.1,left,-17.088,0.208,0.89,real
79.1,right,-2.448,-3.171,0.89,real
79.1,right,-8.628,-4.238,0.85,real
79.1,right,-13.294,-5.549,0.85,real
79.1,right,-17.67,-7.434,0.86,real
79.1,right,-20.974,-9.973,0.8,real
79.2,left,-4.053,3.287,0.87,real
79.2,left,-11.07,2.221,0.99,real
79.2,left,-16.885,0.294,0.95,real
79.2,right,-2.738,-3.667,0.94,real
79.2,right,-7.948,-3.914,0.85,real
79.2,right,-12.815,-5.24,0.94,real
79.2,right,-17.172,-7.396,0.82,real
79.2,right,-20.999,-9.748,0.86,real
79.3,left,-3.7,3.176,0.99,real
79.3,left,-10.251,2.544,0.72,real
79.3,left,-16.518,0.62,0.91,real
79.3,left,-21.815,-1.918,0.91,real
79.3,right,-1.972,-3.534,0.87,real
79.3,right,-7.543,-4.047,0.9,real
79.3,right,-12.921,-5.145,0.83,real
79.3,right,-16.975,-7.177,0.82,real
79.3,right,-20.622,-9.913,0.95,real
79.4,left,-3.254,3.215,0.95,real
79.4,left,-9.867,2.416,0.94,real
79.4,left,-16.069,0.565,0.93,real
79.4,left,-21.432,-1.818,0.99,real
79.4,right,-1.596,-3.545,0.89,real
79.4,right,-7.325,-3.882,0.86,real
79.4,right,-11.959,-5.052,0.67,real
79.4,right,-16.595,-6.85,0.89,real
79.4,right,-20.103,-9.639,0.81,real
79.5,left,-2.662,3.31,0.89,real
79.5,left,-9.474,2.328,0.96,real
79.5,left,-15.809,0.93,0.88,real
79.5,left,-20.924,-1.399,0.88,real
79.5,right,-1.277,-3.111,0.94,real
79.5,right,-6.955,-3.772,0.86,real
79.5,right,-11.939,-4.724,0.96,real
79.5,right,-16.547,-7.226,0.79,real
79.5,right,-19.867,-9.393,0.89,real
79.6,left,-2.447,3.566,0.88,real
79.6,left,-9.053,2.447,0.9,real
79.6,left,-15.23,1.063,0.8,real
79.6,left,-20.805,-1.818,0.94,real
79.6,right,-0.848,-3.367,0.99,real
79.6,right,-6.547,-3.728,0.86,real
79.6,right,-11.856,-4.946,0.88,real
79.6,right,-16.05,-6.812,0.86,real
79.6,right,-19.6,-9.081,0.88,real
79.7,left,-1.836,3.156,0.78,real
79.7,left,-8.602,2.655,0.98,real
79.7,left,-14.929,1.031,0.8,real
79.7,left,-20.725,-1.109,0.86,real
79.7,right,-0.582,-3.346,0.93,real
79.7,right,-6.159,-3.986,0.79,real
79.7,right,-11.115,-4.752,0.9,real
79.7,right,-15.729,-6.642,0.99,real
79.7,right,-19.191,-8.858,0.93,real
79.7,right,-22.132,-11.615,0.84,real
79.8,left,-1.263,3.369,0.93,real
79.8,left,-8.391,2.54,0.81,real
79.8,left,-14.725,0.831,0.95,real
79.8,left,-19.674,-1.378,0.86,real
79.8,right,0.283,-3.319,0.77,real
79.8,right,-5.773,-3.722,0.91,real
79.8,right,-10.997,-4.706,0.8,real
79.8,right,-15.291,-6.905,0.93,real
79.8,right,-18.832,-8.579,0.72,real
79.8,right,-21.631,-12.01,0.88,real
79.9,left,-1.182,3.382,0.84,real
79.9,left,-7.931,2.497,0.88,real
79.9,left,-13.894,1.68,0.85,real
79.9,left,-19.452,-1.17,0.95,real
79.9,right,-5.71,-3.934,0.82,real
79.9,right,-10.385,-5.04,0.84,real
79.9,right,-14.851,-6.677,0.87,real
79.9,right,-18.438,-8.928,0.91,real
79.9,right,-21.212,-11.492,0.86,real
80.0,left,-0.457,3.304,0.8,real
80.0,left,-7.514,2.974,0.89,real
80.0,left,-13.526,1.273,0.81,real
80.0,left,-19.326,-0.733,0.96,real
80.0,right,-5.227,-3.818,0.98,real
80.0,right,-10.263,-4.894,0.85,real
80.0,right,-14.63,-6.492,0.92,real
80.0,right,-18.044,-8.868,0.85,real
80.0,right,-21.121,-11.253,0.88,real
80.0,unknown,-13.288,1.869,0.36,ghost
80.1,left,-0.122,3.116,0.81,real
80.1,left,-7.149,2.819,0.89,real
80.1,left,-13.417,1.378,0.84,real
80.1,left,-18.699,-0.886,0.85,real
80.1,right,-4.77,-3.682,0.73,real
80.1,right,-10.035,-4.38,0.84,real
80.1,right,-14.698,-6.484,0.87,real
80.1,right,-18.254,-8.415,0.99,real
80.1,right,-20.993,-11.364,0.93,real
80.2,left,-6.468,2.958,0.72,real
80.2,left,-12.896,1.664,0.95,real
80.2,left,-18.289,-0.739,0.74,real
80.2,right,-4.133,-3.232,0.87,real
80.2,right,-9.564,-4.648,0.99,real
80.2,right,-14.111,-6.458,0.84,real
80.2,right,-17.755,-8.564,0.96,real
80.2,right,-20.565,-11.242,0.7,real
80.3,left,-6.38,2.905,0.88,real
80.3,left,-12.202,1.808,0.88,real
80.3,left,-17.842,-0.873,0.93,real
80.3,right,-3.764,-3.428,0.94,real
80.3,right,-9.088,-4.399,0.83,real
80.3,right,-13.539,-5.925,0.81,real
80.3,right,-16.82,-7.954,0.88,real
80.3,right,-20.517,-11.158,0.93,real
80.4,left,-5.921,2.613,0.94,real
80.4,left,-11.905,1.865,0.93,real
80.4,left,-17.759,-0.23,0.91,real
80.4,right,-3.542,-3.66,0.94,real
80.4,right,-8.582,-4.204,0.99,real
80.4,right,-13.159,-5.802,0.88,real
80.4,right,-16.792,-8.328,0.9,real
80.4,right,-19.67,-10.793,0.88,real
80.5,left,-5.409,2.823,0.88,real
80.5,left,-11.708,1.917,0.89,real
80.5,left,-17.253,-0.231,0.85,real
80.5,left,-22.245,-3.128,0.85,real
80.5,right,-3.184,-3.589,0.73,real
80.5,right,-8.482,-3.873,0.92,real
80.5,right,-12.856,-5.908,0.89,real
80.5,right,-16.672,-7.887,0.9,real
80.5,right,-19.982,-10.575,0.92,real
80.6,left,-5.102,3.161,0.87,real
80.6,left,-11.333,1.835,0.74,real
80.6,left,-16.926,0.043,0.91,real
80.6,left,-21.541,-3.138,0.85,real
80.6,right,-2.81,-3.648,0.85,real
80.6,right,-7.689,-4.261,0.95,real
80.6,right,-12.384,-5.663,0.78,real
80.6,right,-16.297,-7.806,0.92,real
80.6,right,-19.326,-10.371,0.95,real
80.7,left,-4.889,3.106,0.94,real
80.7,left,-11.122,2.057,0.81,real
80.7,left,-16.737,0.274,0.86,real
80.7,left,-21.447,-3.105,0.91,real
80.7,right,-2.253,-3.802,0.96,real
80.7,right,-8.015,-4.281,0.88,real
80.7,right,-12.101,-5.776,0.83,real
80.7,right,-15.752,-7.352,0.92,real
80.7,right,-19.105,-10.213,0.88,real
80.8,left,-4.125,3.078,0.96,real
80.8,left,-10.837,2.335,0.94,real
80.8,left,-16.289,0.346,0.74,real
80.8,left,-20.692,-2.41,0.99,real
80.8,right,-2.276,-3.526,0.86,real
80.8,right,-7.424,-4.135,0.96,real
80.8,right,-11.971,-5.651,0.99,real
80.8,right,-15.649,-7.491,0.94,real
80.8,right,-18.616,-9.993,0.93,real
80.9,left,-3.72,3.041,0.82,real
80.9,left,-10.26,2.359,0.77,real
80.9,left,-15.837,0.055,0.9,real
80.9,left,-20.658,-2.776,0.83,real
80.9,right,-1.823,-3.555,0.84,real
80.9,right,-7.141,-4.312,0.98,real
80.9,right,-11.727,-5.481,0.83,real
80.9,right,-15.398,-7.517,0.87,real
80.9,right,-18.334,-9.953,0.86,real
81.0,left,-3.505,3.485,0.73,real
81.0,left,-9.866,2.417,0.89,real
81.0,left,-14.889,0.311,0.8,real
81.0,left,-20.354,-2.426,0.85,real
81.0,right,-1.696,-3.565,0.87,real
81.0,right,-6.567,-4.04,0.82,real
81.0,right,-11.581,-5.147,0.78,real
81.0,right,-14.986,-7.41,0.87,real
81.0,right,-17.938,-9.82,0.79,real
81.1,left,-3.095,3.29,0.93,real
81.1,left,-9.341,2.291,0.8,real
81.1,left,-14.866,0.644,0.93,real
81.1,left,-19.746,-2.152,0.82,real
81.1,right,-1.406,-3.197,0.73,real
81.1,right,-6.303,-4.307,0.84,real
81.1,right,-11.148,-5.249,0.77,real
81.1,right,-14.501,-7.071,0.7,real
81.1,right,-17.726,-9.643,0.95,real
81.2,left,-2.8,3.114,0.96,real
81.2,left,-8.964,2.551,0.9,real
81.2,left,-14.519,0.72,0.86,real
81.2,left,-19.557,-2.098,0.74,real
81.2,right,-0.818,-3.347,0.84,real
81.2,right,-5.968,-3.948,0.92,real
81.2,right,-10.459,-5.34,0.82,real
81.2,right,-14.487,-7.132,0.72,real
81.2,right,-17.31,-9.747,0.96,real
81.3,left,-2.179,3.258,0.99,real
81.3,left,-8.741,2.727,0.99,real
81.3,left,-14.473,0.75,0.83,real
81.3,left,-19.065,-2.013,0.8,real
81.3,right,-0.376,-3.473,0.79,real
81.3,right,-5.587,-3.688,0.92,real
81.3,right,-10.141,-5.128,0.93,real
81.3,right,-14.186,-7.23,0.81,real
81.3,right,-17.56,-9.596,0.86,real
81.4,left,-2.11,3.25,0.87,real
81.4,left,-8.133,2.614,0.91,real
81.4,left,-13.859,0.982,0.89,real
81.4,left,-18.905,-1.781,0.97,real
81.4,right,-0.246,-3.525,0.85,real
81.4,right,-5.371,-3.642,0.84,real
81.4,right,-10.042,-4.923,0.99,real
81.4,right,-13.813,-6.9,0.94,real
81.4,right,-17.162,-9.327,0.75,real
81.5,left,-1.642,3.374,0.86,real
81.5,left,-8.133,2.746,0.84,real
81.5,left,-13.571,1.444,0.85,real
81.5,left,-18.617,-1.561,0.89,real
81.5,right,-5.131,-3.735,0.91,real
81.5,right,-9.784,-4.602,0.95,real
81.5,right,-13.385,-6.753,0.99,real
81.5,right,-16.758,-9.315,0.99,real
81.6,left,-1.042,3.43,0.91,real
81.6,left,-7.295,2.717,0.89,real
81.6,left,-13.196,1.364,0.99,real
81.6,left,-17.938,-1.777,0.89,real
81.6,left,-22.086,-4.375,0.91,real
81.6,right,-4.486,-3.673,0.74,real
81.6,right,-9.534,-5.103,0.91,real
81.6,right,-13.324,-6.669,0.85,real
81.6,right,-16.656,-9.136,0.9,real
81.7,left,-0.762,3.353,0.84,real
81.7,left,-7.18,3.411,0.97,real
81.7,left,-12.852,1.432,0.85,real
81.7,left,-17.604,-1.197,0.92,real
81.7,left,-21.766,-4.459,0.89,real
81.7,right,-4.51,-3.673,0.85,real
81.7,right,-8.892,-4.677,0.81,real
81.7,right,-13.242,-6.483,0.8,real
81.7,right,-16.023,-8.943,0.66,real
81.7,right,-18.097,-12.081,0.99,real
81.8,left,-0.137,3.331,0.9,real
81.8,left,-6.53,2.928,0.87,real
81.8,left,-12.33,1.465,0.77,real
81.8,left,-17.301,-1.051,0.98,real
81.8,left,-21.35,-4.368,0.84,real
81.8,right,-4.209,-3.431,0.99,real
81.8,right,-8.27,-4.646,0.91,real
81.8,right,-12.837,-6.281,0.94,real
81.8,right,-15.818,-8.696,0.91,real
81.8,right,-17.879,-11.776,0.96,real
81.9,left,-6.089,2.868,0.94,real
81.9,left,-11.789,1.483,0.82,real
81.9,left,-16.546,-1.049,0.82,real
81.9,left,-20.993,-4.008,0.9,real
81.9,right,-3.542,-3.751,0.78,real
81.9,right,-8.458,-4.749,0.77,real
81.9,right,-12.366,-6.384,0.78,real
81.9,right,-15.618,-8.474,0.91,real
81.9,right,-17.541,-11.468,0.91,real
82.0,left,-5.828,2.933,0.86,real
82.0,left,-11.476,1.421,0.87,real
82.0,left,-16.599,-0.959,0.91,real
82.0,left,-20.789,-3.945,0.89,real
82.0,right,-3.353,-3.399,0.87,real
82.0,right,-7.977,-4.2,0.92,real
82.0,right,-11.92,-6.055,0.93,real
82.0,right,-14.964,-8.631,0.99,real
82.0,right,-17.675,-11.436,0.93,real
82.1,left,-5.267,2.943,0.9,real
82.1,left,-11.432,1.844,0.8,real
82.1,left,-16.46,-0.652,0.84,real
82.1,left,-20.013,-4.114,0.99,real
82.1,right,-3.098,-3.636,0.76,real
82.1,right,-7.935,-4.594,0.83,real
82.1,right,-11.81,-5.735,0.89,real
82.1,right,-14.804,-8.184,0.82,real
82.1,right,-17.402,-11.557,0.82,real
82.1,right,-10.468,-4.716,0.31,ghost
82.2,left,-4.783,3.136,0.84,real
82.2,left,-10.638,1.805,0.95,real
82.2,left,-15.682,-0.519,0.88,real
82.2,left,-20.229,-3.357,0.79,real
82.2,right,-2.463,-3.648,0.8,real
82.2,right,-7.341,-4.263,0.94,real
82.2,right,-11.602,-5.847,0.99,real
82.2,right,-14.473,-8.294,0.99,real
82.2,right,-17.257,-11.022,0.81,real
82.3,left,-4.788,2.803,0.89,real
82.3,left,-10.334,1.663,0.99,real
82.3,left,-15.414,-0.003,0.71,real
82.3,left,-19.798,-3.343,0.86,real
82.3,right,-2.587,-3.188,0.99,real
82.3,right,-7.399,-4.407,0.73,real
82.3,right,-10.938,-5.784,0.83,real
82.3,right,-14.519,-8.12,0.85,real
82.3,right,-16.904,-10.756,0.73,real
82.3,unknown,-11.234,5.287,0.33,ghost
82.4,left,-4.418,3.3,0.91,real
82.4,left,-10.428,1.921,0.79,real
82.4,left,-15.081,0.055,0.72,real
82.4,left,-19.673,-3.421,0.94,real
82.4,right,-2.048,-3.704,0.87,real
82.4,right,-6.949,-4.192,0.9,real
82.4,right,-10.626,-5.631,0.89,real
82.4,right,-14.081,-7.974,0.78,real
82.4,right,-16.362,-10.78,0.88,real
82.5,left,-3.849,3.281,0.93,real
82.5,left,-9.777,1.816,0.82,real
82.5,left,-14.826,-0.362,0.92,real
82.5,left,-18.831,-3.137,0.77,real
82.5,right,-1.802,-3.379,0.87,real
82.5,right,-6.405,-3.761,0.9,real
82.5,right,-10.828,-5.576,0.93,real
82.5,right,-13.846,-7.78,0.91,real
82.5,right,-16.5,-10.488,0.96,real
82.6,left,-3.325,3.041,0.94,real
82.6,left,-9.404,1.85,0.97,real
82.6,left,-14.407,-0.125,0.82,real
82.6,left,-18.777,-2.906,0.99,real
82.6,left,-21.873,-6.762,0.9,real
82.6,right,-1.369,-3.366,0.87,real
82.6,right,-6.143,-4.141,0.85,real
82.6,right,-10.053,-5.45,0.73,real
82.6,right,-13.569,-7.699,0.87,real
82.6,right,-16.143,-10.569,0.97,real
82.7,left,-3.551,3.461,0.78,real
82.7,left,-9.213,2.548,0.8,real
82.7,left,-14.571,0.245,0.87,real
82.7,left,-18.577,-2.894,0.82,real
82.7,left,-21.626,-6.272,0.84,real
82.7,right,-0.999,-3.445,0.96,real
82.7,right,-5.976,-3.781,0.92,real
82.7,right,-10.167,-5.53,0.99,real
82.7,right,-13.117,-7.603,0.95,real
82.7,right,-15.815,-10.351,0.92,real
82.7,unknown,-8.002,-0.699,0.48,ghost
82.8,left,-2.819,3.126,0.99,real
82.8,left,-8.806,1.969,0.87,real
82.8,left,-13.978,0.472,0.96,real
82.8,left,-18.05,-2.463,0.88,real
82.8,left,-22.064,-6.145,0.75,real
82.8,right,-0.888,-3.362,0.99,real
82.8,right,-5.587,-4.094,0.73,real
82.8,right,-9.754,-5.361,0.91,real
82.8,right,-12.976,-7.183,0.83,real
82.8,right,-15.691,-10.14,0.89,real
82.8,right,-9.179,-3.74,0.37,ghost
82.9,left,-2.592,3.222,0.78,real
82.9,left,-8.307,2.24,0.88,real
82.9,left,-13.481,0.363,0.85,real
82.9,left,-17.741,-2.44,0.89,real
82.9,left,-20.863,-6.257,0.9,real
82.9,right,-0.457,-3.22,0.85,real
82.9,right,-5.26,-3.697,0.86,real
82.9,right,-9.106,-5.503,0.8,real
82.9,right,-12.358,-7.49,0.79,real
82.9,right,-15.297,-10.394,0.84,real
83.0,left,-2.042,3.399,0.8,real
83.0,left,-7.724,2.493,0.86,real
83.0,left,-13.421,1.195,0.99,real
83.0,left,-17.616,-2.167,0.95,real
83.0,left,-20.898,-5.585,0.91,real
83.0,right,-0.39,-3.361,0.85,real
83.0,right,-4.908,-3.634,0.84,real
83.0,right,-8.708,-5.132,0.99,real
83.0,right,-12.265,-7.167,0.9,real
83.0,right,-15.094,-10.124,0.85,real
83.1,left,-1.745,3.396,0.87,real
83.1,left,-7.515,2.537,0.72,real
83.1,left,-12.913,0.85,0.86,real
83.1,left,-17.306,-1.918,0.99,real
83.1,left,-20.535,-5.932,0.85,real
83.1,right,-4.88,-4.118,0.74,real
83.1,right,-8.545,-4.885,0.87,real
83.1,right,-12.252,-6.713,0.93,real
83.1,right,-14.724,-9.449,0.87,real
83.2,left,-1.456,3.021,0.83,real
83.2,left,-7.272,2.642,0.97,real
83.2,left,-12.863,0.747,0.93,real
83.2,left,-16.493,-1.888,0.85,real
83.2,left,-20.356,-5.688,0.92,real
83.2,right,-4.637,-4.22,0.99,real
83.2,right,-8.488,-4.944,0.93,real
83.2,right,-11.89,-7.361,0.94,real
83.2,right,-14.486,-9.19,0.94,real
83.3,left,-1.129,3.112,0.93,real
83.3,left,-6.832,2.982,0.97,real
83.3,left,-11.81,1.031,0.79,real
83.3,left,-16.549,-1.777,0.92,real
83.3,left,-20.321,-5.171,0.88,real
83.3,right,-3.905,-3.532,0.94,real
83.3,right,-8.414,-4.583,0.85,real
83.3,right,-11.8,-6.612,0.95,real
83.3,right,-14.644,-9.527,0.87,real
83.4,left,-0.332,2.993,0.87,real
83.4,left,-6.434,2.718,0.94,real
83.4,left,-11.78,0.893,0.81,real
83.4,left,-16.231,-1.271,0.8,real
83.4,left,-19.622,-4.974,0.94,real
83.4,right,-3.654,-3.863,0.83,real
83.4,right,-8.257,-4.706,0.99,real
83.4,right,-11.207,-7.169,0.92,real
83.4,right,-13.985,-9.453,0.9,real
83.5,left,-0.139,3.403,0.99,real
83.5,left,-5.945,2.792,0.95,real
83.5,left,-11.538,1.692,0.8,real
83.5,left,-16.069,-1.607,0.97,real
83.5,left,-19.309,-4.916,0.74,real
83.5,left,-22.077,-9.197,0.96,real
83.5,right,-3.382,-3.703,0.91,real
83.5,right,-7.674,-4.74,0.92,real
83.5,right,-11.427,-6.457,0.95,real
83.5,right,-14.109,-9.164,0.78,real
83.5,left,-2.151,-2.406,0.38,ghost
83.6,left,-5.764,2.897,0.76,real
83.6,left,-11.086,1.312,0.84,real
83.6,left,-15.254,-1.183,0.79,real
83.6,left,-19.116,-4.432,0.83,real
83.6,left,-21.692,-8.851,0.89,real
83.6,right,-3.127,-3.264,0.92,real
83.6,right,-7.255,-4.677,0.83,real
83.6,right,-10.671,-6.218,0.86,real
83.6,right,-13.663,-9.003,0.79,real
83.7,left,-5.42,3.125,0.99,real
83.7,left,-10.907,1.133,0.88,real
83.7,left,-15.194,-1.067,0.88,real
83.7,left,-18.806,-4.422,0.88,real
83.7,left,-21.666,-8.625,0.89,real
83.7,right,-2.706,-3.426,0.89,real
83.7,right,-6.9,-4.216,0.86,real
83.7,right,-10.61,-6.232,0.92,real
83.7,right,-13.416,-9.106,0.99,real
83.8,left,-5.178,3.152,0.95,real
83.8,left,-10.63,1.448,0.99,real
83.8,left,-15.152,-0.733,0.9,real
83.8,left,-18.649,-4.1,0.82,real
83.8,left,-21.411,-8.645,0.93,real
83.8,right,-2.379,-3.263,0.94,real
83.8,right,-6.818,-4.119,0.8,real
83.8,right,-10.478,-5.919,0.85,real
83.8,right,-13.33,-8.215,0.83,real
83.8,right,-15.269,-11.95,0.98,real
83.9,left,-4.544,2.882,0.92,real
83.9,left,-9.926,1.915,0.85,real
83.9,left,-14.684,-0.983,0.84,real
83.9,left,-18.323,-4.245,0.92,real
83.9,left,-20.784,-8.226,0.83,real
83.9,right,-2.584,-3.451,0.83,real
83.9,right,-6.348,-4.55,0.89,real
83.9,right,-10.279,-6.313,0.99,real
83.9,right,-13.163,-8.54,0.95,real
83.9,right,-14.641,-11.58,0.87,real
84.0,left,-4.154,2.998,0.99,real
84.0,left,-9.522,1.928,0.88,real
84.0,left,-14.336,-0.878,0.8,real
84.0,left,-18.054,-3.532,0.8,real
84.0,left,-20.771,-8.283,0.86,real
84.0,right,-2.056,-3.477,0.98,real
84.0,right,-6.693,-4.249,0.79,real
84.0,right,-9.697,-5.824,0.86,real
84.0,right,-12.448,-8.551,0.84,real
84.0,right,-14.748,-11.71,0.82,real
84.1,left,-3.599,3.23,0.9,real
84.1,left,-9.115,1.961,0.82,real
84.1,left,-13.919,-0.442,0.83,real
84.1,left,-17.697,-3.606,0.87,real
84.1,left,-20.479,-8.155,0.88,real
84.1,right,-1.668,-3.366,0.93,real
84.1,right,-5.995,-4.459,0.82,real
84.1,right,-9.168,-5.932,0.84,real
84.1,right,-12.599,-8.026,0.89,real
84.1,right,-14.626,-11.124,0.83,real
84.2,left,-3.356,3.289,0.84,real
84.2,left,-8.933,1.987,0.86,real
84.2,left,-13.706,-0.126,0.84,real
84.2,left,-17.468,-3.629,0.94,real
84.2,left,-20.134,-7.467,0.93,real
84.2,right,-1.512,-3.361,0.83,real
84.2,right,-5.973,-4.161,0.88,real
84.2,right,-9.352,-5.791,0.88,real
84.2,right,-12.187,-8.134,0.88,real
84.2,right,-14.109,-11.547,0.89,real
84.3,left,-3.233,3.308,0.88,real
84.3,left,-8.703,2.133,0.89,real
84.3,left,-13.523,-0.12,0.99,real
84.3,left,-17.114,-3.36,0.78,real
84.3,left,-19.993,-7.267,0.82,real
84.3,right,-1.282,-3.213,0.87,real
84.3,right,-5.416,-4.119,0.9,real
84.3,right,-9.171,-5.731,0.9,real
84.3,right,-11.903,-8.199,0.89,real
84.3,right,-14.284,-11.174,0.91,real
84.4,left,-2.988,3.276,0.79,real
84.4,left,-8.25,2.366,0.94,real
84.4,left,-12.84,-0.162,0.72,real
84.4,left,-17.139,-3.165,0.86,real
84.4,left,-19.795,-7.288,0.82,real
84.4,left,-22.044,-11.78,0.97,real
84.4,right,-0.764,-3.409,0.94,real
84.4,right,-4.853,-3.725,0.94,real
84.4,right,-8.876,-5.327,0.85,real
84.4,right,-11.655,-7.511,0.88,real
84.4,right,-14.029,-10.757,0.85,real
84.5,left,-2.362,3.371,0.82,real
84.5,left,-7.803,2.368,0.99,real
84.5,left,-12.672,0.041,0.92,real
84.5,left,-16.6,-3.067,0.99,real
84.5,left,-19.505,-7.0,0.86,real
84.5,left,-21.444,-11.696,0.81,real
84.5,right,-0.623,-3.735,0.94,real
84.5,right,-4.998,-4.135,0.95,real
84.5,right,-8.607,-5.463,0.79,real
84.5,right,-11.651,-7.782,0.73,real
84.5,right,-13.679,-10.89,0.74,real
84.6,left,-2.639,3.39,0.9,real
84.6,left,-7.882,2.462,0.93,real
84.6,left,-12.44,0.41,0.71,real
84.6,left,-16.04,-2.871,0.87,real
84.6,left,-19.386,-6.478,0.86,real
84.6,left,-21.222,-11.586,0.86,real
84.6,right,-0.432,-3.273,0.85,real
84.6,right,-4.559,-3.911,0.84,real
84.6,right,-8.427,-5.357,0.83,real
84.6,right,-11.275,-7.488,0.99,real
84.6,right,-13.416,-10.543,0.85,real
84.7,left,-1.562,3.497,0.89,real
84.7,left,-6.861,2.617,0.81,real
84.7,left,-11.795,0.367,0.85,real
84.7,left,-16.319,-2.364,0.84,real
84.7,left,-19.024,-6.545,0.89,real
84.7,left,-21.489,-11.21,0.8,real
84.7,right,0.12,-3.236,0.74,real
84.7,right,-4.618,-3.742,0.94,real
84.7,right,-8.141,-4.792,0.99,real
84.7,right,-11.105,-7.686,0.78,real
84.7,right,-13.495,-10.598,0.96,real
84.8,left,-1.216,3.371,0.89,real
84.8,left,-6.803,2.395,0.91,real
84.8,left,-12.091,0.451,0.97,real
84.8,left,-15.723,-2.226,0.86,real
84.8,left,-18.744,-6.446,0.88,real
84.8,left,-20.931,-11.126,0.85,real
84.8,right,-4.043,-3.841,0.92,real
84.8,right,-7.567,-5.371,0.95,real
84.8,right,-10.852,-7.537,0.8,real
84.8,right,-13.176,-10.561,0.97,real
84.9,left,-0.998,3.366,0.97,real
84.9,left,-6.542,2.552,0.95,real
84.9,left,-11.636,0.684,0.88,real
84.9,left,-15.477,-2.156,0.84,real
84.9,left,-18.672,-6.048,0.84,real
84.9,left,-20.738,-10.86,0.96,real
84.9,right,-3.763,-4.005,0.92,real
84.9,right,-7.719,-5.279,0.9,real
84.9,right,-10.47,-7.395,0.75,real
84.9,right,-12.929,-10.337,0.8,real
84.9,unknown,-3.184,-2.822,0.46,ghost
85.0,left,-1.092,3.501,0.85,real
85.0,left,-6.343,2.737,0.99,real
85.0,left,-11.117,0.773,0.68,real
85.0,left,-15.217,-2.076,0.89,real
85.0,left,-18.19,-5.598,0.79,real
85.0,left,-20.753,-10.407,0.83,real
85.0,right,-3.574,-3.916,0.85,real
85.0,right,-7.283,-4.715,0.95,real
85.0,right,-10.482,-7.379,0.83,real
85.0,right,-13.128,-10.114,0.97,real
85.0,unknown,-11.945,-7.447,0.34,ghost
85.1,left,-0.427,3.65,0.79,real
85.1,left,-6.01,2.676,0.88,real
85.1,left,-10.74,1.309,0.9,real
85.1,left,-14.895,-1.697,0.87,real
85.1,left,-18.142,-5.482,0.82,real
85.1,left,-20.426,-10.099,0.92,real
85.1,right,-3.457,-3.854,0.95,real
85.1,right,-7.487,-4.91,0.89,real
85.1,right,-10.195,-7.264,0.91,real
85.1,right,-12.7,-10.103,0.98,real
85.2,left,-0.045,3.074,0.83,real
85.2,left,-5.693,3.274,0.87,real
85.2,left,-10.325,1.309,0.9,real
85.2,left,-14.384,-1.633,0.99,real
85.2,left,-18.152,-5.653,0.87,real
85.2,left,-20.023,-9.93,0.8,real
85.2,right,-2.923,-3.556,0.99,real
85.2,right,-6.864,-4.684,0.95,real
85.2,right,-9.889,-7.156,0.9,real
85.2,right,-12.688,-9.537,0.94,real
85.3,left,-5.243,2.977,0.85,real
85.3,left,-9.834,1.106,0.87,real
85.3,left,-14.427,-1.418,0.69,real
85.3,left,-17.654,-5.333,0.91,real
85.3,left,-20.104,-9.502,0.85,real
85.3,right,-3.003,-3.406,0.99,real
85.3,right,-6.748,-4.933,0.94,real
85.3,right,-9.627,-6.683,0.88,real
85.3,right,-12.267,-9.842,0.93,real
85.4,left,-4.763,3.37,0.96,real
85.4,left,-10.168,1.217,0.71,real
85.4,left,-14.006,-1.108,0.84,real
85.4,left,-17.424,-5.134,0.82,real
85.4,left,-19.69,-9.761,0.88,real
85.4,right,-2.229,-3.794,0.91,real
85.4,right,-6.24,-4.654,0.93,real
85.4,right,-9.533,-6.401,0.87,real
85.4,right,-11.906,-9.462,0.75,real
85.4,left,-9.645,-1.849,0.55,ghost
85.5,left,-4.449,2.957,0.99,real
85.5,left,-9.356,1.614,0.84,real
85.5,left,-14.044,-0.881,0.84,real
85.5,left,-17.279,-4.615,0.98,real
85.5,left,-19.703,-8.999,0.87,real
85.5,right,-2.084,-3.402,0.89,real
85.5,right,-5.983,-4.518,0.83,real
85.5,right,-9.591,-6.511,0.92,real
85.5,right,-11.832,-9.222,0.9,real
85.6,left,-4.556,2.967,0.82,real
85.6,left,-9.277,1.599,0.9,real
85.6,left,-13.305,-1.254,0.87,real
85.6,left,-16.668,-4.381,0.91,real
85.6,left,-19.066,-9.025,0.94,real
85.6,right,-1.943,-3.54,0.81,real
85.6,right,-5.771,-4.504,0.93,real
85.6,right,-9.093,-6.37,0.88,real
85.6,right,-11.908,-9.215,0.82,real
85.7,left,-4.142,3.249,0.87,real
85.7,left,-8.8,1.925,0.82,real
85.7,left,-13.273,-0.687,0.92,real
85.7,left,-16.976,-4.06,0.87,real
85.7,left,-19.601,-8.601,0.84,real
85.7,right,-1.713,-3.61,0.91,real
85.7,right,-5.514,-4.036,0.85,real
85.7,right,-8.938,-6.271,0.9,real
85.7,right,-11.18,-9.15,0.75,real
85.8,left,-3.1,3.07,0.86,real
85.8,left,-8.577,2.12,0.79,real
85.8,left,-12.854,-0.964,0.81,real
85.8,left,-16.44,-4.219,0.99,real
85.8,left,-19.08,-8.573,0.81,real
85.8,right,-1.347,-3.735,0.9,real
85.8,right,-5.58,-4.141,0.9,real
85.8,right,-8.948,-6.465,0.89,real
85.8,right,-11.12,-8.59,0.8,real
85.9,left,-3.227,3.145,0.8,real
85.9,left,-7.882,1.965,0.86,real
85.9,left,-12.698,-0.383,0.93,real
85.9,left,-16.101,-3.947,0.94,real
85.9,left,-18.936,-8.392,0.89,real
85.9,right,-1.244,-3.3,0.86,real
85.9,right,-4.992,-3.771,0.87,real
85.9,right,-8.283,-5.951,0.85,real
85.9,right,-11.058,-8.698,0.89,real
86.0,left,-3.002,3.555,0.98,real
86.0,left,-7.979,2.2,0.9,real
86.0,left,-12.213,-0.137,0.81,real
86.0,left,-15.701,-3.768,0.89,real
86.0,left,-19.071,-8.237,0.78,real
86.0,right,-0.812,-3.388,0.93,real
86.0,right,-4.914,-4.192,0.9,real
86.0,right,-8.403,-6.012,0.89,real
86.0,right,-10.966,-8.286,0.8,real
86.0,right,-13.009,-11.753,0.9,real
86.1,left,-2.637,3.222,0.81,real
86.1,left,-7.567,2.247,0.99,real
86.1,left,-11.923,-0.055,0.97,real
86.1,left,-15.726,-3.374,0.75,real
86.1,left,-18.44,-8.008,0.96,real
86.1,right,-0.547,-3.498,0.83,real
86.1,right,-4.563,-4.111,0.85,real
86.1,right,-7.942,-6.012,0.87,real
86.1,right,-10.782,-8.236,0.77,real
86.1,right,-12.75,-11.825,0.84,real
86.2,left,-1.774,3.304,0.91,real
86.2,left,-7.6,2.566,0.92,real
86.2,left,-11.651,0.015,0.79,real
86.2,left,-15.332,-3.049,0.8,real
86.2,left,-18.009,-7.894,0.73,real
86.2,right,-0.43,-3.458,0.8,real
86.2,right,-4.272,-4.094,0.92,real
86.2,right,-7.97,-5.611,0.93,real
86.2,right,-10.522,-8.494,0.87,real
86.2,right,-12.681,-11.557,0.9,real
86.3,left,-1.828,3.508,0.8,real
86.3,left,-6.971,2.638,0.88,real
86.3,left,-11.815,0.294,0.89,real
86.3,left,-15.495,-2.967,0.87,real
86.3,left,-18.289,-6.995,0.76,real
86.3,right,-0.403,-3.634,0.8,real
86.3,right,-4.051,-3.895,0.84,real
86.3,right,-7.416,-5.803,0.69,real
86.3,right,-10.194,-7.981,0.99,real
86.3,right,-12.707,-11.338,0.91,real
86.4,left,-0.979,3.489,0.94,real
86.4,left,-6.46,2.531,0.87,real
86.4,left,-11.032,0.368,0.81,real
86.4,left,-14.963,-2.995,0.91,real
86.4,left,-18.203,-7.113,0.74,real
86.4,right,-0.405,-3.452,0.78,real
86.4,right,-4.121,-4.273,0.89,real
86.4,right,-7.541,-5.324,0.87,real
86.4,right,-9.908,-7.919,0.98,real
86.4,right,-12.369,-11.22,0.9,real
86.5,left,-1.13,3.527,0.99,real
86.5,left,-6.169,2.788,0.82,real
86.5,left,-10.818,0.491,0.94,real
86.5,left,-14.571,-2.727,0.95,real
86.5,left,-17.843,-6.567,0.8,real
86.5,left,-20.12,-11.883,0.8,real
86.5,right,-3.94,-4.17,0.83,real
86.5,right,-7.025,-5.561,0.84,real
86.5,right,-10.114,-7.367,0.91,real
86.5,right,-12.327,-11.039,0.89,real
86.6,left,-0.981,3.256,0.81,real
86.6,left,-6.13,2.653,0.94,real
86.6,left,-10.49,0.963,0.94,real
86.6,left,-14.262,-2.237,0.83,real
86.6,left,-17.87,-6.613,0.96,real
86.6,left,-19.885,-11.347,0.9,real
86.6,right,-3.694,-3.636,0.99,real
86.6,right,-6.527,-5.369,0.94,real
86.6,right,-9.601,-7.801,0.77,real
86.6,right,-12.28,-10.994,0.75,real
86.7,left,-0.57,3.504,0.83,real
86.7,left,-5.871,2.881,0.77,real
86.7,left,-9.902,0.711,0.82,real
86.7,left,-14.426,-1.941,0.86,real
86.7,left,-17.27,-6.02,0.77,real
86.7,left,-19.675,-11.298,0.9,real
86.7,right,-3.115,-3.987,0.93,real
86.7,right,-7.237,-5.153,0.94,real
86.7,right,-9.671,-7.561,0.91,real
86.7,right,-12.004,-10.862,0.92,real
86.8,left,-0.151,3.401,0.71,real
86.8,left,-5.645,2.64,0.94,real
86.8,left,-9.639,0.739,0.85,real
86.8,left,-13.955,-2.237,0.9,real
86.8,left,-17.349,-5.9,0.86,real
86.8,left,-19.6,-11.124,0.85,real
86.8,right,-3.351,-3.73,0.83,real
86.8,right,-6.44,-4.975,0.88,real
86.8,right,-9.785,-7.382,0.84,real
86.8,right,-12.298,-10.949,0.87,real
86.9,left,-5.276,3.256,0.89,real
86.9,left,-9.609,1.121,0.92,real
86.9,left,-13.661,-1.902,0.78,real
86.9,left,-17.012,-5.905,0.83,real
86.9,left,-19.616,-10.688,0.87,real
86.9,right,-2.7,-3.968,0.82,real
86.9,right,-6.283,-4.911,0.7,real
86.9,right,-9.35,-7.3,0.83,real
86.9,right,-12.008,-10.501,0.96,real
87.0,left,-4.798,3.111,0.79,real
87.0,left,-9.501,1.282,0.89,real
87.0,left,-13.528,-1.77,0.79,real
87.0,left,-16.962,-5.614,0.87,real
87.0,left,-19.104,-10.186,0.82,real
87.0,right,-2.774,-3.733,0.9,real
87.0,right,-6.287,-4.78,0.93,real
87.0,right,-9.196,-7.258,0.96,real
87.0,right,-11.858,-10.073,0.84,real
87.1,left,-4.535,3.14,0.87,real
87.1,left,-8.665,1.56,0.83,real
87.1,left,-13.048,-1.453,0.99,real
87.1,left,-16.488,-5.536,0.93,real
87.1,left,-19.01,-10.312,0.78,real
87.1,right,-2.008,-3.73,0.86,real
87.1,right,-5.97,-4.696,0.87,real
87.1,right,-9.226,-6.993,0.86,real
87.1,right,-11.242,-9.927,0.9,real
87.2,left,-4.227,2.51,0.92,real
87.2,left,-8.531,1.702,0.93,real
87.2,left,-13.07,-0.889,0.68,real
87.2,left,-16.712,-5.0,0.92,real
87.2,left,-19.086,-10.148,0.86,real
87.2,right,-2.418,-3.576,0.79,real
87.2,right,-5.609,-4.508,0.97,real
87.2,right,-9.128,-7.134,0.81,real
87.2,right,-11.49,-10.151,0.96,real
87.3,left,-3.322,2.932,0.99,real
87.3,left,-8.476,1.683,0.72,real
87.3,left,-12.622,-1.335,0.91,real
87.3,left,-16.158,-4.868,0.85,real
87.3,left,-18.722,-9.165,0.87,real
87.3,right,-2.138,-3.977,0.92,real
87.3,right,-5.568,-4.86,0.84,real
87.3,right,-8.729,-6.601,0.91,real
87.3,right,-11.254,-9.689,0.94,real
87.4,left,-3.192,3.309,0.84,real
87.4,left,-8.048,1.717,0.92,real
87.4,left,-12.434,-0.834,0.99,real
87.4,left,-16.139,-4.631,0.83,real
87.4,left,-18.905,-9.407,0.85,real
87.4,right,-1.797,-3.269,0.93,real
87.4,right,-5.425,-4.498,0.88,real
87.4,right,-8.54,-6.85,0.89,real
87.4,right,-10.962,-9.747,0.84,real
87.5,left,-2.933,3.058,0.9,real
87.5,left,-7.959,1.989,0.82,real
87.5,left,-12.392,-0.414,0.87,real
87.5,left,-15.841,-4.407,0.99,real
87.5,left,-18.752,-8.733,0.8,real
87.5,right,-1.888,-3.546,0.82,real
87.5,right,-5.37,-4.626,0.92,real
87.5,right,-8.726,-6.802,0.86,real
87.5,right,-11.119,-9.371,0.8,real
87.6,left,-2.667,3.197,0.85,real
87.6,left,-7.761,2.036,0.88,real
87.6,left,-12.016,-0.452,0.95,real
87.6,left,-15.366,-4.298,0.97,real
87.6,left,-18.663,-8.679,0.99,real
87.6,right,-1.282,-3.596,0.87,real
87.6,right,-5.212,-4.228,0.9,real
87.6,right,-8.008,-6.286,0.99,real
87.6,right,-11.006,-9.298,0.88,real
87.7,left,-2.413,3.135,0.85,real
87.7,left,-7.284,2.055,0.98,real
87.7,left,-11.688,-0.074,0.98,real
87.7,left,-15.472,-3.401,0.84,real
87.7,left,-18.488,-8.548,0.91,real
87.7,right,-1.055,-3.634,0.9,real
87.7,right,-4.508,-4.386,0.77,real
87.7,right,-7.645,-6.567,0.89,real
87.7,right,-10.906,-9.195,0.98,real
87.8,left,-2.156,3.445,0.93,real
87.8,left,-6.85,2.087,0.97,real
87.8,left,-11.431,-0.09,0.88,real
87.8,left,-15.37,-3.368,0.85,real
87.8,left,-18.127,-8.228,0.85,real
87.8,right,-0.902,-3.461,0.88,real
87.8,right,-4.458,-4.406,0.89,real
87.8,right,-8.215,-6.276,0.82,real
87.8,right,-10.665,-8.678,0.75,real
87.9,left,-1.914,3.391,0.9,real
87.9,left,-6.543,2.371,0.85,real
87.9,left,-11.086,0.118,0.86,real
87.9,left,-14.96,-3.331,0.93,real
87.9,left,-18.076,-7.688,0.99,real
87.9,right,-0.64,-3.18,0.97,real
87.9,right,-4.362,-4.509,0.9,real
87.9,right,-7.684,-6.037,0.89,real
87.9,right,-10.594,-8.766,0.92,real
88.0,left,-1.418,3.268,0.9,real
88.0,left,-6.284,2.534,0.83,real
88.0,left,-10.59,0.18,0.89,real
88.0,left,-14.721,-3.016,0.86,real
88.0,left,-18.064,-7.742,0.91,real
88.0,right,-0.415,-3.584,0.74,real
88.0,right,-4.409,-4.19,0.84,real
88.0,right,-7.416,-5.75,0.92,real
88.0,right,-10.167,-8.592,0.92,real
88.1,left,-0.955,3.456,0.91,real
88.1,left,-5.787,2.581,0.88,real
88.1,left,-10.508,0.201,0.83,real
88.1,left,-14.552,-2.916,0.77,real
88.1,left,-17.646,-7.272,0.81,real
88.1,right,-0.223,-3.358,0.79,real
88.1,right,-3.96,-3.998,0.83,real
88.1,right,-7.059,-5.692,0.85,real
88.1,right,-10.064,-8.472,0.78,real
88.2,left,-0.958,3.392,0.94,real
88.2,left,-5.877,2.701,0.81,real
88.2,left,-10.552,0.614,0.99,real
88.2,left,-14.185,-2.764,0.91,real
88.2,left,-17.282,-6.827,0.87,real
88.2,right,-3.534,-4.114,0.87,real
88.2,right,-7.387,-5.565,0.92,real
88.2,right,-10.218,-8.063,0.96,real
88.2,right,-12.831,-11.928,0.71,real
88.3,left,-0.233,3.302,0.85,real
88.3,left,-5.256,3.005,0.84,real
88.3,left,-9.913,0.917,0.89,real
88.3,left,-13.669,-2.137,0.81,real
88.3,left,-17.478,-6.693,0.93,real
88.3,right,-3.839,-3.986,0.81,real
88.3,right,-6.986,-5.499,0.94,real
88.3,right,-10.041,-8.24,0.94,real
88.3,right,-12.181,-11.322,0.99,real
88.4,left,-0.045,3.462,0.94,real
88.4,left,-5.223,2.884,0.8,real
88.4,left,-9.626,1.141,0.92,real
88.4,left,-14.121,-2.3,0.81,real
88.4,left,-17.457,-6.46,0.96,real
88.4,left,-19.95,-11.588,0.88,real
88.4,right,-2.953,-3.944,0.85,real
88.4,right,-7.009,-5.641,0.84,real
88.4,right,-9.591,-8.281,0.97,real
88.4,right,-12.237,-11.444,0.86,real
88.4,right,-5.098,-0.416,0.27,ghost
88.5,left,-4.782,3.022,0.77,real
88.5,left,-9.47,1.479,0.87,real
88.5,left,-13.822,-2.207,0.72,real
88.5,left,-17.183,-6.22,0.94,real
88.5,left,-19.921,-11.436,0.93,real
88.5,right,-3.114,-3.944,0.85,real
88.5,right,-6.842,-5.204,0.85,real
88.5,right,-9.666,-7.637,0.85,real
88.5,right,-12.402,-11.403,0.95,real
88.6,left,-4.635,2.687,0.85,real
88.6,left,-9.409,1.111,0.99,real
88.6,left,-13.178,-1.695,0.88,real
88.6,left,-16.747,-6.053,0.79,real
88.6,left,-19.907,-11.251,0.9,real
88.6,right,-2.721,-3.87,0.86,real
88.6,right,-6.297,-5.128,0.75,real
88.6,right,-9.703,-7.615,0.79,real
88.6,right,-12.343,-11.157,0.9,real
88.7,left,-4.14,3.174,0.86,real
88.7,left,-8.852,1.263,0.93,real
88.7,left,-13.213,-1.748,0.99,real
88.7,left,-16.735,-5.651,0.89,real
88.7,left,-19.724,-10.575,0.81,real
88.7,right,-2.939,-3.847,0.9,real
88.7,right,-6.295,-5.249,0.87,real
88.7,right,-9.519,-7.415,0.76,real
88.7,right,-12.134,-11.001,0.87,real
88.8,left,-3.761,2.789,0.78,real
88.8,left,-8.469,1.436,0.89,real
88.8,left,-13.035,-1.466,0.86,real
88.8,left,-16.611,-5.81,0.87,real
88.8,left,-19.92,-10.584,0.97,real
88.8,right,-2.404,-3.677,0.78,real
88.8,right,-6.024,-5.046,0.94,real
88.8,right,-8.997,-7.693,0.81,real
88.8,right,-12.223,-10.718,0.92,real
88.9,left,-3.347,2.885,0.99,real
88.9,left,-8.556,1.63,0.97,real
88.9,left,-12.729,-1.319,0.89,real
88.9,left,-16.712,-5.387,0.91,real
88.9,left,-19.874,-10.155,0.82,real
88.9,right,-1.881,-3.58,0.93,real
88.9,right,-5.803,-4.991,0.95,real
88.9,right,-8.988,-6.988,0.84,real
88.9,right,-11.734,-10.693,0.85,real
89.0,left,-3.133,3.251,0.84,real
89.0,left,-8.149,1.532,0.77,real
89.0,left,-12.394,-0.883,0.97,real
89.0,left,-16.06,-5.099,0.94,real
89.0,left,-19.868,-9.692,0.94,real
89.0,right,-2.029,-3.316,0.91,real
89.0,right,-5.843,-5.191,0.78,real
89.0,right,-8.829,-7.037,0.91,real
89.0,right,-11.931,-10.106,0.84,real
89.1,left,-2.76,3.219,0.87,real
89.1,left,-7.783,1.944,0.75,real
89.1,left,-12.259,-0.648,0.93,real
89.1,left,-16.168,-4.52,0.96,real
89.1,left,-19.567,-9.566,0.88,real
89.1,right,-1.73,-3.521,0.98,real
89.1,right,-5.389,-4.516,0.96,real
89.1,right,-8.88,-6.912,0.86,real
89.1,right,-11.657,-10.068,0.9,real
89.2,left,-2.699,3.249,0.84,real
89.2,left,-7.536,2.257,0.72,real
89.2,left,-11.896,-0.63,0.76,real
89.2,left,-15.807,-4.009,0.99,real
89.2,left,-19.477,-9.431,0.87,real
89.2,right,-1.246,-3.863,0.88,real
89.2,right,-5.193,-4.937,0.98,real
89.2,right,-8.732,-6.559,0.83,real
89.2,right,-11.464,-9.743,0.94,real
89.3,left,-2.153,3.416,0.97,real
89.3,left,-7.198,2.175,0.94,real
89.3,left,-11.677,-0.16,0.83,real
89.3,left,-15.689,-3.892,0.82,real
89.3,left,-19.463,-8.736,0.92,real
89.3,right,-1.449,-3.435,0.99,real
89.3,right,-5.501,-4.296,0.92,real
89.3,right,-8.296,-6.676,0.95,real
89.3,right,-11.723,-9.66,0.89,real
89.4,left,-1.959,3.402,0.94,real
89.4,left,-6.818,1.845,0.88,real
89.4,left,-11.454,-0.265,0.95,real
89.4,left,-15.5,-3.549,0.74,real
89.4,left,-19.218,-8.45,0.9,real
89.4,right,-1.01,-3.576,0.85,real
89.4,right,-5.351,-4.502,0.95,real
89.4,right,-8.292,-6.427,0.87,real
89.4,right,-11.359,-9.98,0.88,real
89.5,left,-1.394,3.249,0.88,real
89.5,left,-6.579,2.092,0.98,real
89.5,left,-11.347,0.058,0.85,real
89.5,left,-15.378,-3.645,0.9,real
89.5,left,-19.098,-8.384,0.88,real
89.5,right,-0.967,-3.635,0.99,real
89.5,right,-5.423,-4.28,0.85,real
89.5,right,-8.239,-6.351,0.87,real
89.5,right,-11.093,-9.004,0.92,real
89.6,left,-1.345,3.51,0.92,real
89.6,left,-6.265,2.634,0.77,real
89.6,left,-10.979,0.24,0.83,real
89.6,left,-15.394,-3.217,0.89,real
89.6,left,-18.901,-7.703,0.97,real
89.6,right,-1.06,-3.577,0.81,real
89.6,right,-4.707,-4.519,0.79,real
89.6,right,-7.614,-6.166,0.87,real
89.6,right,-11.224,-8.906,0.99,real
89.6,left,-16.835,6.319,0.44,ghost
89.7,left,-1.036,3.236,0.82,real
89.7,left,-5.798,2.433,0.77,real
89.7,left,-10.327,0.153,0.96,real
89.7,left,-14.906,-2.98,0.85,real
89.7,left,-18.623,-7.305,0.84,real
89.7,right,-0.522,-3.878,0.89,real
89.7,right,-4.345,-4.442,0.92,real
89.7,right,-7.61,-5.998,0.93,real
89.7,right,-11.118,-8.655,0.99,real
89.8,left,-0.631,3.528,0.96,real
89.8,left,-5.559,2.74,0.86,real
89.8,left,-10.373,0.44,0.82,real
89.8,left,-14.443,-2.786,0.83,real
89.8,left,-18.724,-7.23,0.86,real
89.8,right,-0.168,-3.836,0.89,real
89.8,right,-3.69,-4.04,0.99,real
89.8,right,-7.521,-5.824,0.85,real
89.8,right,-11.012,-8.53,0.86,real
89.9,left,-0.552,3.374,0.8,real
89.9,left,-5.026,2.644,0.86,real
89.9,left,-9.865,0.571,0.96,real
89.9,left,-14.441,-2.56,0.9,real
89.9,left,-18.489,-6.887,0.95,real
89.9,right,-0.234,-3.802,0.78,real
89.9,right,-4.202,-4.256,0.91,real
89.9,right,-7.443,-5.853,0.9,real
89.9,right,-11.132,-8.789,0.92,real
90.0,left,-0.081,3.402,0.94,real
90.0,left,-4.968,3.019,0.89,real
90.0,left,-9.554,1.046,0.91,real
90.0,left,-14.127,-2.23,0.99,real
90.0,left,-17.925,-6.68,0.82,real
90.0,right,-0.33,-3.646,0.88,real
90.0,right,-3.852,-4.327,0.92,real
90.0,right,-7.288,-5.695,0.89,real
90.0,right,-10.822,-8.405,0.86,real
90.1,left,-4.49,3.154,0.99,real
90.1,left,-9.401,0.987,0.82,real
90.1,left,-13.991,-2.002,0.99,real
90.1,left,-18.326,-6.294,0.93,real
90.1,left,-21.569,-11.596,0.91,real
90.1,right,-3.64,-4.164,0.89,real
90.1,right,-7.49,-5.597,0.92,real
90.1,right,-10.702,-7.951,0.87,real
90.1,right,-13.868,-11.821,0.91,real
90.2,left,-4.414,3.041,0.86,real
90.2,left,-9.226,0.859,0.9,real
90.2,left,-13.655,-1.748,0.97,real
90.2,left,-17.854,-5.911,0.84,real
90.2,left,-21.822,-11.398,0.9,real
90.2,right,-3.425,-4.04,0.92,real
90.2,right,-6.829,-5.584,0.9,real
90.2,right,-10.114,-7.949,0.92,real
90.2,right,-13.774,-11.742,0.82,real
90.3,left,-3.891,2.937,0.88,real
90.3,left,-9.025,1.226,0.93,real
90.3,left,-13.589,-1.756,0.8,real
90.3,left,-17.693,-5.768,0.9,real
90.3,left,-21.296,-11.05,0.88,real
90.3,right,-2.913,-4.014,0.97,real
90.3,right,-6.916,-5.267,0.84,real
90.3,right,-10.219,-7.717,0.79,real
90.3,right,-13.642,-11.609,0.88,real
90.4,left,-3.558,3.21,0.91,real
90.4,left,-8.68,1.397,0.82,real
90.4,left,-13.298,-1.261,0.8,real
90.4,left,-17.688,-5.149,0.99,real
90.4,left,-21.436,-10.857,0.79,real
90.4,right,-2.829,-3.935,0.85,real
90.4,right,-6.602,-5.537,0.85,real
90.4,right,-9.75,-7.773,0.92,real
90.4,right,-13.802,-11.061,0.73,real
90.5,left,-3.464,3.044,0.91,real
90.5,left,-8.26,1.35,0.92,real
90.5,left,-12.92,-1.202,0.85,real
90.5,left,-17.419,-5.468,0.91,real
90.5,left,-21.687,-10.572,0.8,real
90.5,right,-2.516,-3.357,0.81,real
90.5,right,-6.578,-5.065,0.89,real
90.5,right,-10.195,-7.699,0.94,real
90.5,right,-13.356,-11.12,0.97,real
90.6,left,-3.309,3.097,0.84,real
90.6,left,-8.246,1.829,0.9,real
90.6,left,-12.83,-0.906,0.9,real
90.6,left,-17.376,-5.042,0.93,real
90.6,left,-20.964,-9.75,0.98,real
90.6,right,-2.589,-3.551,0.89,real
90.6,right,-6.268,-5.098,0.91,real
90.6,right,-10.163,-7.118,0.86,real
90.6,right,-13.475,-10.716,0.92,real
90.7,left,-2.556,3.476,0.87,real
90.7,left,-7.812,1.941,0.87,real
90.7,left,-12.694,-0.742,0.89,real
90.7,left,-17.435,-4.655,0.82,real
90.7,left,-21.304,-9.712,0.83,real
90.7,right,-1.968,-3.606,0.91,real
90.7,right,-6.245,-4.871,0.83,real
90.7,right,-9.815,-7.35,0.84,real
90.7,right,-13.121,-10.27,0.95,real
90.8,left,-1.974,3.271,0.87,real
90.8,left,-7.371,2.093,0.84,real
90.8,left,-12.265,-0.38,0.75,real
90.8,left,-16.794,-4.251,0.92,real
90.8,left,-21.097,-9.156,0.93,real
90.8,right,-2.231,-3.889,0.79,real
90.8,right,-5.99,-4.709,0.83,real
90.8,right,-9.745,-6.696,0.94,real
90.8,right,-13.469,-9.976,0.79,real
90.9,left,-2.355,3.214,0.88,real
90.9,left,-6.894,1.768,0.95,real
90.9,left,-11.973,-0.483,0.79,real
90.9,left,-16.641,-4.315,0.73,real
90.9,left,-20.71,-8.803,0.96,real
90.9,right,-1.893,-3.81,0.95,real
90.9,right,-6.054,-4.464,0.83,real
90.9,right,-9.549,-6.831,0.85,real
90.9,right,-13.166,-10.199,0.88,real
91.0,left,-1.65,3.469,0.82,real
91.0,left,-6.82,2.008,0.96,real
91.0,left,-12.003,-0.213,0.93,real
91.0,left,-16.699,-3.582,0.92,real
91.0,left,-20.806,-8.394,0.87,real
91.0,right,-1.775,-3.306,0.92,real
91.0,right,-5.566,-4.988,0.9,real
91.0,right,-9.327,-6.573,0.85,real
91.0,right,-13.19,-9.604,0.92,real
91.1,left,-1.409,3.486,0.96,real
91.1,left,-6.214,2.484,0.98,real
91.1,left,-11.451,0.045,0.87,real
91.1,left,-16.763,-3.236,0.87,real
91.1,left,-20.587,-8.251,0.83,real
91.1,right,-1.633,-3.457,0.84,real
91.1,right,-5.229,-4.605,0.98,real
91.1,right,-9.146,-6.541,0.78,real
91.1,right,-12.986,-10.078,0.81,real
91.2,left,-1.163,3.257,0.88,real
91.2,left,-6.143,2.261,0.91,real
91.2,left,-11.249,0.38,0.87,real
91.2,left,-15.968,-2.991,0.95,real
91.2,left,-20.77,-7.795,0.81,real
91.2,right,-1.133,-3.73,0.78,real
91.2,right,-5.271,-4.266,0.91,real
91.2,right,-9.067,-6.612,0.97,real
91.2,right,-12.991,-9.646,0.96,real
91.3,left,-0.514,3.679,0.87,real
91.3,left,-5.92,2.402,0.88,real
91.3,left,-11.49,0.529,0.87,real
91.3,left,-15.934,-2.776,0.79,real
91.3,left,-20.581,-7.765,0.9,real
91.3,right,-1.37,-3.955,0.81,real
91.3,right,-4.964,-4.317,0.78,real
91.3,right,-8.846,-6.092,0.94,real
91.3,right,-12.477,-9.158,0.99,real
91.4,left,-0.685,3.649,0.99,real
91.4,left,-5.711,2.546,0.85,real
91.4,left,-10.738,0.646,0.91,real
91.4,left,-15.636,-2.487,0.8,real
91.4,left,-20.555,-7.247,0.88,real
91.4,right,-0.969,-3.294,0.76,real
91.4,right,-4.9,-4.28,0.85,real
91.4,right,-8.894,-5.803,0.9,real
91.4,right,-12.294,-8.908,0.87,real
91.5,left,-0.127,3.439,0.96,real
91.5,left,-5.065,2.777,0.88,real
91.5,left,-10.425,0.763,0.91,real
91.5,left,-15.457,-2.596,0.95,real
91.5,left,-20.28,-6.919,0.84,real
91.5,right,-0.571,-3.182,0.92,real
91.5,right,-4.854,-4.376,0.93,real
91.5,right,-8.601,-6.127,0.84,real
91.5,right,-12.635,-8.841,0.97,real
91.5,right,-3.245,0.261,0.36,ghost
91.6,left,-4.813,2.777,0.92,real
91.6,left,-9.984,0.478,0.92,real
91.6,left,-15.175,-2.143,0.73,real
91.6,left,-20.14,-6.773,0.97,real
91.6,right,-0.265,-3.448,0.86,real
91.6,right,-4.218,-4.194,0.9,real
91.6,right,-8.123,-6.147,0.77,real
91.6,right,-12.462,-8.646,0.88,real
91.7,left,-4.362,2.859,0.79,real
91.7,left,-9.998,1.116,0.83,real
91.7,left,-15.08,-2.142,0.86,real
91.7,left,-19.889,-6.128,0.9,real
91.7,right,-0.499,-3.439,0.84,real
91.7,right,-4.312,-4.02,0.86,real
91.7,right,-8.13,-5.837,0.86,real
91.7,right,-11.965,-8.372,0.99,real
91.7,right,-16.209,-11.935,0.78,real
91.8,left,-4.212,2.896,0.94,real
91.8,left,-9.749,1.086,0.89,real
91.8,left,-14.579,-1.666,0.87,real
91.8,left,-19.549,-6.12,0.95,real
91.8,right,0.015,-3.117,0.89,real
91.8,right,-4.377,-4.006,0.89,real
91.8,right,-8.142,-5.455,0.88,real
91.8,right,-12.208,-8.053,0.81,real
91.8,right,-15.916,-11.425,0.81,real
91.9,left,-3.958,2.827,0.92,real
91.9,left,-9.069,1.346,0.91,real
91.9,left,-14.111,-1.448,0.72,real
91.9,left,-19.74,-5.746,0.88,real
91.9,right,-3.981,-3.544,0.99,real
91.9,right,-7.881,-5.533,0.86,real
91.9,right,-11.9,-7.958,0.75,real
91.9,right,-15.898,-11.18,0.84,real
92.0,left,-3.541,3.102,0.77,real
92.0,left,-9.12,1.535,0.84,real
92.0,left,-14.3,-1.12,0.83,real
92.0,left,-19.594,-5.003,0.89,real
92.0,right,-3.588,-3.881,0.87,real
92.0,right,-7.662,-5.413,0.86,real
92.0,right,-11.853,-7.824,0.9,real
92.0,right,-15.638,-11.159,0.94,real
92.1,left,-3.398,3.232,0.87,real
92.1,left,-8.536,1.562,0.79,real
92.1,left,-14.118,-1.04,0.76,real
92.1,left,-18.871,-4.868,0.81,real
92.1,right,-3.556,-3.984,0.86,real
92.1,right,-7.425,-5.046,0.95,real
92.1,right,-11.501,-7.758,0.89,real
92.1,right,-15.435,-11.194,0.9,real
92.2,left,-2.972,3.25,0.87,real
92.2,left,-8.581,1.528,0.89,real
92.2,left,-14.024,-1.176,0.97,real
92.2,left,-18.587,-4.792,0.87,real
92.2,right,-3.143,-3.655,0.83,real
92.2,right,-7.327,-5.062,0.85,real
92.2,right,-11.513,-7.47,0.87,real
92.2,right,-16.032,-10.656,0.81,real
92.3,left,-2.722,3.013,0.78,real
92.3,left,-8.286,2.1,0.99,real
92.3,left,-13.455,-0.582,0.9,real
92.3,left,-18.733,-4.31,0.86,real
92.3,right,-2.687,-3.927,0.89,real
92.3,right,-7.121,-4.886,0.88,real
92.3,right,-11.157,-7.447,0.89,real
92.3,right,-15.541,-10.315,0.89,real
92.4,left,-2.124,3.438,0.89,real
92.4,left,-7.983,2.184,0.88,real
92.4,left,-13.176,-0.419,0.9,real
92.4,left,-18.676,-3.848,0.93,real
92.4,right,-2.813,-3.518,0.99,real
92.4,right,-6.851,-5.339,0.79,real
92.4,right,-11.018,-7.18,0.94,real
92.4,right,-15.004,-10.361,0.89,real
92.5,left,-2.393,3.436,0.91,real
92.5,left,-7.362,2.385,0.97,real
92.5,left,-13.097,-0.355,0.81,real
92.5,left,-18.634,-3.668,0.86,real
92.5,right,-2.471,-3.376,0.88,real
92.5,right,-6.752,-5.135,0.91,real
92.5,right,-10.917,-6.828,0.78,real
92.5,right,-15.094,-10.236,0.93,real
92.6,left,-1.879,3.372,0.99,real
92.6,left,-7.267,2.352,0.99,real
92.6,left,-12.621,-0.024,0.93,real
92.6,left,-18.07,-3.727,0.92,real
92.6,right,-2.217,-3.072,0.85,real
92.6,right,-6.668,-4.602,0.84,real
92.6,right,-10.54,-6.575,0.98,real
92.6,right,-14.845,-9.832,0.89,real
92.7,left,-1.289,3.522,0.84,real
92.7,left,-6.835,2.602,0.85,real
92.7,left,-12.385,0.492,0.83,real
92.7,left,-18.19,-3.323,0.87,real
92.7,right,-1.805,-3.226,0.79,real
92.7,right,-6.671,-4.784,0.91,real
92.7,right,-10.896,-6.486,0.86,real
92.7,right,-14.871,-9.55,0.86,real
92.8,left,-1.183,3.232,0.83,real
92.8,left,-6.656,2.592,0.9,real
92.8,left,-12.185,0.371,0.89,real
92.8,left,-17.574,-3.218,0.87,real
92.8,right,-1.791,-3.57,0.96,real
92.8,right,-5.793,-4.203,0.83,real
92.8,right,-10.832,-6.121,0.9,real
92.8,right,-14.429,-9.608,0.77,real
92.9,left,-1.176,3.453,0.99,real
92.9,left,-6.543,2.775,0.73,real
92.9,left,-11.73,0.791,0.98,real
92.9,left,-17.422,-2.57,0.88,real
92.9,right,-1.423,-3.584,0.91,real
92.9,right,-5.856,-4.316,0.86,real
92.9,right,-10.151,-6.531,0.82,real
92.9,right,-14.506,-8.815,0.96,real
93.0,left,-0.491,3.532,0.91,real
93.0,left,-5.784,2.711,0.85,real
93.0,left,-11.395,0.694,0.96,real
93.0,left,-17.009,-2.001,0.83,real
93.0,right,-1.285,-3.564,0.73,real
93.0,right,-5.542,-4.292,0.87,real
93.0,right,-10.033,-5.954,0.9,real
93.0,right,-14.23,-8.726,0.9,real
93.1,left,-0.233,3.277,0.76,real
93.1,left,-5.756,2.998,0.87,real
93.1,left,-11.209,1.046,0.74,real
93.1,left,-17.184,-2.35,0.88,real
93.1,right,-1.32,-3.845,0.76,real
93.1,right,-5.204,-3.992,0.86,real
93.1,right,-9.633,-6.042,0.88,real
93.1,right,-14.488,-8.599,0.87,real
93.2,left,-5.117,2.815,0.71,real
93.2,left,-11.184,0.935,0.82,real
93.2,left,-17.006,-2.002,0.94,real
93.2,right,-0.842,-3.457,0.86,real
93.2,right,-5.278,-4.168,0.84,real
93.2,right,-9.259,-5.986,0.93,real
93.2,right,-14.416,-8.292,0.84,real
93.2,right,-18.787,-12.021,0.9,real
93.3,left,-4.621,3.154,0.84,real
93.3,left,-10.833,1.11,0.8,real
93.3,left,-16.166,-1.806,0.91,real
93.3,left,-21.849,-5.617,0.89,real
93.3,right,-0.519,-3.195,0.98,real
93.3,right,-4.991,-4.064,0.97,real
93.3,right,-9.325,-5.544,0.75,real
93.3,right,-14.119,-8.031,0.89,real
93.3,right,-18.725,-11.719,0.8,real
93.4,left,-4.422,2.903,0.88,real
93.4,left,-10.503,1.444,0.98,real
93.4,left,-16.168,-1.286,0.94,real
93.4,left,-21.661,-5.367,0.88,real
93.4,right,-0.424,-3.311,0.8,real
93.4,right,-4.824,-4.105,0.89,real
93.4,right,-9.376,-5.315,0.8,real
93.4,right,-13.818,-8.067,0.89,real
93.4,right,-18.398,-11.513,0.8,real
93.5,left,-4.643,3.17,0.91,real
93.5,left,-9.699,1.583,0.82,real
93.5,left,-15.86,-1.583,0.83,real
93.5,left,-21.599,-5.335,0.84,real
93.5,right,-0.215,-3.474,0.91,real
93.5,right,-4.33,-3.964,0.85,real
93.5,right,-8.961,-5.338,0.8,real
93.5,right,-13.833,-7.581,0.79,real
93.5,right,-18.053,-10.859,0.88,real
93.6,left,-4.293,3.23,0.88,real
93.6,left,-9.687,1.72,0.84,real
93.6,left,-15.707,-1.016,0.82,real
93.6,left,-21.124,-4.443,0.98,real
93.6,right,-4.252,-3.527,0.96,real
93.6,right,-8.574,-5.303,0.94,real
93.6,right,-13.332,-7.762,0.79,real
93.6,right,-18.255,-10.753,0.97,real
93.7,left,-3.558,3.402,0.78,real
93.7,left,-9.521,1.852,0.99,real
93.7,left,-15.286,-0.693,0.87,real
93.7,left,-21.375,-4.517,0.82,real
93.7,right,-4.1,-3.427,0.91,real
93.7,right,-8.745,-5.119,0.96,real
93.7,right,-13.616,-7.252,0.95,real
93.7,right,-17.707,-10.615,0.84,real
93.8,left,-3.218,3.289,0.64,real
93.8,left,-9.012,2.206,0.9,real
93.8,left,-15.059,-0.594,0.82,real
93.8,left,-20.935,-4.02,0.86,real
93.8,right,-3.581,-3.597,0.87,real
93.8,right,-8.573,-5.379,0.92,real
93.8,right,-13.151,-7.591,0.99,real
93.8,right,-17.711,-10.397,0.96,real
93.9,left,-3.063,3.279,0.73,real
93.9,left,-8.961,2.191,0.86,real
93.9,left,-15.082,-0.274,0.96,real
93.9,left,-20.593,-3.778,0.9,real
93.9,right,-3.549,-3.875,0.95,real
93.9,right,-8.08,-5.114,0.83,real
93.9,right,-12.673,-7.069,0.84,real
93.9,right,-17.508,-10.449,0.91,real
94.0,left,-2.648,3.279,0.91,real
94.0,left,-8.71,2.239,0.89,real
94.0,left,-14.207,-0.087,0.76,real
94.0,left,-20.404,-3.376,0.91,real
94.0,right,-3.195,-3.933,0.93,real
94.0,right,-8.025,-4.821,0.88,real
94.0,right,-12.889,-7.561,0.92,real
94.0,right,-17.581,-10.141,0.98,real
94.1,left,-2.111,3.569,0.92,real
94.1,left,-8.454,2.399,0.82,real
94.1,left,-14.415,0.177,0.87,real
94.1,left,-19.93,-3.317,0.85,real
94.1,right,-2.94,-3.597,0.9,real
94.1,right,-7.593,-4.625,0.97,real
94.1,right,-12.581,-6.892,0.86,real
94.1,right,-17.342,-9.843,0.73,real
94.2,left,-2.048,3.276,0.83,real
94.2,left,-7.747,2.575,0.83,real
94.2,left,-13.502,0.33,0.92,real
94.2,left,-19.819,-3.072,0.83,real
94.2,right,-2.878,-3.598,0.91,real
94.2,right,-7.681,-4.377,0.81,real
94.2,right,-12.017,-6.534,0.93,real
94.2,right,-17.1,-9.18,0.92,real
94.3,left,-1.814,3.287,0.95,real
94.3,left,-7.31,2.442,0.76,real
94.3,left,-13.567,0.43,0.89,real
94.3,left,-19.288,-2.616,0.83,real
94.3,right,-2.651,-3.41,0.83,real
94.3,right,-7.595,-4.615,0.96,real
94.3,right,-11.987,-6.691,0.86,real
94.3,right,-16.926,-9.318,0.82,real
94.4,left,-1.552,3.295,0.8,real
94.4,left,-7.28,2.564,0.83,real
94.4,left,-13.026,0.756,0.92,real
94.4,left,-19.469,-2.652,0.88,real
94.4,right,-2.191,-3.572,0.99,real
94.4,right,-7.204,-4.372,0.96,real
94.4,right,-11.935,-6.4,0.86,real
94.4,right,-16.782,-9.198,0.94,real
94.5,left,-1.159,3.424,0.9,real
94.5,left,-6.768,2.814,0.89,real
94.5,left,-12.848,0.669,0.92,real
94.5,left,-18.998,-2.474,0.85,real
94.5,right,-2.161,-3.436,0.86,real
94.5,right,-6.649,-4.601,0.88,real
94.5,right,-11.41,-6.23,0.91,real
94.5,right,-16.695,-8.787,0.86,real
94.6,left,-0.803,3.367,0.99,real
94.6,left,-6.738,2.871,0.94,real
94.6,left,-12.456,1.011,0.84,real
94.6,left,-18.799,-2.025,0.92,real
94.6,right,-1.834,-3.1,0.79,real
94.6,right,-6.746,-4.211,0.79,real
94.6,right,-11.64,-6.023,0.9,real
94.6,right,-16.093,-8.782,0.75,real
94.7,left,-0.253,3.646,0.8,real
94.7,left,-6.169,2.979,0.9,real
94.7,left,-12.256,0.804,0.93,real
94.7,left,-18.25,-2.102,0.9,real
94.7,right,-1.375,-3.374,0.81,real
94.7,right,-5.962,-4.258,0.82,real
94.7,right,-11.391,-5.831,0.81,real
94.7,right,-16.096,-8.526,0.95,real
94.7,right,-20.953,-11.858,0.86,real
94.8,left,-5.989,2.796,0.99,real
94.8,left,-12.136,1.098,0.91,real
94.8,left,-18.095,-1.405,0.79,real
94.8,right,-1.272,-3.394,0.87,real
94.8,right,-6.115,-4.567,0.79,real
94.8,right,-10.696,-5.855,0.93,real
94.8,right,-15.789,-8.452,0.98,real
94.8,right,-21.108,-11.579,0.88,real
94.9,left,-5.547,3.055,0.85,real
94.9,left,-11.529,1.431,0.96,real
94.9,left,-17.706,-1.354,0.88,real
94.9,right,-1.226,-3.37,0.88,real
94.9,right,-6.021,-3.861,0.84,real
94.9,right,-10.573,-5.975,0.94,real
94.9,right,-15.776,-8.202,0.88,real
94.9,right,-20.928,-11.199,0.87,real
94.9,left,-14.24,2.521,0.36,ghost
95.0,left,-5.173,2.935,0.84,real
95.0,left,-11.351,1.469,0.74,real
95.0,left,-17.593,-1.01,0.86,real
95.0,right,-0.518,-3.474,0.99,real
95.0,right,-5.52,-4.243,0.87,real
95.0,right,-10.435,-5.708,0.85,real
95.0,right,-15.623,-8.063,0.99,real
95.0,right,-20.717,-10.92,0.85,real
95.1,left,-4.768,3.034,0.92,real
95.1,left,-11.074,1.573,0.99,real
95.1,left,-17.489,-0.532,0.95,real
95.1,right,-0.4,-3.276,0.9,real
95.1,right,-5.029,-4.187,0.91,real
95.1,right,-10.0,-5.476,0.83,real
95.1,right,-15.486,-7.882,0.85,real
95.1,right,-20.501,-11.043,0.96,real
95.2,left,-4.244,3.319,0.86,real
95.2,left,-10.862,1.85,0.95,real
95.2,left,-17.212,-0.928,0.81,real
95.2,right,-0.517,-3.242,0.83,real
95.2,right,-4.844,-3.887,0.78,real
95.2,right,-10.101,-5.498,0.96,real
95.2,right,-14.994,-7.519,0.93,real
95.2,right,-20.477,-10.402,0.84,real
95.3,left,-3.851,2.95,0.95,real
95.3,left,-10.307,1.806,0.9,real
95.3,left,-16.714,-0.682,0.95,real
95.3,right,-4.84,-3.952,0.82,real
95.3,right,-9.63,-5.707,0.9,real
95.3,right,-15.041,-7.185,0.73,real
95.3,right,-20.151,-10.173,0.86,real
95.4,left,-3.822,3.329,0.92,real
95.4,left,-9.939,1.928,0.89,real
95.4,left,-16.634,-0.366,0.86,real
95.4,right,-4.137,-3.859,0.86,real
95.4,right,-9.402,-4.962,0.82,real
95.4,right,-14.689,-7.294,0.71,real
95.4,right,-19.62,-10.078,0.83,real
95.5,left,-3.419,3.191,0.88,real
95.5,left,-9.878,2.272,0.86,real
95.5,left,-15.85,0.007,0.92,real
95.5,right,-4.11,-3.43,0.84,real
95.5,right,-9.25,-4.98,0.8,real
95.5,right,-14.438,-6.797,0.82,real
95.5,right,-19.639,-9.935,0.95,real
95.6,left,-2.812,3.084,0.99,real
95.6,left,-9.433,2.432,0.91,real
95.6,left,-15.829,0.103,0.82,real
95.6,right,-4.042,-3.738,0.88,real
95.6,right,-9.048,-4.881,0.87,real
95.6,right,-14.241,-6.565,0.85,real
95.6,right,-19.502,-9.546,0.89,real
95.7,left,-2.496,3.275,0.97,real
95.7,left,-9.065,2.484,0.91,real
95.7,left,-15.719,0.165,0.99,real
95.7,right,-3.724,-3.539,0.95,real
95.7,right,-8.477,-4.526,0.87,real
95.7,right,-13.75,-6.78,0.81,real
95.7,right,-19.272,-9.659,0.86,real
95.8,left,-2.311,3.274,0.86,real
95.8,left,-8.794,2.256,0.96,real
95.8,left,-14.961,0.156,0.87,real
95.8,left,-21.71,-2.482,0.85,real
95.8,right,-3.315,-4.039,0.81,real
95.8,right,-8.259,-4.723,0.81,real
95.8,right,-13.562,-6.796,0.85,real
95.8,right,-18.997,-9.277,0.93,real
95.9,left,-1.99,3.772,0.77,real
95.9,left,-8.229,2.327,0.93,real
95.9,left,-14.617,0.489,0.85,real
95.9,left,-21.231,-2.331,0.91,real
95.9,right,-3.441,-3.487,0.88,real
95.9,right,-8.244,-4.44,0.95,real
95.9,right,-13.286,-6.149,0.76,real
95.9,right,-19.096,-9.065,0.98,real
96.0,left,-1.544,3.286,0.99,real
96.0,left,-7.8,2.541,0.83,real
96.0,left,-14.562,0.697,0.84,real
96.0,left,-20.887,-2.447,0.85,real
96.0,right,-2.589,-3.782,0.97,real
96.0,right,-8.124,-4.573,0.83,real
96.0,right,-13.233,-6.566,0.91,real
96.0,right,-18.57,-9.013,0.95,real
96.1,left,-1.343,3.485,0.93,real
96.1,left,-7.475,2.642,0.9,real
96.1,left,-14.497,0.533,0.81,real
96.1,left,-20.857,-2.253,0.78,real
96.1,right,-2.321,-3.651,0.94,real
96.1,right,-7.574,-4.661,0.85,real
96.1,right,-12.935,-6.348,0.82,real
96.1,right,-18.495,-8.532,0.89,real
96.2,left,-0.844,3.413,0.82,real
96.2,left,-7.329,2.752,0.87,real
96.2,left,-13.38,0.828,0.86,real
96.2,left,-20.338,-1.797,0.95,real
96.2,right,-2.568,-3.712,0.68,real
96.2,right,-7.296,-4.116,0.99,real
96.2,right,-12.8,-5.761,0.94,real
96.2,right,-18.183,-8.528,0.93,real
96.3,left,-0.286,3.444,0.91,real
96.3,left,-6.683,2.583,0.87,real
96.3,left,-13.533,1.076,0.8,real
96.3,left,-20.001,-1.729,0.79,real
96.3,right,-2.282,-3.687,0.91,real
96.3,right,-7.01,-4.071,0.95,real
96.3,right,-12.309,-5.565,0.9,real
96.3,right,-17.992,-8.174,0.98,real
96.4,left,-0.154,3.473,0.81,real
96.4,left,-6.313,3.139,0.8,real
96.4,left,-13.587,1.077,0.85,real
96.4,left,-19.833,-1.359,0.93,real
96.4,right,-2.046,-3.026,0.91,real
96.4,right,-6.579,-4.204,0.93,real
96.4,right,-12.354,-5.705,0.94,real
96.4,right,-18.11,-8.038,0.85,real
96.5,left,-6.445,2.96,0.71,real
96.5,left,-13.065,1.241,0.98,real
96.5,left,-19.345,-1.199,0.99,real
96.5,right,-0.967,-3.633,0.9,real
96.5,right,-6.606,-3.926,0.99,real
96.5,right,-12.113,-5.683,0.84,real
96.5,right,-17.332,-7.81,0.94,real
96.6,left,-5.936,3.084,0.83,real
96.6,left,-12.276,1.431,0.93,real
96.6,left,-19.366,-0.675,0.97,real
96.6,right,-1.018,-3.256,0.9,real
96.6,right,-6.255,-3.961,0.84,real
96.6,right,-11.459,-5.159,0.72,real
96.6,right,-17.078,-7.721,0.81,real
96.7,left,-5.316,3.156,0.88,real
96.7,left,-11.885,1.705,0.94,real
96.7,left,-18.81,-0.618,0.99,real
96.7,right,-0.934,-3.66,0.99,real
96.7,right,-5.882,-3.795,0.82,real
96.7,right,-11.448,-5.16,0.99,real
96.7,right,-17.123,-7.482,0.86,real
96.8,left,-4.917,2.925,0.92,real
96.8,left,-12.019,1.71,0.88,real
96.8,left,-18.73,-0.536,0.83,real
96.8,right,-0.522,-3.031,0.8,real
96.8,right,-5.503,-3.941,0.91,real
96.8,right,-11.228,-5.225,0.95,real
96.8,right,-16.61,-7.271,0.99,real
96.9,left,-4.866,3.045,0.98,real
96.9,left,-11.611,2.148,0.89,real
96.9,left,-18.117,-0.339,0.98,real
96.9,right,-0.105,-3.405,0.84,real
96.9,right,-5.352,-3.83,0.82,real
96.9,right,-10.914,-5.399,0.84,real
96.9,right,-16.217,-7.155,0.93,real
96.9,right,-22.035,-10.069,0.99,real
97.0,left,-4.25,3.073,0.85,real
97.0,left,-11.274,1.941,0.93,real
97.0,left,-17.622,-0.27,0.93,real
97.0,right,-4.835,-3.717,0.85,real
97.0,right,-10.44,-4.972,0.89,real
97.0,right,-16.126,-7.14,0.93,real
97.0,right,-21.542,-9.405,0.99,real
97.1,left,-3.705,3.541,0.95,real
97.1,left,-10.221,2.38,0.79,real
97.1,left,-17.894,0.131,0.92,real
97.1,right,-4.592,-3.387,0.95,real
97.1,right,-10.345,-4.754,0.85,real
97.1,right,-16.012,-7.115,0.96,real
97.1,right,-21.454,-9.503,0.76,real
97.2,left,-3.696,2.959,0.88,real
97.2,left,-10.41,2.352,0.93,real
97.2,left,-17.407,0.539,0.93,real
97.2,right,-4.68,-3.666,0.83,real
97.2,right,-9.799,-4.459,0.99,real
97.2,right,-15.376,-6.77,0.84,real
97.2,right,-21.157,-9.543,0.89,real
97.3,left,-3.391,3.503,0.98,real
97.3,left,-9.734,2.347,0.89,real
97.3,left,-17.04,0.506,0.9,real
97.3,right,-4.036,-3.773,0.87,real
97.3,right,-9.299,-4.649,0.99,real
97.3,right,-15.185,-6.364,0.9,real
97.3,right,-20.822,-9.082,0.82,real
97.4,left,-2.922,3.069,0.93,real
97.4,left,-9.593,2.37,0.95,real
97.4,left,-16.665,0.521,0.97,real
97.4,right,-3.745,-3.502,0.87,real
97.4,right,-9.434,-4.847,0.86,real
97.4,right,-14.903,-6.225,0.87,real
97.4,right,-20.725,-9.269,0.86,real
97.5,left,-2.694,3.491,0.89,real
97.5,left,-9.072,2.561,0.76,real
97.5,left,-16.215,0.451,0.99,real
97.5,right,-3.544,-3.579,0.83,real
97.5,right,-9.11,-4.727,0.99,real
97.5,right,-14.886,-6.126,0.87,real
97.5,right,-20.368,-8.838,0.87,real
97.6,left,-2.139,3.036,0.93,real
97.6,left,-9.022,2.735,0.99,real
97.6,left,-15.353,0.864,0.9,real
97.6,right,-2.89,-3.787,0.76,real
97.6,right,-8.672,-4.227,0.79,real
97.6,right,-14.446,-6.356,0.77,real
97.6,right,-20.059,-8.285,0.93,real
97.6,right,-11.834,-2.831,0.32,ghost
97.7,left,-1.697,3.465,0.9,real
97.7,left,-8.156,2.499,0.95,real
97.7,left,-15.361,0.797,0.97,real
97.7,right,-2.763,-3.6,0.99,real
97.7,right,-8.256,-4.19,0.78,real
97.7,right,-14.437,-6.135,0.83,real
97.7,right,-19.816,-8.432,0.73,real
97.8,left,-1.386,3.455,0.89,real
97.8,left,-8.191,2.542,0.88,real
97.8,left,-15.387,0.992,0.97,real
97.8,right,-2.236,-3.677,0.8,real
97.8,right,-8.281,-4.284,0.91,real
97.8,right,-14.266,-6.036,0.9,real
97.8,right,-19.805,-8.076,0.85,real
97.9,left,-0.938,3.471,0.98,real
97.9,left,-7.515,2.676,0.84,real
97.9,left,-14.884,1.336,0.91,real
97.9,left,-21.668,-1.265,0.9,real
97.9,right,-2.175,-3.655,0.77,real
97.9,right,-7.694,-3.822,0.87,real
97.9,right,-13.194,-5.584,0.8,real
97.9,right,-19.375,-8.029,0.7,real
98.0,left,-0.347,3.6,0.78,real
98.0,left,-7.017,2.708,0.79,real
98.0,left,-14.491,1.19,0.92,real
98.0,left,-21.674,-1.238,0.74,real
98.0,right,-2.158,-3.12,0.9,real
98.0,right,-7.241,-3.915,0.9,real
98.0,right,-13.215,-5.727,0.98,real
98.0,right,-19.442,-7.557,0.89,real
98.1,left,-0.027,3.52,0.87,real
98.1,left,-7.048,2.915,0.76,real
98.1,left,-13.941,1.546,0.86,real
98.1,left,-21.004,-1.243,0.9,real
98.1,right,-1.387,-3.38,0.95,real
98.1,right,-7.159,-3.842,0.95,real
98.1,right,-13.109,-5.712,0.87,real
98.1,right,-18.622,-7.139,0.85,real
98.2,left,-6.5,3.127,0.86,real
98.2,left,-13.734,1.485,0.98,real
98.2,left,-20.873,-0.709,0.98,real
98.2,right,-1.243,-3.694,0.82,real
98.2,right,-6.828,-3.975,0.75,real
98.2,right,-12.697,-5.292,0.87,real
98.2,right,-18.618,-7.472,0.81,real
98.3,left,-6.715,3.008,0.85,real
98.3,left,-13.016,1.867,0.79,real
98.3,left,-20.337,-0.47,0.92,real
98.3,right,-1.056,-3.531,0.85,real
98.3,right,-6.327,-4.055,0.99,real
98.3,right,-12.342,-5.107,0.83,real
98.3,right,-18.265,-7.192,0.95,real
98.4,left,-5.512,3.113,0.81,real
98.4,left,-12.999,1.514,0.88,real
98.4,left,-19.962,-0.236,0.81,real
98.4,right,-0.212,-3.53,0.8,real
98.4,right,-6.292,-4.098,0.87,real
98.4,right,-11.708,-5.029,0.93,real
98.4,right,-17.755,-7.0,0.78,real
98.5,left,-5.384,3.074,0.92,real
98.5,left,-12.539,1.622,0.84,real
98.5,left,-19.569,-0.118,0.91,real
98.5,right,-0.335,-3.428,0.83,real
98.5,right,-5.827,-3.739,0.87,real
98.5,right,-11.748,-5.153,0.85,real
98.5,right,-17.692,-7.101,0.92,real
98.5,left,-10.247,-0.783,0.31,ghost
98.6,left,-4.968,3.229,0.77,real
98.6,left,-12.208,2.092,0.93,real
98.6,left,-19.21,-0.227,0.91,real
98.6,right,-5.563,-3.684,0.84,real
98.6,right,-11.73,-4.98,0.91,real
98.6,right,-17.209,-6.744,0.76,real
98.7,left,-4.665,3.06,0.99,real
98.7,left,-11.936,2.244,0.77,real
98.7,left,-18.761,-0.005,0.94,real
98.7,right,-4.988,-3.715,0.92,real
98.7,right,-11.419,-4.768,0.97,real
98.7,right,-17.101,-6.822,0.88,real
98.8,left,-4.195,2.835,0.83,real
98.8,left,-11.429,2.15,0.82,real
98.8,left,-18.921,0.367,0.89,real
98.8,right,-4.638,-3.757,0.91,real
98.8,right,-10.542,-4.703,0.97,real
98.8,right,-16.435,-6.732,0.91,real
98.9,left,-4.087,3.509,0.92,real
98.9,left,-11.013,1.809,0.88,real
98.9,left,-17.989,0.107,0.98,real
98.9,right,-4.059,-3.827,0.93,real
98.9,right,-10.37,-4.552,0.72,real
98.9,right,-16.246,-6.477,0.91,real
99.0,left,-3.522,3.352,0.97,real
99.0,left,-10.378,2.462,0.66,real
99.0,left,-17.836,0.558,0.88,real
99.0,right,-4.304,-3.621,0.99,real
99.0,right,-10.142,-4.567,0.91,real
99.0,right,-15.986,-6.103,0.84,real
99.0,right,-21.598,-8.639,0.99,real
99.1,left,-2.998,3.364,0.85,real
99.1,left,-10.322,2.425,0.83,real
99.1,left,-17.414,0.623,0.9,real
99.1,right,-3.771,-3.528,0.88,real
99.1,right,-9.858,-4.39,0.83,real
99.1,right,-15.965,-5.746,0.87,real
99.1,right,-21.678,-8.524,0.9,real
99.1,unknown,-10.945,-6.593,0.28,ghost
99.2,left,-3.358,3.16,0.88,real
99.2,left,-9.613,2.82,0.85,real
99.2,left,-16.937,0.645,0.87,real
99.2,right,-3.157,-3.6,0.99,real
99.2,right,-9.187,-4.754,0.95,real
99.2,right,-15.539,-6.219,0.86,real
99.2,right,-21.475,-8.311,0.77,real
99.3,left,-1.985,3.292,0.94,real
99.3,left,-9.218,3.031,0.99,real
99.3,left,-16.469,0.49,0.91,real
99.3,right,-3.352,-3.401,0.95,real
99.3,right,-8.999,-4.32,0.87,real
99.3,right,-15.352,-5.625,0.95,real
99.3,right,-20.781,-7.963,0.85,real
99.4,left,-1.865,3.504,0.81,real
99.4,left,-8.946,2.812,0.88,real
99.4,left,-16.147,1.333,0.72,real
99.4,right,-2.746,-3.312,0.94,real
99.4,right,-8.493,-4.444,0.91,real
99.4,right,-14.284,-5.851,0.89,real
99.4,right,-20.672,-8.097,0.91,real
99.4,unknown,-12.476,-4.314,0.49,ghost
99.5,left,-1.399,3.712,0.76,real
99.5,left,-8.447,2.946,0.89,real
99.5,left,-15.63,1.497,0.91,real
99.5,right,-2.418,-3.542,0.98,real
99.5,right,-8.266,-4.327,0.85,real
99.5,right,-14.279,-5.796,0.97,real
99.5,right,-20.622,-7.3,0.82,real
99.6,left,-0.935,3.317,0.92,real
99.6,left,-8.448,2.596,0.91,real
99.6,left,-15.058,1.382,0.81,real
99.6,right,-1.821,-3.639,0.96,real
99.6,right,-7.953,-4.138,0.84,real
99.6,right,-14.157,-5.819,0.9,real
99.6,right,-20.137,-7.416,0.82,real
99.7,left,-0.698,3.64,0.89,real
99.7,left,-7.874,3.18,0.83,real
99.7,left,-14.972,1.48,0.87,real
99.7,right,-1.863,-3.286,0.97,real
99.7,right,-7.595,-3.992,0.94,real
99.7,right,-13.671,-5.283,0.94,real
99.7,right,-19.845,-7.263,0.83,real
99.8,left,-0.248,3.222,0.72,real
99.8,left,-7.296,3.326,0.93,real
99.8,left,-14.52,1.361,0.96,real
99.8,left,-21.767,-0.714,0.86,real
99.8,right,-0.983,-3.751,0.85,real
99.8,right,-7.333,-4.332,0.82,real
99.8,right,-13.453,-5.3,0.97,real
99.8,right,-19.587,-7.288,0.94,real
99.9,left,-6.729,3.008,0.84,real
99.9,left,-14.115,1.479,0.8,real
99.9,left,-21.426,-0.428,0.94,real
99.9,right,-0.993,-3.469,0.77,real
99.9,right,-7.069,-3.794,0.92,real
99.9,right,-12.741,-5.157,0.79,real
99.9,right,-19.315,-7.006,0.85,real
100.0,left,-6.784,3.107,0.99,real
100.0,left,-13.831,2.259,0.89,real
100.0,left,-21.33,-0.123,0.85,real
100.0,right,-0.952,-3.141,0.84,real
100.0,right,-6.646,-4.13,0.91,real
100.0,right,-12.676,-4.994,0.87,real
100.0,right,-18.553,-6.979,0.83,real
100.1,left,-5.82,3.172,0.76,real
100.1,left,-13.429,1.834,0.83,real
100.1,left,-20.715,-0.09,0.93,real
100.1,right,-0.149,-3.304,0.79,real
100.1,right,-6.033,-3.551,0.96,real
100.1,right,-12.67,-4.91,0.73,real
100.1,right,-18.434,-6.7,0.89,real
100.2,left,-5.87,3.38,0.91,real
100.2,left,-12.959,1.832,0.83,real
100.2,left,-20.777,0.319,0.95,real
100.2,right,-5.727,-3.654,0.83,real
100.2,right,-11.875,-4.795,0.96,real
100.2,right,-17.951,-6.666,0.87,real
100.3,left,-5.481,3.261,0.9,real
100.3,left,-12.602,2.022,0.94,real
100.3,left,-19.917,0.303,0.98,real
100.3,right,-5.382,-3.996,0.98,real
100.3,right,-11.511,-4.584,0.89,real
100.3,right,-17.614,-6.55,0.9,real
100.4,left,-4.896,3.088,0.87,real
100.4,left,-12.585,2.479,0.82,real
100.4,left,-19.655,0.058,0.96,real
100.4,right,-5.327,-3.902,0.83,real
100.4,right,-11.292,-4.761,0.98,real
100.4,right,-17.315,-6.503,0.89,real
100.5,left,-4.183,3.11,0.82,real
100.5,left,-11.637,2.212,0.89,real
100.5,left,-19.48,0.372,0.87,real
100.5,right,-4.94,-3.65,0.84,real
100.5,right,-10.927,-4.729,0.82,real
100.5,right,-17.086,-6.295,0.88,real
100.6,left,-3.917,3.401,0.85,real
100.6,left,-11.435,2.296,0.86,real
100.6,left,-19.017,0.567,0.82,real
100.6,right,-4.358,-3.569,0.81,real
100.6,right,-10.727,-4.358,0.84,real
100.6,right,-16.715,-6.385,0.91,real
100.7,left,-3.682,3.405,0.88,real
100.7,left,-11.163,2.465,0.96,real
100.7,left,-18.276,0.383,0.94,real
100.7,right,-4.181,-3.49,0.89,real
100.7,right,-10.532,-4.301,0.87,real
100.7,right,-16.372,-5.916,0.85,real
100.8,left,-3.355,3.249,0.89,real
100.8,left,-10.731,2.403,0.82,real
100.8,left,-17.87,0.578,0.75,real
100.8,right,-3.763,-3.439,0.85,real
100.8,right,-9.65,-4.561,0.9,real
100.8,right,-16.134,-6.275,0.92,real
100.9,left,-2.698,3.19,0.95,real
100.9,left,-10.132,2.951,0.84,real
100.9,left,-17.754,1.157,0.8,real
100.9,right,-3.367,-3.415,0.99,real
100.9,right,-9.621,-4.654,0.76,real
100.9,right,-15.953,-5.71,0.94,real
100.9,right,-21.463,-7.695,0.81,real
101.0,left,-2.306,3.601,0.94,real
101.0,left,-9.637,2.611,0.9,real
101.0,left,-17.249,0.965,0.94,real
101.0,right,-2.879,-3.34,0.89,real
101.0,right,-9.078,-4.442,0.79,real
101.0,right,-15.398,-5.819,0.77,real
101.0,right,-21.369,-7.6,0.9,real
101.1,left,-1.748,3.268,0.93,real
101.1,left,-9.213,2.723,0.96,real
101.1,left,-16.883,1.274,0.83,real
101.1,right,-2.634,-3.298,0.9,real
101.1,right,-8.86,-4.527,0.97,real
101.1,right,-14.876,-5.464,0.89,real
101.1,right,-20.687,-7.254,0.87,real
101.2,left,-1.36,3.424,0.82,real
101.2,left,-9.032,2.998,0.99,real
101.2,left,-16.208,1.316,0.85,real
101.2,right,-2.429,-3.349,0.79,real
101.2,right,-8.287,-4.023,0.95,real
101.2,right,-14.58,-5.228,0.89,real
101.2,right,-20.55,-7.52,0.72,real
101.3,left,-0.954,3.395,0.83,real
101.3,left,-8.249,3.149,0.71,real
101.3,left,-16.004,1.504,0.82,real
101.3,right,-1.915,-3.583,0.81,real
101.3,right,-7.903,-4.347,0.88,real
101.3,right,-14.577,-5.611,0.83,real
101.3,right,-20.141,-7.408,0.79,real
101.4,left,-0.68,3.205,0.92,real
101.4,left,-7.88,3.03,0.8,real
101.4,left,-15.757,1.184,0.8,real
101.4,right,-1.487,-3.422,0.9,real
101.4,right,-7.501,-4.243,0.87,real
101.4,right,-13.668,-5.414,0.93,real
101.4,right,-20.072,-6.948,0.9,real
101.5,left,-0.534,3.33,0.81,real
101.5,left,-7.86,3.05,0.99,real
101.5,left,-15.178,1.674,0.76,real
101.5,right,-1.176,-3.304,0.77,real
101.5,right,-7.074,-3.835,0.94,real
101.5,right,-13.406,-4.983,0.96,real
101.5,right,-19.915,-6.543,0.85,real
101.6,left,-7.36,2.989,0.9,real
101.6,left,-14.837,1.807,0.76,real
101.6,left,-21.862,-0.204,0.86,real
101.6,right,-0.881,-3.472,0.99,real
101.6,right,-7.091,-3.919,0.87,real
101.6,right,-13.009,-5.304,0.87,real
101.6,right,-18.916,-6.814,0.9,real
101.7,left,-6.725,3.385,0.84,real
101.7,left,-13.788,2.136,0.83,real
101.7,left,-21.572,-0.36,0.85,real
101.7,right,-0.316,-3.423,0.84,real
101.7,right,-6.548,-3.912,0.85,real
101.7,right,-12.922,-5.025,0.83,real
101.7,right,-18.649,-6.74,0.89,real
101.8,left,-6.606,3.238,0.89,real
101.8,left,-13.756,1.761,0.9,real
101.8,left,-21.149,0.059,0.82,real
101.8,right,-6.114,-4.149,0.97,real
101.8,right,-12.572,-5.108,0.8,real
101.8,right,-18.775,-6.546,0.97,real
101.9,left,-5.825,3.308,0.85,real
101.9,left,-13.324,2.016,0.95,real
101.9,left,-20.95,0.098,0.85,real
101.9,right,-5.614,-3.607,0.87,real
101.9,right,-11.836,-4.787,0.94,real
101.9,right,-18.334,-6.388,0.91,real
102.0,left,-5.669,3.565,0.88,real
102.0,left,-12.806,2.065,0.9,real
102.0,left,-20.055,0.481,0.85,real
102.0,right,-5.579,-3.659,0.97,real
102.0,right,-11.34,-4.836,0.93,real
102.0,right,-17.734,-6.204,0.77,real
102.1,left,-5.179,3.657,0.93,real
102.1,left,-12.588,2.142,0.87,real
102.1,left,-20.015,0.863,0.83,real
102.1,right,-4.772,-3.945,0.83,real
102.1,right,-11.309,-4.781,0.79,real
102.1,right,-17.192,-6.054,0.86,real
102.2,left,-4.219,3.361,0.79,real
102.2,left,-12.574,2.408,0.83,real
102.2,left,-19.508,0.843,0.98,real
102.2,right,-4.527,-3.711,0.84,real
102.2,right,-10.604,-4.522,0.75,real
102.2,right,-17.348,-6.292,0.96,real
102.3,left,-4.583,3.436,0.91,real
102.3,left,-11.905,2.514,0.83,real
102.3,left,-19.233,0.504,0.96,real
102.3,right,-4.127,-3.706,0.79,real
102.3,right,-10.567,-4.366,0.83,real
102.3,right,-16.926,-5.744,0.99,real
102.4,left,-3.706,3.336,0.83,real
102.4,left,-11.23,2.593,0.91,real
102.4,left,-18.489,0.545,0.85,real
102.4,right,-4.255,-3.685,0.9,real
102.4,right,-10.185,-4.17,0.97,real
102.4,right,-16.025,-5.733,0.92,real
102.5,left,-3.587,2.97,0.86,real
102.5,left,-10.837,2.49,0.99,real
102.5,left,-18.257,0.972,0.82,real
102.5,right,-3.36,-3.779,0.86,real
102.5,right,-9.747,-4.4,0.89,real
102.5,right,-15.827,-5.617,0.88,real
102.5,right,-21.8,-7.728,0.91,real
102.6,left,-2.986,3.419,0.93,real
102.6,left,-10.494,2.592,0.92,real
102.6,left,-17.957,0.971,0.92,real
102.6,right,-2.991,-3.651,0.74,real
102.6,right,-9.373,-4.139,0.92,real
102.6,right,-15.644,-5.553,0.69,real
102.6,right,-21.267,-7.406,0.81,real
102.7,left,-2.24,3.527,0.8,real
102.7,left,-10.278,2.87,0.94,real
102.7,left,-17.316,1.378,0.95,real
102.7,right,-2.77,-3.76,0.86,real
102.7,right,-9.228,-4.253,0.92,real
102.7,right,-15.075,-5.624,0.9,real
102.7,right,-20.822,-7.368,0.89,real
102.8,left,-2.231,3.276,0.99,real
102.8,left,-9.459,3.056,0.88,real
102.8,left,-17.243,1.34,0.97,real
102.8,right,-2.35,-3.563,0.86,real
102.8,right,-8.358,-4.167,0.99,real
102.8,right,-14.549,-5.636,0.91,real
102.8,right,-20.566,-7.508,0.86,real
102.9,left,-1.589,3.574,0.97,real
102.9,left,-9.451,2.574,0.88,real
102.9,left,-16.406,1.536,0.9,real
102.9,right,-1.966,-3.675,0.81,real
102.9,right,-8.387,-4.184,0.79,real
102.9,right,-14.407,-5.252,0.88,real
102.9,right,-20.41,-7.178,0.85,real
103.0,left,-1.349,3.599,0.83,real
103.0,left,-9.013,2.635,0.95,real
103.0,left,-16.155,1.38,0.88,real
103.0,right,-1.269,-3.648,0.88,real
103.0,right,-7.628,-3.851,0.88,real
103.0,right,-14.091,-5.208,0.99,real
103.0,right,-19.749,-6.988,0.99,real
103.1,left,-0.82,3.277,0.85,real
103.1,left,-8.604,3.027,0.86,real
103.1,left,-15.619,1.492,0.93,real
103.1,right,-1.034,-3.638,0.91,real
103.1,right,-7.621,-3.886,0.9,real
103.1,right,-13.986,-5.065,0.89,real
103.1,right,-19.731,-6.883,0.99,real
103.2,left,-0.452,3.378,0.85,real
103.2,left,-8.047,2.944,0.78,real
103.2,left,-15.338,1.766,0.79,real
103.2,right,-0.875,-3.507,0.93,real
103.2,right,-6.746,-3.722,0.9,real
103.2,right,-12.981,-5.014,0.87,real
103.2,right,-19.212,-6.569,0.95,real
103.3,left,-7.594,3.174,0.99,real
103.3,left,-15.22,1.81,0.87,real
103.3,right,-0.507,-3.593,0.83,real
103.3,right,-6.659,-3.725,0.81,real
103.3,right,-12.897,-5.03,0.84,real
103.3,right,-19.045,-6.569,0.8,real
103.4,left,-6.691,3.032,0.86,real
103.4,left,-14.53,2.001,0.91,real
103.4,left,-21.451,-0.545,0.97,real
103.4,right,-5.955,-3.894,0.81,real
103.4,right,-12.343,-4.566,0.94,real
103.4,right,-18.367,-6.306,0.89,real
103.5,left,-6.707,2.96,0.76,real
103.5,left,-14.239,2.023,0.82,real
103.5,left,-21.245,0.208,0.99,real
103.5,right,-5.84,-3.625,0.98,real
103.5,right,-12.14,-4.881,0.86,real
103.5,right,-18.197,-6.193,0.99,real
103.6,left,-6.276,3.544,0.67,real
103.6,left,-13.505,2.359,0.97,real
103.6,left,-20.882,0.225,0.97,real
103.6,right,-5.598,-3.975,0.76,real
103.6,right,-11.652,-4.846,0.98,real
103.6,right,-17.626,-6.117,0.9,real
103.7,left,-5.161,3.198,0.82,real
103.7,left,-13.243,2.32,0.9,real
103.7,left,-20.396,0.46,0.8,real
103.7,right,-5.182,-3.746,0.84,real
103.7,right,-11.238,-4.74,0.86,real
103.7,right,-17.615,-6.332,0.84,real
103.8,left,-5.073,3.41,0.87,real
103.8,left,-13.059,2.429,0.87,real
103.8,left,-19.685,0.234,0.81,real
103.8,right,-4.904,-3.354,0.79,real
103.8,right,-11.305,-4.43,0.84,real
103.8,right,-17.15,-6.087,0.93,real
103.9,left,-5.15,3.26,0.81,real
103.9,left,-12.421,2.581,0.91,real
103.9,left,-19.268,0.477,0.91,real
103.9,right,-4.568,-3.703,0.85,real
103.9,right,-10.677,-4.64,0.93,real
103.9,right,-16.975,-5.862,0.8,real
104.0,left,-4.785,3.132,0.89,real
104.0,left,-11.384,2.264,0.94,real
104.0,left,-19.042,0.608,0.9,real
104.0,right,-3.774,-3.886,0.86,real
104.0,right,-10.314,-4.477,0.89,real
104.0,right,-16.595,-5.752,0.86,real
104.0,right,-22.129,-7.895,0.93,real
104.1,left,-3.912,3.306,0.76,real
104.1,left,-11.749,2.723,0.95,real
104.1,left,-18.669,0.651,0.87,real
104.1,right,-3.617,-4.003,0.83,real
104.1,right,-9.964,-4.418,0.93,real
104.1,right,-15.769,-5.594,0.9,real
104.1,right,-21.367,-7.737,0.92,real
104.2,left,-3.518,3.463,0.91,real
104.2,left,-10.702,2.6,0.97,real
104.2,left,-18.375,1.055,0.76,real
104.2,right,-3.102,-3.537,0.91,real
104.2,right,-9.723,-4.181,0.89,real
104.2,right,-15.345,-5.641,0.88,real
104.2,right,-21.146,-7.541,0.96,real
104.3,left,-3.344,3.246,0.87,real
104.3,left,-11.094,2.67,0.8,real
104.3,left,-18.116,1.384,0.9,real
104.3,right,-2.986,-3.495,0.83,real
104.3,right,-8.936,-3.965,0.94,real
104.3,right,-15.459,-5.507,0.92,real
104.3,right,-20.835,-7.278,0.91,real
104.4,left,-2.714,3.494,0.99,real
104.4,left,-10.105,3.151,0.81,real
104.4,left,-17.839,1.353,0.9,real
104.4,right,-2.112,-3.35,0.86,real
104.4,right,-8.49,-4.091,0.95,real
104.4,right,-14.692,-5.427,0.99,real
104.4,right,-20.784,-7.291,0.91,real
104.5,left,-1.989,3.311,0.99,real
104.5,left,-9.481,2.74,0.83,real
104.5,left,-17.117,1.377,0.9,real
104.5,right,-1.993,-3.308,0.8,real
104.5,right,-8.294,-4.139,0.88,real
104.5,right,-14.627,-5.294,0.84,real
104.5,right,-20.378,-7.03,0.89,real
104.6,left,-1.735,3.738,0.99,real
104.6,left,-9.313,2.997,0.88,real
104.6,left,-16.658,1.391,0.87,real
104.6,right,-1.792,-3.755,0.99,real
104.6,right,-8.24,-4.164,0.87,real
104.6,right,-14.214,-5.256,0.84,real
104.6,right,-19.731,-6.565,0.84,real
104.7,left,-1.47,3.624,0.9,real
104.7,left,-8.928,3.022,0.88,real
104.7,left,-16.107,1.776,0.85,real
104.7,right,-1.128,-3.729,0.92,real
104.7,right,-7.474,-4.433,0.9,real
104.7,right,-13.434,-5.043,0.97,real
104.7,right,-19.219,-6.796,0.96,real
104.8,left,-0.597,3.351,0.92,real
104.8,left,-8.309,2.859,0.87,real
104.8,left,-15.875,1.425,0.87,real
104.8,right,-1.056,-3.351,0.97,real
104.8,right,-6.98,-3.777,0.9,real
104.8,right,-13.288,-5.115,0.93,real
104.8,right,-18.733,-6.403,0.84,real
104.9,left,-0.452,3.637,0.95,real
104.9,left,-8.328,2.916,0.94,real
104.9,left,-15.547,1.762,0.92,real
104.9,right,-0.263,-3.045,0.87,real
104.9,right,-6.737,-3.839,0.98,real
104.9,right,-12.937,-5.074,0.86,real
104.9,right,-18.717,-6.64,0.85,real
105.0,left,0.118,3.628,0.86,real
105.0,left,-7.637,3.179,0.9,real
105.0,left,-14.724,1.9,0.87,real
105.0,left,-21.856,-0.632,0.89,real
105.0,right,0.213,-3.865,0.83,real
105.0,right,-6.675,-4.289,0.87,real
105.0,right,-12.614,-4.72,0.93,real
105.0,right,-17.937,-6.288,0.86,real
105.1,left,-6.94,3.244,0.78,real
105.1,left,-14.369,1.762,0.97,real
105.1,left,-21.784,-0.038,0.98,real
105.1,right,-5.796,-3.824,0.99,real
105.1,right,-11.805,-4.844,0.74,real
105.1,right,-17.919,-6.256,0.93,real
105.2,left,-6.562,3.28,0.83,real
105.2,left,-14.377,2.077,0.88,real
105.2,left,-21.087,-0.011,0.82,real
105.2,right,-5.574,-3.514,0.94,real
105.2,right,-11.573,-4.996,0.95,real
105.2,right,-17.301,-6.272,0.8,real
105.3,left,-6.246,3.331,0.97,real
105.3,left,-13.47,2.12,0.85,real
105.3,left,-20.142,0.031,0.98,real
105.3,right,-5.094,-3.672,0.79,real
105.3,right,-11.386,-4.567,0.85,real
105.3,right,-16.919,-5.94,0.89,real
105.4,left,-5.566,3.087,0.99,real
105.4,left,-13.085,2.049,0.92,real
105.4,left,-20.102,0.191,0.8,real
105.4,right,-4.888,-3.969,0.92,real
105.4,right,-10.902,-4.351,0.97,real
105.4,right,-16.309,-6.153,0.82,real
105.5,left,-5.379,2.846,0.94,real
105.5,left,-12.849,2.156,0.82,real
105.5,left,-19.774,0.433,0.94,real
105.5,right,-4.327,-3.366,0.83,real
105.5,right,-10.726,-4.244,0.84,real
105.5,right,-16.343,-5.715,0.85,real
105.5,right,-21.88,-7.759,0.94,real
105.6,left,-4.903,3.19,0.96,real
105.6,left,-12.063,2.574,0.98,real
105.6,left,-19.174,0.57,0.95,real
105.6,right,-3.733,-3.765,0.91,real
105.6,right,-9.839,-4.498,0.91,real
105.6,right,-15.998,-5.68,0.92,real
105.6,right,-21.434,-7.904,0.82,real
105.7,left,-4.509,3.523,0.99,real
105.7,left,-11.87,2.25,0.95,real
105.7,left,-18.562,0.739,0.83,real
105.7,right,-3.433,-3.701,0.82,real
105.7,right,-9.932,-4.092,0.86,real
105.7,right,-15.781,-5.259,0.89,real
105.7,right,-20.856,-7.361,0.87,real
105.8,left,-3.986,3.31,0.93,real
105.8,left,-11.247,2.348,0.95,real
105.8,left,-18.61,0.557,0.91,real
105.8,right,-3.496,-3.477,0.87,real
105.8,right,-9.604,-4.113,0.84,real
105.8,right,-15.24,-5.736,0.83,real
105.8,right,-20.454,-7.555,0.79,real
105.9,left,-3.807,3.635,0.86,real
105.9,left,-10.879,2.816,0.9,real
105.9,left,-17.906,0.751,0.94,real
105.9,right,-2.491,-3.661,0.91,real
105.9,right,-9.186,-4.189,0.87,real
105.9,right,-14.964,-5.622,0.82,real
105.9,right,-20.659,-7.406,0.85,real
106.0,left,-3.194,3.473,0.96,real
106.0,left,-10.543,2.36,0.84,real
106.0,left,-17.515,0.927,0.84,real
106.0,right,-2.403,-3.707,0.87,real
106.0,right,-8.653,-4.236,0.9,real
106.0,right,-14.502,-5.367,0.99,real
106.0,right,-19.84,-6.999,0.93,real
106.1,left,-2.391,3.435,0.93,real
106.1,left,-10.075,2.624,0.88,real
106.1,left,-17.34,0.773,0.92,real
106.1,right,-1.754,-3.696,0.86,real
106.1,right,-8.418,-4.155,0.95,real
106.1,right,-14.339,-5.272,0.85,real
106.1,right,-19.454,-7.303,0.96,real
106.2,left,-2.322,3.751,0.81,real
106.2,left,-9.807,3.011,0.99,real
106.2,left,-16.439,1.37,0.97,real
106.2,right,-1.586,-3.361,0.99,real
106.2,right,-7.708,-4.243,0.86,real
106.2,right,-13.744,-5.06,0.83,real
106.2,right,-18.715,-6.772,0.96,real
106.3,left,-2.01,3.547,0.9,real
106.3,left,-9.695,2.876,0.85,real
106.3,left,-16.246,1.173,0.92,real
106.3,right,-1.051,-3.502,0.84,real
106.3,right,-7.58,-3.732,0.95,real
106.3,right,-13.11,-5.255,0.81,real
106.3,right,-18.683,-6.825,0.88,real
106.4,left,-1.392,3.431,0.89,real
106.4,left,-8.897,2.742,0.82,real
106.4,left,-15.776,1.316,0.78,real
106.4,right,-0.648,-3.592,0.92,real
106.4,right,-6.922,-3.791,0.78,real
106.4,right,-12.564,-5.132,0.76,real
106.4,right,-18.294,-6.535,0.86,real
106.4,unknown,-13.448,4.069,0.28,ghost
106.5,left,-1.077,3.447,0.96,real
106.5,left,-8.646,3.155,0.87,real
106.5,left,-15.299,1.545,0.84,real
106.5,left,-22.356,-0.64,0.9,real
106.5,right,-0.639,-3.408,0.99,real
106.5,right,-6.947,-3.634,0.89,real
106.5,right,-12.4,-5.038,0.82,real
106.5,right,-17.547,-6.537,0.87,real
106.6,left,-0.754,3.438,0.84,real
106.6,left,-8.095,3.266,0.84,real
106.6,left,-14.911,1.541,0.96,real
106.6,left,-21.512,-0.68,0.95,real
106.6,right,-0.164,-3.235,0.91,real
106.6,right,-6.239,-3.635,0.76,real
106.6,right,-11.908,-4.862,0.82,real
106.6,right,-17.602,-6.328,0.96,real
106.7,left,-0.031,3.803,0.93,real
106.7,left,-7.47,3.005,0.79,real
106.7,left,-14.775,1.78,0.8,real
106.7,left,-20.91,-0.346,0.87,real
106.7,right,-5.842,-4.265,0.84,real
106.7,right,-11.689,-4.628,0.89,real
106.7,right,-17.078,-6.345,0.95,real
106.7,right,-21.994,-8.1,0.86,real
106.8,left,-7.278,2.986,0.89,real
106.8,left,-13.76,1.679,0.91,real
106.8,left,-20.492,-0.353,0.83,real
106.8,right,-5.362,-3.233,0.99,real
106.8,right,-11.384,-4.922,0.72,real
106.8,right,-16.802,-6.071,0.84,real
106.8,right,-21.623,-8.225,0.94,real
106.9,left,-6.666,3.22,0.93,real
106.9,left,-13.747,2.034,0.8,real
106.9,left,-20.271,-0.156,0.87,real
106.9,right,-5.134,-3.865,0.85,real
106.9,right,-10.808,-4.458,0.86,real
106.9,right,-16.289,-6.116,0.78,real
106.9,right,-21.154,-8.179,0.88,real
107.0,left,-6.616,3.013,0.94,real
107.0,left,-13.245,2.11,0.97,real
107.0,left,-19.969,-0.009,0.96,real
107.0,right,-4.681,-3.663,0.86,real
107.0,right,-10.244,-4.318,0.93,real
107.0,right,-15.87,-5.666,0.88,real
107.0,right,-20.891,-8.168,0.93,real
107.1,left,-5.895,2.89,0.89,real
107.1,left,-12.878,2.218,0.9,real
107.1,left,-19.669,-0.113,0.9,real
107.1,right,-4.263,-3.785,0.81,real
107.1,right,-10.067,-4.41,0.89,real
107.1,right,-15.589,-5.547,0.99,real
107.1,right,-20.859,-7.578,0.84,real
107.2,left,-5.289,2.95,0.94,real
107.2,left,-12.638,2.228,0.82,real
107.2,left,-18.672,0.294,0.92,real
107.2,right,-4.05,-3.454,0.9,real
107.2,right,-9.836,-4.346,0.89,real
107.2,right,-15.354,-5.779,0.99,real
107.2,right,-20.325,-7.72,0.75,real
107.3,left,-4.965,3.147,0.92,real
107.3,left,-11.889,2.435,0.87,real
107.3,left,-18.242,0.203,0.93,real
107.3,right,-3.314,-3.357,0.73,real
107.3,right,-9.45,-4.175,0.94,real
107.3,right,-14.687,-5.724,0.92,real
107.3,right,-19.461,-7.561,0.92,real
107.4,left,-4.422,3.176,0.87,real
107.4,left,-11.544,2.634,0.84,real
107.4,left,-18.025,0.421,0.79,real
107.4,right,-3.181,-3.716,0.77,real
107.4,right,-9.174,-4.093,0.88,real
107.4,right,-14.6,-5.77,0.99,real
107.4,right,-19.398,-7.313,0.75,real
107.5,left,-3.95,3.017,0.94,real
107.5,left,-11.159,2.337,0.85,real
107.5,left,-17.845,0.318,0.94,real
107.5,right,-2.925,-3.68,0.86,real
107.5,right,-8.536,-3.973,0.94,real
107.5,right,-14.299,-5.505,0.97,real
107.5,right,-19.283,-7.189,0.82,real
107.6,left,-3.791,3.34,0.89,real
107.6,left,-10.648,2.824,0.88,real
107.6,left,-17.394,0.685,0.77,real
107.6,right,-2.212,-3.632,0.92,real
107.6,right,-8.747,-3.945,0.86,real
107.6,right,-13.735,-5.243,0.96,real
107.6,right,-18.463,-7.05,0.89,real
107.6,left,-13.811,-3.506,0.48,ghost
107.7,left,-3.226,3.48,0.88,real
107.7,left,-10.521,2.831,0.84,real
107.7,left,-16.804,0.705,0.86,real
107.7,right,-2.224,-3.651,0.94,real
107.7,right,-8.152,-3.809,0.91,real
107.7,right,-13.607,-5.22,0.94,real
107.7,right,-18.392,-7.319,0.88,real
107.8,left,-2.867,3.778,0.82,real
107.8,left,-9.917,2.543,0.81,real
107.8,left,-16.514,0.94,0.98,real
107.8,right,-1.799,-3.254,0.99,real
107.8,right,-7.53,-4.183,0.92,real
107.8,right,-13.044,-4.894,0.99,real
107.8,right,-17.733,-6.71,0.83,real
107.9,left,-2.339,3.165,0.75,real
107.9,left,-9.423,2.443,0.74,real
107.9,left,-15.893,1.104,0.88,real
107.9,right,-1.342,-3.437,0.92,real
107.9,right,-7.258,-3.92,0.62,real
107.9,right,-12.678,-5.15,0.76,real
107.9,right,-17.292,-7.081,0.94,real
107.9,right,-21.91,-9.097,0.88,real
108.0,left,-1.672,3.208,0.92,real
108.0,left,-9.221,2.697,0.93,real
108.0,left,-15.632,1.218,0.86,real
108.0,left,-21.848,-1.214,0.83,real
108.0,right,-0.922,-3.41,0.9,real
108.0,right,-6.719,-4.044,0.84,real
108.0,right,-12.429,-5.131,0.91,real
108.0,right,-17.443,-6.597,0.76,real
108.0,right,-21.241,-8.75,0.95,real
108.1,left,-1.297,3.474,0.88,real
108.1,left,-8.664,2.557,0.89,real
108.1,left,-15.19,1.259,0.99,real
108.1,left,-21.201,-0.833,0.9,real
108.1,right,-0.454,-3.278,0.99,real
108.1,right,-6.323,-3.871,0.96,real
108.1,right,-11.823,-4.797,0.9,real
108.1,right,-17.024,-6.583,0.88,real
108.1,right,-21.026,-8.772,0.94,real
108.2,left,-0.881,3.447,0.75,real
108.2,left,-8.316,2.883,0.99,real
108.2,left,-14.906,1.429,0.94,real
108.2,left,-21.141,-0.769,0.83,real
108.2,right,-0.277,-3.349,0.9,real
108.2,right,-6.068,-4.055,0.85,real
108.2,right,-11.809,-4.55,0.94,real
108.2,right,-16.315,-6.774,0.91,real
108.2,right,-21.288,-8.371,0.89,real
108.3,left,-0.556,3.639,0.99,real
108.3,left,-7.542,2.925,0.82,real
108.3,left,-14.35,1.74,0.92,real
108.3,left,-20.662,-0.859,0.87,real
108.3,right,-5.596,-3.808,0.87,real
108.3,right,-11.014,-4.769,0.84,real
108.3,right,-16.315,-6.297,0.83,real
108.3,right,-20.36,-8.138,0.95,real
108.4,left,0.136,3.465,0.92,real
108.4,left,-7.27,2.99,0.79,real
108.4,left,-13.888,1.436,0.99,real
108.4,left,-19.664,-0.603,0.98,real
108.4,right,-5.46,-3.515,0.82,real
108.4,right,-10.976,-4.86,0.94,real
108.4,right,-16.284,-6.163,0.87,real
108.4,right,-20.199,-8.57,0.96,real
108.5,left,-6.57,2.766,0.82,real
108.5,left,-13.675,1.791,0.87,real
108.5,left,-19.87,-0.211,0.84,real
108.5,right,-4.93,-3.743,0.86,real
108.5,right,-10.504,-4.581,0.85,real
108.5,right,-15.245,-5.758,0.77,real
108.5,right,-19.639,-8.314,0.86,real
108.6,left,-6.591,3.151,0.81,real
108.6,left,-13.309,1.718,0.98,real
108.6,left,-19.2,-0.302,0.89,real
108.6,right,-4.704,-3.469,0.89,real
108.6,right,-10.373,-4.137,0.9,real
108.6,right,-15.295,-6.1,0.74,real
108.6,right,-19.665,-7.983,0.86,real
108.7,left,-5.772,3.342,0.89,real
108.7,left,-12.787,1.742,0.85,real
108.7,left,-18.891,-0.196,0.99,real
108.7,right,-4.377,-3.723,0.79,real
108.7,right,-9.739,-4.331,0.87,real
108.7,right,-14.816,-6.078,0.92,real
108.7,right,-19.098,-8.065,0.88,real
108.8,left,-5.938,3.268,0.88,real
108.8,left,-12.471,1.923,0.99,real
108.8,left,-18.524,0.218,0.87,real
108.8,right,-3.907,-3.913,0.85,real
108.8,right,-9.22,-4.285,0.87,real
108.8,right,-14.209,-5.358,0.99,real
108.8,right,-18.532,-7.923,0.82,real
108.9,left,-5.271,3.238,0.88,real
108.9,left,-12.086,1.888,0.95,real
108.9,left,-18.229,0.158,0.81,real
108.9,right,-3.228,-3.226,0.96,real
108.9,right,-8.901,-4.391,0.8,real
108.9,right,-14.158,-5.704,0.9,real
108.9,right,-18.588,-7.653,0.89,real
108.9,right,-21.819,-10.26,0.91,real
109.0,left,-4.667,3.156,0.85,real
109.0,left,-11.541,2.499,0.74,real
109.0,left,-17.648,0.174,0.9,real
109.0,right,-3.169,-3.722,0.95,real
109.0,right,-8.489,-4.089,0.94,real
109.0,right,-14.051,-5.503,0.86,real
109.0,right,-18.13,-7.376,0.93,real
109.0,right,-21.534,-10.122,0.97,real
109.0,left,-8.855,-4.35,0.54,ghost
109.1,left,-4.611,2.981,0.97,real
109.1,left,-11.424,2.137,0.76,real
109.1,left,-17.337,0.404,0.92,real
109.1,right,-2.582,-3.3,0.83,real
109.1,right,-8.158,-4.034,0.98,real
109.1,right,-12.999,-5.304,0.99,real
109.1,right,-17.558,-7.474,0.85,real
109.1,right,-21.404,-9.938,0.83,real
109.2,left,-3.735,3.533,0.87,real
109.2,left,-10.517,1.962,0.99,real
109.2,left,-16.959,0.367,0.93,real
109.2,right,-2.275,-3.459,0.89,real
109.2,right,-7.894,-4.048,0.81,real
109.2,right,-12.891,-5.444,0.83,real
109.2,right,-17.18,-7.495,0.88,real
109.2,right,-20.814,-9.662,0.83,real
109.3,left,-3.568,3.554,0.9,real
109.3,left,-10.271,2.196,0.84,real
109.3,left,-16.433,0.622,0.86,real
109.3,left,-21.341,-2.238,0.86,real
109.3,right,-2.013,-3.554,0.87,real
109.3,right,-7.362,-4.01,0.83,real
109.3,right,-12.692,-5.465,0.99,real
109.3,right,-17.136,-7.22,0.93,real
109.3,right,-20.42,-9.421,0.96,real
109.4,left,-3.047,3.747,0.92,real
109.4,left,-9.665,2.585,0.83,real
109.4,left,-16.208,0.982,0.82,real
109.4,left,-21.825,-2.073,0.9,real
109.4,right,-1.435,-3.206,0.91,real
109.4,right,-7.361,-4.066,0.89,real
109.4,right,-12.434,-5.197,0.87,real
109.4,right,-16.607,-6.84,0.95,real
109.4,right,-20.185,-9.266,0.77,real
109.5,left,-2.925,3.013,0.84,real
109.5,left,-9.812,2.539,0.9,real
109.5,left,-15.702,0.827,0.84,real
109.5,left,-21.109,-1.717,0.8,real
109.5,right,-1.477,-3.824,0.72,real
109.5,right,-6.397,-3.722,0.85,real
109.5,right,-11.971,-5.471,0.96,real
109.5,right,-16.071,-7.098,0.9,real
109.5,right,-19.86,-9.107,0.97,real
109.6,left,-2.402,3.552,0.91,real
109.6,left,-9.261,2.731,0.88,real
109.6,left,-15.262,0.904,0.9,real
109.6,left,-20.612,-1.582,0.86,real
109.6,right,-1.047,-3.442,0.98,real
109.6,right,-6.188,-3.983,0.77,real
109.6,right,-11.569,-5.004,0.83,real
109.6,right,-15.921,-6.82,0.8,real
109.6,right,-19.379,-9.125,0.9,real
109.7,left,-2.028,3.397,0.95,real
109.7,left,-8.758,2.891,0.81,real
109.7,left,-14.887,1.342,0.98,real
109.7,left,-20.537,-1.43,0.9,real
109.7,right,-0.473,-3.469,0.84,real
109.7,right,-6.119,-3.78,0.92,real
109.7,right,-11.125,-4.801,0.87,real
109.7,right,-15.522,-6.646,0.92,real
109.7,right,-19.324,-8.896,0.94,real
109.7,right,-21.97,-11.961,0.91,real
109.8,left,-1.13,3.585,0.75,real
109.8,left,-8.111,2.61,0.93,real
109.8,left,-14.383,1.116,0.95,real
109.8,left,-19.626,-1.002,0.79,real
109.8,right,0.162,-3.489,0.93,real
109.8,right,-5.738,-3.955,0.88,real
109.8,right,-10.903,-4.789,0.91,real
109.8,right,-15.306,-6.359,0.94,real
109.8,right,-19.217,-8.889,0.85,real
109.8,right,-21.984,-11.749,0.89,real
109.9,left,-0.914,3.612,0.85,real
109.9,left,-8.061,3.05,0.94,real
109.9,left,-13.821,1.305,0.87,real
109.9,left,-19.6,-1.444,0.88,real
109.9,right,-5.109,-3.355,0.8,real
109.9,right,-10.625,-4.72,0.85,real
109.9,right,-14.935,-6.31,0.86,real
109.9,right,-18.717,-8.686,0.92,real
109.9,right,-21.381,-11.712,0.78,real
110.0,left,-0.192,3.6,0.99,real
110.0,left,-7.496,2.687,0.82,real
110.0,left,-13.715,1.472,0.93,real
110.0,left,-19.396,-1.061,0.86,real
110.0,right,-4.81,-3.347,0.97,real
110.0,right,-10.14,-4.393,0.86,real
110.0,right,-14.589,-6.383,0.9,real
110.0,right,-18.252,-8.688,0.84,real
110.0,right,-21.271,-11.337,0.9,real
110.1,left,0.01,3.509,0.84,real
110.1,left,-7.093,2.785,0.87,real
110.1,left,-12.862,1.741,0.99,real
110.1,left,-18.806,-0.571,0.99,real
110.1,right,-4.824,-3.525,0.85,real
110.1,right,-9.565,-4.753,0.94,real
110.1,right,-14.628,-6.356,0.95,real
110.1,right,-17.703,-8.622,0.95,real
110.1,right,-20.918,-11.172,0.83,real
110.2,left,-6.177,3.073,0.82,real
110.2,left,-12.911,1.632,0.87,real
110.2,left,-18.211,-0.539,0.91,real
110.2,right,-4.057,-3.632,0.9,real
110.2,right,-9.38,-4.586,0.95,real
110.2,right,-13.759,-5.966,0.94,real
110.2,right,-17.683,-8.225,0.94,real
110.2,right,-20.715,-11.405,0.82,real
110.3,left,-6.529,3.026,0.88,real
110.3,left,-12.132,1.856,0.83,real
110.3,left,-18.175,-0.101,0.92,real
110.3,right,-3.975,-3.511,0.79,real
110.3,right,-9.438,-4.483,0.91,real
110.3,right,-13.662,-6.151,0.76,real
110.3,right,-17.306,-8.55,0.94,real
110.3,right,-20.257,-11.147,0.87,real
110.4,left,-5.739,3.328,0.77,real
110.4,left,-11.835,1.94,0.99,real
110.4,left,-17.647,-0.209,0.88,real
110.4,right,-3.667,-3.619,0.88,real
110.4,right,-9.098,-4.164,0.82,real
110.4,right,-12.963,-5.71,0.81,real
110.4,right,-16.918,-7.766,0.76,real
110.4,right,-19.755,-10.404,0.99,real
110.5,left,-5.211,3.33,0.87,real
110.5,left,-11.476,1.941,0.8,real
110.5,left,-17.516,0.043,0.87,real
110.5,left,-22.134,-3.162,0.83,real
110.5,right,-3.125,-3.405,0.81,real
110.5,right,-8.443,-3.99,0.96,real
110.5,right,-12.907,-5.753,0.86,real
110.5,right,-16.911,-7.782,0.83,real
110.5,right,-19.441,-10.496,0.88,real
110.6,left,-4.753,3.369,0.86,real
110.6,left,-10.96,1.947,0.82,real
110.6,left,-16.765,0.124,0.88,real
110.6,left,-21.879,-2.982,0.99,real
110.6,right,-3.07,-3.561,0.92,real
110.6,right,-8.004,-4.075,0.91,real
110.6,right,-12.635,-5.506,0.85,real
110.6,right,-16.274,-7.615,0.9,real
110.6,right,-19.057,-10.373,0.99,real
110.7,left,-4.653,3.346,0.97,real
110.7,left,-10.495,2.107,0.71,real
110.7,left,-16.448,0.256,0.77,real
110.7,left,-21.191,-2.668,0.78,real
110.7,right,-2.351,-3.657,0.87,real
110.7,right,-7.843,-4.014,0.89,real
110.7,right,-11.875,-5.382,0.88,real
110.7,right,-16.312,-7.625,0.82,real
110.7,right,-19.167,-10.459,0.88,real
110.8,left,-4.523,3.157,0.87,real
110.8,left,-10.448,2.405,0.92,real
110.8,left,-16.236,0.478,0.81,real
110.8,left,-20.888,-2.897,0.81,real
110.8,right,-2.298,-3.349,0.98,real
110.8,right,-7.421,-3.886,0.88,real
110.8,right,-11.87,-5.538,0.92,real
110.8,right,-16.036,-7.368,0.88,real
110.8,right,-18.732,-10.295,0.8,real
110.9,left,-3.667,3.53,0.84,real
110.9,left,-10.225,2.208,0.99,real
110.9,left,-16.115,0.07,0.98,real
110.9,left,-20.546,-2.379,0.91,real
110.9,right,-1.964,-3.357,0.78,real
110.9,right,-7.093,-3.912,0.83,real
110.9,right,-11.664,-5.331,0.84,real
110.9,right,-15.59,-7.36,0.85,real
110.9,right,-18.439,-9.807,0.92,real
111.0,left,-3.143,3.447,0.85,real
111.0,left,-9.874,2.835,0.94,real
111.0,left,-15.451,0.467,0.91,real
111.0,left,-20.166,-2.359,0.93,real
111.0,right,-1.647,-3.417,0.94,real
111.0,right,-6.631,-3.962,0.96,real
111.0,right,-11.053,-5.472,0.95,real
111.0,right,-15.29,-7.478,0.84,real
111.0,right,-18.238,-9.849,0.83,real
111.0,unknown,-11.304,-7.525,0.37,ghost
111.1,left,-2.717,3.238,0.86,real
111.1,left,-9.625,1.998,0.82,real
111.1,left,-14.777,0.656,0.83,real
111.1,left,-19.738,-2.374,0.86,real
111.1,right,-1.037,-3.567,0.88,real
111.1,right,-6.137,-4.178,0.85,real
111.1,right,-11.1,-5.316,0.93,real
111.1,right,-14.781,-6.953,0.8,real
111.1,right,-17.85,-9.412,0.85,real
111.2,left,-2.625,3.478,0.93,real
111.2,left,-9.08,2.242,0.87,real
111.2,left,-14.5,0.748,0.89,real
111.2,left,-19.396,-1.754,0.87,real
111.2,right,-0.906,-3.258,0.81,real
111.2,right,-6.209,-3.928,0.84,real
111.2,right,-11.003,-5.002,0.84,real
111.2,right,-14.478,-6.972,0.84,real
111.2,right,-17.401,-9.509,0.87,real
111.3,left,-2.227,3.365,0.86,real
111.3,left,-8.302,2.865,0.99,real
111.3,left,-14.282,0.526,0.85,real
111.3,left,-19.115,-1.92,0.84,real
111.3,right,-0.422,-3.398,0.9,real
111.3,right,-5.5,-3.916,0.9,real
111.3,right,-10.387,-5.037,0.9,real
111.3,right,-14.05,-6.67,0.88,real
111.3,right,-16.941,-9.213,0.83,real
111.4,left,-1.791,3.495,0.99,real
111.4,left,-8.01,2.69,0.86,real
111.4,left,-13.94,1.01,0.84,real
111.4,left,-18.748,-1.751,0.87,real
111.4,right,-0.362,-3.491,0.94,real
111.4,right,-5.211,-3.677,0.82,real
111.4,right,-9.949,-5.116,0.93,real
111.4,right,-13.953,-6.577,0.85,real
111.4,right,-16.621,-9.187,0.92,real
111.5,left,-1.035,3.294,0.9,real
111.5,left,-7.916,2.468,0.94,real
111.5,left,-13.23,0.952,0.88,real
111.5,left,-18.572,-1.542,0.86,real
111.5,right,-4.993,-3.697,0.95,real
111.5,right,-9.477,-4.94,0.83,real
111.5,right,-13.86,-6.629,0.95,real
111.5,right,-16.804,-8.985,0.88,real
111.6,left,-0.975,3.346,0.83,real
111.6,left,-7.527,2.546,0.99,real
111.6,left,-12.774,1.05,0.95,real
111.6,left,-17.839,-1.447,0.88,real
111.6,left,-22.189,-4.866,0.85,real
111.6,right,-4.382,-3.821,0.86,real
111.6,right,-9.204,-4.67,0.95,real
111.6,right,-13.298,-6.478,0.84,real
111.6,right,-16.454,-8.837,0.83,real
111.7,left,-0.815,3.528,0.93,real
111.7,left,-7.179,2.791,0.84,real
111.7,left,-12.774,1.349,0.79,real
111.7,left,-17.848,-1.152,0.77,real
111.7,left,-21.648,-4.752,0.93,real
111.7,right,-18.364,-11.637,0.88,real
111.7,right,-4.402,-3.647,0.8,real
111.7,right,-9.205,-4.649,0.88,real
111.7,right,-13.066,-6.685,0.95,real
111.7,right,-16.088,-8.785,0.95,real
111.8,left,-0.36,3.642,0.94,real
111.8,left,-6.8,2.845,0.91,real
111.8,left,-12.511,1.092,0.87,real
111.8,left,-17.559,-0.748,0.99,real
111.8,left,-21.268,-4.244,0.95,real
111.8,right,-17.835,-11.946,0.93,real
111.8,right,-4.256,-3.594,0.88,real
111.8,right,-8.734,-4.209,0.94,real
111.8,right,-12.684,-6.315,0.77,real
111.8,right,-15.819,-8.417,0.96,real
111.9,left,-6.325,2.755,0.81,real
111.9,left,-11.767,1.153,0.92,real
111.9,left,-17.1,-0.972,0.8,real
111.9,left,-21.117,-4.046,0.93,real
111.9,right,-17.648,-11.767,0.85,real
111.9,right,-3.581,-3.644,0.89,real
111.9,right,-8.457,-4.508,0.96,real
111.9,right,-12.269,-6.468,0.88,real
111.9,right,-15.643,-8.601,0.82,real
112.0,left,-5.784,2.934,0.88,real
112.0,left,-11.542,1.455,0.77,real
112.0,left,-16.674,-0.893,0.86,real
112.0,left,-20.646,-3.893,0.99,real
112.0,right,-17.863,-11.599,0.99,real
112.0,right,-2.992,-3.632,0.9,real
112.0,right,-7.864,-4.286,0.8,real
112.0,right,-11.868,-5.794,0.85,real
112.0,right,-15.393,-8.307,0.84,real
112.1,left,-5.757,3.064,0.88,real
112.1,left,-11.561,1.781,0.94,real
112.1,left,-16.17,-0.402,0.87,real
112.1,left,-20.104,-3.883,0.93,real
112.1,right,-17.269,-11.309,0.89,real
112.1,right,-2.93,-3.421,0.99,real
112.1,right,-7.826,-4.033,0.99,real
112.1,right,-11.981,-6.057,0.95,real
112.1,right,-15.048,-8.056,0.89,real
112.2,left,-5.269,3.086,0.76,real
112.2,left,-10.923,2.053,0.8,real
112.2,left,-16.001,-0.464,0.73,real
112.2,left,-20.052,-3.607,0.82,real
112.2,right,-17.057,-11.136,0.75,real
112.2,right,-2.494,-3.569,0.94,real
112.2,right,-7.479,-4.22,0.99,real
112.2,right,-11.396,-5.867,0.87,real
112.2,right,-14.965,-8.04,0.88,real
112.3,left,-4.599,2.979,0.88,real
112.3,left,-10.57,1.965,0.92,real
112.3,left,-15.467,-0.537,0.81,real
112.3,left,-19.639,-3.513,0.94,real
112.3,right,-16.841,-11.047,0.79,real
112.3,right,-2.494,-3.555,0.9,real
112.3,right,-7.094,-4.182,0.86,real
112.3,right,-11.003,-5.746,0.85,real
112.3,right,-14.261,-7.99,0.81,real
112.4,left,-4.412,3.017,0.88,real
112.4,left,-10.165,1.869,0.89,real
112.4,left,-15.567,-0.011,0.92,real
112.4,left,-19.492,-3.582,0.78,real
112.4,right,-16.665,-10.629,0.79,real
112.4,right,-2.102,-3.442,0.89,real
112.4,right,-6.43,-4.387,0.99,real
112.4,right,-10.855,-5.833,0.96,real
112.4,right,-14.121,-7.918,0.88,real
112.5,left,-3.836,2.892,0.92,real
112.5,left,-9.582,1.914,0.83,real
112.5,left,-14.975,0.297,0.87,real
112.5,left,-18.991,-3.359,0.93,real
112.5,right,-16.24,-11.107,0.88,real
112.5,right,-2.061,-3.414,0.94,real
112.5,right,-6.603,-4.115,0.88,real
112.5,right,-10.771,-5.796,0.95,real
112.5,right,-14.125,-7.632,0.99,real
112.6,left,-21.957,-6.537,0.91,real
112.6,left,-3.331,3.248,0.9,real
112.6,left,-9.255,1.95,0.98,real
112.6,left,-14.615,-0.089,0.95,real
112.6,left,-18.701,-3.091,0.84,real
112.6,right,-15.911,-10.32,0.8,real
112.6,right,-1.403,-3.28,0.89,real
112.6,right,-6.115,-4.174,0.82,real
112.6,right,-10.321,-5.601,0.9,real
112.6,right,-13.796,-7.799,0.99,real
112.7,left,-21.695,-6.464,0.83,real
112.7,left,-3.577,3.295,0.82,real
112.7,left,-8.611,2.502,0.92,real
112.7,left,-13.909,-0.254,0.97,real
112.7,left,-18.43,-2.72,0.99,real
112.7,right,-15.798,-10.326,0.91,real
112.7,right,-1.26,-3.561,0.87,real
112.7,right,-5.806,-4.23,0.77,real
112.7,right,-10.131,-5.319,0.91,real
112.7,right,-13.722,-7.176,0.77,real
112.8,left,-21.595,-6.575,0.99,real
112.8,left,-2.842,3.358,0.95,real
112.8,left,-8.602,2.422,0.83,real
112.8,left,-13.836,0.316,0.86,real
112.8,left,-18.248,-2.478,0.91,real
112.8,right,-15.768,-10.366,0.86,real
112.8,right,-0.957,-3.45,0.95,real
112.8,right,-5.418,-3.648,0.98,real
112.8,right,-9.54,-5.334,0.87,real
112.8,right,-12.84,-7.513,0.86,real
112.9,left,-21.332,-5.782,0.95,real
112.9,left,-2.449,3.417,0.85,real
112.9,left,-8.219,2.482,0.8,real
112.9,left,-13.621,0.682,0.76,real
112.9,left,-17.831,-2.545,0.9,real
112.9,right,-15.594,-10.159,0.85,real
112.9,right,-0.757,-3.183,0.87,real
112.9,right,-5.141,-4.004,0.82,real
112.9,right,-9.697,-5.549,0.96,real
112.9,right,-12.97,-7.558,0.86,real
113.0,left,-20.753,-6.257,0.82,real
113.0,left,-1.826,3.391,0.86,real
113.0,left,-7.962,2.191,0.82,real
113.0,left,-13.005,0.742,0.96,real
113.0,left,-17.374,-2.207,0.84,real
113.0,right,-14.999,-9.878,0.85,real
113.0,right,-0.001,-3.31,0.99,real
113.0,right,-4.931,-3.885,0.92,real
113.0,right,-9.163,-4.943,0.77,real
113.0,right,-12.169,-7.038,0.76,real
113.1,left,-20.65,-5.83,0.98,real
113.1,left,-1.781,3.437,0.82,real
113.1,left,-7.648,2.71,0.9,real
113.1,left,-12.891,1.156,0.88,real
113.1,left,-16.944,-2.311,0.99,real
113.1,right,-14.769,-9.432,0.9,real
113.1,right,-4.747,-3.618,0.9,real
113.1,right,-8.945,-5.03,0.99,real
113.1,right,-12.272,-6.777,0.89,real
113.2,left,-20.22,-5.506,0.88,real
113.2,left,-1.118,3.457,0.84,real
113.2,left,-7.256,2.394,0.8,real
113.2,left,-12.745,0.86,0.71,real
113.2,left,-16.792,-1.66,0.84,real
113.2,right,-14.777,-9.675,0.98,real
113.2,right,-4.575,-3.471,0.78,real
113.2,right,-8.599,-4.925,0.86,real
113.2,right,-11.9,-7.029,0.82,real
113.3,left,-20.193,-5.565,0.84,real
113.3,left,-0.977,3.151,0.9,real
113.3,left,-6.748,2.946,0.99,real
113.3,left,-11.725,0.876,0.86,real
113.3,left,-16.631,-1.68,0.99,real
113.3,right,-14.536,-9.407,0.8,real
113.3,right,-4.389,-3.414,0.87,real
113.3,right,-8.196,-4.712,0.81,real
113.3,right,-11.618,-6.937,0.84,real
113.3,unknown,-16.332,-1.351,0.41,ghost
113.4,left,-19.886,-5.024,0.79,real
113.4,left,-0.431,3.291,0.83,real
113.4,left,-6.402,2.889,0.78,real
113.4,left,-11.954,1.002,0.83,real
113.4,left,-16.675,-1.551,0.86,real
113.4,right,-14.402,-9.53,0.81,real
113.4,right,-3.485,-3.786,0.91,real
113.4,right,-8.223,-4.702,0.86,real
113.4,right,-11.39,-6.511,0.83,real
113.5,left,-19.34,-4.854,0.86,real
113.5,left,-21.839,-9.033,0.94,real
113.5,left,-0.421,3.426,0.94,real
113.5,left,-6.265,3.078,0.87,real
113.5,left,-11.512,1.276,0.96,real
113.5,left,-16.12,-1.39,0.87,real
113.5,right,-13.955,-9.345,0.96,real
113.5,right,-3.529,-4.068,0.86,real
113.5,right,-7.644,-4.884,0.96,real
113.5,right,-11.1,-6.528,0.88,real
113.6,left,-19.058,-4.529,0.95,real
113.6,left,-22.061,-9.089,0.64,real
113.6,left,-5.567,2.65,0.9,real
113.6,left,-11.224,1.418,0.9,real
113.6,left,-15.769,-1.255,0.84,real
113.6,right,-13.63,-9.025,0.83,real
113.6,right,-3.017,-3.745,0.98,real
113.6,right,-7.522,-4.66,0.81,real
113.6,right,-11.081,-6.323,0.82,real
113.7,left,-18.54,-4.281,0.83,real
113.7,left,-21.633,-8.512,0.84,real
113.7,left,-5.278,2.845,0.93,real
113.7,left,-10.616,1.639,0.79,real
113.7,left,-15.08,-1.181,0.83,real
113.7,right,-13.281,-8.808,0.94,real
113.7,right,-3.138,-3.339,0.95,real
113.7,right,-6.959,-4.211,0.76,real
113.7,right,-10.615,-6.214,0.97,real
113.8,left,-18.287,-4.663,0.81,real
113.8,left,-21.473,-8.32,0.83,real
113.8,left,-4.868,3.015,0.85,real
113.8,left,-10.324,1.653,0.97,real
113.8,left,-15.04,-0.93,0.93,real
113.8,right,-13.364,-8.605,0.86,real
113.8,right,-14.98,-12.068,0.9,real
113.8,right,-2.646,-3.271,0.81,real
113.8,right,-6.845,-4.342,0.84,real
113.8,right,-10.451,-6.397,0.89,real
113.9,left,-18.212,-4.182,0.98,real
113.9,left,-20.937,-8.162,0.87,real
113.9,left,-4.598,2.804,0.99,real
113.9,left,-10.133,1.799,0.88,real
113.9,left,-14.507,-0.807,0.99,real
113.9,right,-12.981,-8.837,0.88,real
113.9,right,-14.897,-11.793,0.92,real
113.9,right,-2.221,-3.176,0.93,real
113.9,right,-6.437,-4.423,0.84,real
113.9,right,-9.97,-6.102,0.78,real
114.0,left,-17.91,-3.977,0.79,real
114.0,left,-20.752,-8.156,0.92,real
114.0,left,-4.246,3.04,0.93,real
114.0,left,-9.91,1.792,0.74,real
114.0,left,-14.049,-0.579,0.83,real
114.0,right,-12.571,-8.878,0.93,real
114.0,right,-14.715,-11.46,0.88,real
114.0,right,-2.117,-3.532,0.89,real
114.0,right,-6.007,-4.166,0.74,real
114.0,right,-9.698,-6.055,0.9,real
114.1,left,-17.867,-3.747,0.9,real
114.1,left,-20.624,-7.85,0.97,real
114.1,left,-4.101,3.15,0.91,real
114.1,left,-9.351,1.83,0.83,real
114.1,left,-13.896,-0.644,0.9,real
114.1,right,-12.544,-8.285,0.8,real
114.1,right,-14.476,-11.631,0.91,real
114.1,right,-1.438,-3.631,0.9,real
114.1,right,-6.055,-3.992,0.83,real
114.1,right,-9.64,-5.83,0.94,real
114.2,left,-17.683,-3.305,0.94,real
114.2,left,-20.33,-7.495,0.84,real
114.2,left,-3.637,3.19,0.74,real
114.2,left,-8.847,2.158,0.99,real
114.2,left,-13.636,-0.181,0.78,real
114.2,right,-12.445,-8.253,0.98,real
114.2,right,-14.359,-11.172,0.74,real
114.2,right,-1.508,-3.491,0.76,real
114.2,right,-5.692,-4.13,0.94,real
114.2,right,-9.407,-5.696,0.86,real
114.2,right,-3.802,-4.016,0.43,ghost
114.3,left,-16.87,-2.882,0.96,real
114.3,left,-20.381,-7.559,0.81,real
114.3,left,-3.272,2.985,0.92,real
114.3,left,-8.363,2.022,0.94,real
114.3,left,-13.575,-0.037,0.85,real
114.3,right,-12.183,-8.11,0.88,real
114.3,right,-14.055,-11.271,0.89,real
114.3,right,-0.893,-3.432,0.88,real
114.3,right,-5.351,-4.373,0.86,real
114.3,right,-9.151,-5.649,0.89,real
114.4,left,-16.623,-3.125,0.87,real
114.4,left,-19.941,-7.486,0.77,real
114.4,left,-21.434,-12.049,0.95,real
114.4,left,-2.914,3.315,0.83,real
114.4,left,-8.51,2.402,0.93,real
114.4,left,-13.118,0.207,0.86,real
114.4,right,-11.673,-7.783,0.68,real
114.4,right,-13.955,-11.271,0.96,real
114.4,right,-0.947,-3.409,0.82,real
114.4,right,-5.288,-3.763,0.76,real
114.4,right,-8.662,-5.798,0.92,real
114.5,left,-16.65,-3.017,0.84,real
114.5,left,-19.9,-6.989,0.81,real
114.5,left,-21.723,-11.551,0.84,real
114.5,left,-2.891,3.53,0.86,real
114.5,left,-8.093,1.952,0.92,real
114.5,left,-12.883,0.214,0.88,real
114.5,right,-11.468,-7.708,0.73,real
114.5,right,-13.7,-11.131,0.81,real
114.5,right,-0.702,-3.543,0.99,real
114.5,right,-4.785,-3.579,0.99,real
114.5,right,-8.772,-5.621,0.95,real
114.6,left,-16.485,-2.843,0.89,real
114.6,left,-19.198,-7.041,0.89,real
114.6,left,-21.171,-11.274,0.88,real
114.6,left,-2.255,3.072,0.93,real
114.6,left,-7.969,2.322,0.84,real
114.6,left,-12.598,0.408,0.99,real
114.6,right,-11.399,-7.467,0.92,real
114.6,right,-13.382,-10.658,0.92,real
114.6,right,-0.23,-3.216,0.91,real
114.6,right,-4.595,-3.857,0.89,real
114.6,right,-8.633,-5.485,0.93,real
114.7,left,-15.858,-2.859,0.81,real
114.7,left,-19.0,-6.621,0.89,real
114.7,left,-21.101,-11.257,0.97,real
114.7,left,-2.006,3.407,0.99,real
114.7,left,-7.201,2.39,0.93,real
114.7,left,-12.168,0.446,0.95,real
114.7,right,-11.285,-7.578,0.86,real
114.7,right,-13.432,-10.489,0.89,real
114.7,right,-0.096,-3.566,0.96,real
114.7,right,-4.477,-3.643,0.95,real
114.7,right,-8.109,-5.104,0.87,real
114.8,left,-15.624,-2.438,0.86,real
114.8,left,-18.474,-6.547,0.79,real
114.8,left,-21.144,-11.395,0.8,real
114.8,left,-2.021,3.488,0.85,real
114.8,left,-6.936,2.56,0.9,real
114.8,left,-11.668,0.313,0.86,real
114.8,right,-11.162,-7.339,0.94,real
114.8,right,-12.939,-10.258,0.88,real
114.8,right,-4.037,-3.837,0.89,real
114.8,right,-8.033,-5.298,0.71,real
114.9,left,-15.737,-2.23,0.71,real
114.9,left,-18.79,-6.006,0.75,real
114.9,left,-20.552,-10.657,0.78,real
114.9,left,-0.954,3.639,0.89,real
114.9,left,-6.299,2.578,0.81,real
114.9,left,-11.21,0.805,0.8,real
114.9,right,-10.359,-7.392,0.86,real
114.9,right,-12.912,-10.034,0.97,real
114.9,right,-3.783,-3.771,0.99,real
114.9,right,-7.514,-5.034,0.82,real
114.9,unknown,-16.184,-4.976,0.49,ghost
115.0,left,-14.835,-2.161,0.79,real
115.0,left,-18.506,-5.775,0.92,real
115.0,left,-20.342,-10.408,0.86,real
115.0,left,-0.765,3.618,0.87,real
115.0,left,-6.26,3.001,0.94,real
115.0,left,-11.254,0.969,0.85,real
115.0,right,-10.306,-7.078,0.82,real
115.0,right,-12.996,-10.464,0.88,real
115.0,right,-3.797,-3.565,0.94,real
115.0,right,-7.232,-5.32,0.99,real
115.1,left,-14.872,-1.632,0.71,real
115.1,left,-18.195,-5.518,0.83,real
115.1,left,-20.569,-10.354,0.87,real
115.1,left,-0.712,3.482,0.99,real
115.1,left,-5.901,2.616,0.8,real
115.1,left,-10.655,0.984,0.78,real
115.1,right,-10.285,-6.926,0.99,real
115.1,right,-12.509,-9.836,0.82,real
115.1,right,-2.992,-3.648,0.79,real
115.1,right,-7.161,-4.735,0.95,real
115.2,left,-14.506,-1.989,0.97,real
115.2,left,-17.938,-5.329,0.81,real
115.2,left,-20.278,-10.101,0.87,real
115.2,left,0.029,3.654,0.84,real
115.2,left,-5.447,2.916,0.9,real
115.2,left,-10.466,1.213,0.85,real
115.2,right,-10.667,-7.087,0.85,real
115.2,right,-12.363,-9.721,0.93,real
115.2,right,-2.954,-3.397,0.78,real
115.2,right,-7.016,-4.555,0.85,real
115.3,left,-14.491,-1.762,0.88,real
115.3,left,-17.414,-5.09,0.78,real
115.3,left,-20.055,-9.875,0.78,real
115.3,left,-5.398,3.128,0.8,real
115.3,left,-10.048,1.319,0.86,real
115.3,right,-10.02,-7.032,0.81,real
115.3,right,-12.428,-9.791,0.86,real
115.3,right,-2.842,-3.483,0.75,real
115.3,right,-6.446,-4.727,0.85,real
115.4,left,-14.252,-1.24,0.99,real
115.4,left,-17.511,-4.974,0.83,real
115.4,left,-20.229,-9.347,0.79,real
115.4,left,-4.909,2.848,0.93,real
115.4,left,-10.202,1.221,0.88,real
115.4,right,-9.735,-6.346,0.73,real
115.4,right,-12.421,-9.444,0.89,real
115.4,right,-2.81,-3.283,0.91,real
115.4,right,-6.484,-4.927,0.94,real
115.5,left,-13.614,-1.184,0.78,real
115.5,left,-17.49,-4.542,0.9,real
115.5,left,-19.187,-9.356,0.96,real
115.5,left,-4.514,3.25,0.85,real
115.5,left,-9.77,1.328,0.87,real
115.5,right,-9.543,-6.511,0.85,real
115.5,right,-11.849,-9.375,0.92,real
115.5,right,-2.21,-3.634,0.97,real
115.5,right,-6.231,-4.621,0.75,real
115.6,left,-13.532,-0.999,0.69,real
115.6,left,-16.991,-4.673,0.91,real
115.6,left,-19.236,-9.185,0.92,real
115.6,left,-4.364,2.809,0.81,real
115.6,left,-9.07,1.692,0.66,real
115.6,right,-8.853,-6.209,0.9,real
115.6,right,-11.425,-9.337,0.69,real
115.6,right,-1.905,-3.539,0.88,real
115.6,right,-6.125,-4.524,0.88,real
115.7,left,-13.162,-0.305,0.77,real
115.7,left,-16.387,-4.393,0.76,real
115.7,left,-19.318,-8.561,0.87,real
115.7,left,-3.829,3.556,0.86,real
115.7,left,-8.684,1.686,0.79,real
115.7,right,-9.013,-6.453,0.94,real
115.7,right,-11.265,-9.447,0.92,real
115.7,right,-1.843,-3.43,0.79,real
115.7,right,-5.605,-4.297,0.79,real
115.8,left,-12.834,-0.748,0.79,real
115.8,left,-16.602,-3.946,0.84,real
115.8,left,-19.302,-8.266,0.85,real
115.8,left,-3.407,3.287,0.93,real
115.8,left,-8.683,1.733,0.84,real
115.8,right,-8.8,-6.189,0.8,real
115.8,right,-11.141,-8.843,0.81,real
115.8,right,-1.382,-3.48,0.88,real
115.8,right,-5.417,-4.33,0.84,real
115.9,left,-12.896,-0.577,0.91,real
115.9,left,-16.317,-4.079,0.9,real
115.9,left,-18.914,-8.484,0.96,real
115.9,left,-2.993,3.58,0.78,real
115.9,left,-8.594,2.128,0.93,real
115.9,right,-8.486,-6.292,0.88,real
115.9,right,-11.111,-8.999,0.87,real
115.9,right,-1.373,-3.193,0.95,real
115.9,right,-5.176,-4.189,0.94,real
116.0,left,-12.233,-0.118,0.82,real
116.0,left,-16.087,-3.761,0.92,real
116.0,left,-18.544,-7.951,0.82,real
116.0,left,-2.679,3.003,0.9,real
116.0,left,-7.689,1.833,0.91,real
116.0,right,-8.537,-5.96,0.79,real
116.0,right,-11.001,-8.646,0.84,real
116.0,right,-13.02,-11.988,0.92,real
116.0,right,-1.253,-3.364,0.97,real
116.0,right,-5.262,-4.02,0.87,real
116.1,left,-12.192,0.217,0.84,real
116.1,left,-15.723,-3.307,0.96,real
116.1,left,-18.655,-7.854,0.89,real
116.1,left,-2.722,3.294,0.77,real
116.1,left,-7.599,2.218,0.86,real
116.1,right,-7.898,-5.748,0.84,real
116.1,right,-10.893,-8.332,0.83,real
116.1,right,-12.883,-11.956,0.99,real
116.1,right,-0.776,-3.536,0.78,real
116.1,right,-4.389,-3.935,0.87,real
116.2,left,-11.423,0.445,0.95,real
116.2,left,-15.661,-3.415,0.82,real
116.2,left,-18.562,-7.542,0.79,real
116.2,left,-2.273,3.274,0.78,real
116.2,left,-6.969,2.001,0.84,real
116.2,right,-7.646,-5.485,0.93,real
116.2,right,-10.249,-8.166,0.84,real
116.2,right,-12.557,-11.455,0.96,real
116.2,right,-0.398,-3.712,0.87,real
116.2,right,-4.347,-3.817,0.89,real
116.3,left,-11.183,0.188,0.86,real
116.3,left,-15.244,-3.038,0.92,real
116.3,left,-18.226,-7.17,0.99,real
116.3,left,-1.758,3.581,0.92,real
116.3,left,-6.834,2.495,0.96,real
116.3,right,-7.564,-5.372,0.85,real
116.3,right,-10.325,-8.062,0.73,real
116.3,right,-12.676,-11.082,0.91,real
116.3,right,-0.088,-3.119,0.87,real
116.3,right,-4.122,-3.944,0.92,real
116.4,left,-10.848,0.423,0.91,real
116.4,left,-14.81,-2.706,0.93,real
116.4,left,-18.221,-7.161,0.94,real
116.4,left,-1.542,3.558,0.93,real
116.4,left,-6.838,2.632,0.79,real
116.4,right,-7.556,-5.761,0.9,real
116.4,right,-10.287,-8.124,0.85,real
116.4,right,-12.478,-11.234,0.97,real
116.4,right,0.067,-3.262,0.94,real
116.4,right,-4.14,-3.967,0.85,real
116.5,left,-10.876,0.396,0.83,real
116.5,left,-15.057,-2.52,0.91,real
116.5,left,-17.684,-6.986,0.76,real
116.5,left,-20.179,-11.752,0.9,real
116.5,left,-1.094,3.591,0.84,real
116.5,left,-6.214,2.71,0.96,real
116.5,right,-7.422,-5.418,0.81,real
116.5,right,-10.342,-7.796,0.94,real
116.5,right,-12.354,-10.873,0.91,real
116.5,right,-3.914,-3.801,0.88,real
116.5,unknown,-6.187,-6.543,0.29,ghost
116.6,left,-10.632,0.897,0.91,real
116.6,left,-14.734,-2.444,0.99,real
116.6,left,-17.742,-6.787,0.84,real
116.6,left,-19.66,-11.524,0.75,real
116.6,left,-0.983,3.183,0.86,real
116.6,left,-6.179,2.684,0.93,real
116.6,right,-7.17,-5.284,0.78,real
116.6,right,-10.109,-7.653,0.87,real
116.6,right,-12.402,-10.974,0.78,real
116.6,right,-3.611,-3.833,0.76,real
116.7,left,-10.331,0.936,0.82,real
116.7,left,-14.604,-1.897,0.92,real
116.7,left,-17.595,-6.118,0.91,real
116.7,left,-19.896,-11.201,0.93,real
116.7,left,-0.583,3.477,0.99,real
116.7,left,-5.63,2.695,0.79,real
116.7,right,-6.89,-5.228,0.94,real
116.7,right,-9.836,-7.821,0.82,real
116.7,right,-11.949,-10.645,0.91,real
116.7,right,-3.233,-3.762,0.99,real
116.8,left,-9.929,1.182,0.99,real
116.8,left,-13.888,-1.98,0.96,real
116.8,left,-17.312,-6.482,0.89,real
116.8,left,-19.773,-10.969,0.87,real
116.8,left,-0.226,3.829,0.87,real
116.8,left,-5.231,2.789,0.87,real
116.8,right,-6.467,-5.284,0.91,real
116.8,right,-9.514,-7.498,0.96,real
116.8,right,-12.146,-10.434,0.79,real
116.8,right,-3.116,-3.981,0.84,real
116.9,left,-9.544,1.095,0.88,real
116.9,left,-13.768,-1.878,0.8,real
116.9,left,-16.854,-5.645,0.79,real
116.9,left,-19.637,-10.871,0.9,real
116.9,left,-4.766,2.922,0.79,real
116.9,right,-6.205,-4.961,0.99,real
116.9,right,-9.479,-7.249,0.93,real
116.9,right,-11.718,-10.566,0.83,real
116.9,right,-2.564,-3.698,0.9,real
117.0,left,-9.451,1.349,0.82,real
117.0,left,-13.552,-1.399,0.96,real
117.0,left,-16.896,-5.699,0.9,real
117.0,left,-19.234,-10.698,0.88,real
117.0,left,-4.681,3.075,0.99,real
117.0,right,-6.186,-5.109,0.81,real
117.0,right,-9.271,-7.123,0.79,real
117.0,right,-11.447,-9.966,0.84,real
117.0,right,-2.627,-3.824,0.92,real
117.1,left,-9.09,1.179,0.83,real
117.1,left,-12.947,-1.621,0.87,real
117.1,left,-16.432,-5.415,0.9,real
117.1,left,-19.168,-9.946,0.84,real
117.1,left,-4.678,2.952,0.94,real
117.1,right,-6.087,-4.866,0.93,real
117.1,right,-9.176,-7.178,0.86,real
117.1,right,-11.263,-10.437,0.88,real
117.1,right,-2.193,-3.651,0.99,real
117.2,left,-8.772,1.733,0.99,real
117.2,left,-13.016,-1.406,0.99,real
117.2,left,-16.635,-5.169,0.89,real
117.2,left,-19.021,-10.062,0.7,real
117.2,left,-4.127,2.958,0.92,real
117.2,right,-6.008,-4.858,0.86,real
117.2,right,-8.782,-6.815,0.97,real
117.2,right,-11.287,-9.882,0.78,real
117.2,right,-2.307,-3.375,0.98,real
117.3,left,-8.231,1.797,0.87,real
117.3,left,-12.438,-1.129,0.8,real
117.3,left,-16.131,-4.799,0.79,real
117.3,left,-19.043,-9.638,0.88,real
117.3,left,-3.858,3.15,0.97,real
117.3,right,-5.441,-4.704,0.92,real
117.3,right,-8.903,-6.361,0.78,real
117.3,right,-11.156,-9.852,0.72,real
117.3,right,-1.761,-3.76,0.91,real
117.4,left,-8.123,1.662,0.96,real
117.4,left,-12.442,-0.919,0.88,real
117.4,left,-15.852,-4.295,0.99,real
117.4,left,-19.153,-9.43,0.96,real
117.4,left,-3.126,3.157,0.89,real
117.4,right,-5.436,-4.586,0.9,real
117.4,right,-8.444,-6.812,0.84,real
117.4,right,-10.962,-9.578,0.92,real
117.4,right,-1.839,-3.404,0.86,real
117.5,left,-7.723,2.277,0.99,real
117.5,left,-12.106,-0.709,0.77,real
117.5,left,-15.741,-4.076,0.99,real
117.5,left,-18.373,-8.768,0.81,real
117.5,left,-3.233,3.329,0.85,real
117.5,right,-5.11,-4.69,0.94,real
117.5,right,-8.564,-6.572,0.74,real
117.5,right,-10.895,-9.386,0.85,real
117.5,right,-1.328,-3.327,0.89,real
117.6,left,-7.828,1.931,0.86,real
117.6,left,-11.955,-0.609,0.94,real
117.6,left,-15.427,-3.806,0.88,real
117.6,left,-18.65,-8.912,0.9,real
117.6,left,-2.802,3.364,0.98,real
117.6,right,-4.713,-4.303,0.84,real
117.6,right,-7.882,-6.7,0.88,real
117.6,right,-11.074,-8.961,0.85,real
117.6,right,-0.99,-3.367,0.85,real
117.7,left,-7.419,2.186,0.86,real
117.7,left,-11.682,-0.311,0.9,real
117.7,left,-15.404,-4.04,0.81,real
117.7,left,-18.362,-8.473,0.91,real
117.7,left,-2.319,3.559,0.93,real
117.7,right,-4.704,-4.417,0.81,real
117.7,right,-8.18,-6.305,0.97,real
117.7,right,-10.844,-9.218,0.85,real
117.7,right,-1.091,-3.3,0.89,real
117.8,left,-7.134,2.33,0.99,real
117.8,left,-11.527,-0.131,0.77,real
117.8,left,-14.973,-3.599,0.75,real
117.8,left,-18.28,-8.177,0.93,real
117.8,left,-1.836,3.539,0.9,real
117.8,right,-4.277,-4.388,0.84,real
117.8,right,-7.551,-6.268,0.85,real
117.8,right,-10.479,-8.766,0.99,real
117.8,right,-1.195,-3.589,0.9,real
117.9,left,-6.887,2.341,0.75,real
117.9,left,-11.176,0.307,0.76,real
117.9,left,-15.084,-3.702,0.84,real
117.9,left,-17.868,-7.877,0.95,real
117.9,left,-1.697,3.362,0.83,real
117.9,right,-4.183,-4.397,0.9,real
117.9,right,-7.701,-5.889,0.99,real
117.9,right,-10.85,-8.609,0.93,real
117.9,right,-0.502,-3.764,0.93,real
118.0,left,-6.229,2.259,0.97,real
118.0,left,-10.765,0.336,0.94,real
118.0,left,-14.29,-3.416,0.94,real
118.0,left,-17.71,-7.839,0.81,real
118.0,left,-1.383,3.418,0.82,real
118.0,right,-3.934,-4.14,0.99,real
118.0,right,-7.298,-5.676,0.82,real
118.0,right,-10.37,-8.43,0.86,real
118.0,right,-0.287,-3.411,0.91,real
118.1,left,-5.747,2.549,0.9,real
118.1,left,-10.545,0.692,0.99,real
118.1,left,-14.608,-2.888,0.87,real
118.1,left,-17.692,-7.425,0.92,real
118.1,left,-1.137,3.357,0.91,real
118.1,right,-3.712,-4.311,0.9,real
118.1,right,-7.246,-5.553,0.81,real
118.1,right,-10.026,-8.592,0.83,real
118.1,right,-0.497,-3.761,0.99,real
118.1,left,-12.24,3.714,0.35,ghost
118.2,left,-5.817,2.645,0.84,real
118.2,left,-10.355,0.483,0.89,real
118.2,left,-14.251,-2.44,0.79,real
118.2,left,-17.67,-7.34,0.88,real
118.2,left,-0.876,3.489,0.84,real
118.2,right,-3.37,-3.81,0.96,real
118.2,right,-6.962,-5.985,0.81,real
118.2,right,-10.069,-8.375,0.94,real
118.2,right,-12.158,-11.807,0.86,real
118.3,left,-5.477,2.955,0.9,real
118.3,left,-9.762,0.779,0.99,real
118.3,left,-14.21,-2.26,0.79,real
118.3,left,-17.203,-6.494,0.89,real
118.3,left,-0.672,3.182,0.92,real
118.3,right,-3.49,-4.152,0.85,real
118.3,right,-6.768,-5.522,0.9,real
118.3,right,-10.164,-7.881,0.84,real
118.3,right,-12.437,-11.58,0.89,real
118.3,right,-7.103,-1.874,0.3,ghost
118.4,left,-5.105,3.308,0.99,real
118.4,left,-9.442,0.929,0.92,real
118.4,left,-13.501,-2.175,0.82,real
118.4,left,-16.842,-6.598,0.9,real
118.4,left,-19.75,-11.904,0.83,real
118.4,left,-0.152,3.636,0.79,real
118.4,right,-3.225,-4.029,0.99,real
118.4,right,-6.462,-5.447,0.86,real
118.4,right,-9.918,-8.073,0.97,real
118.4,right,-12.382,-11.541,0.99,real
118.5,left,-4.489,2.899,0.79,real
118.5,left,-9.152,0.598,0.88,real
118.5,left,-13.748,-1.82,0.85,real
118.5,left,-16.951,-6.227,0.93,real
118.5,left,-20.036,-11.303,0.93,real
118.5,right,-3.296,-3.732,0.79,real
118.5,right,-6.489,-5.48,0.87,real
118.5,right,-9.549,-7.491,0.77,real
118.5,right,-12.366,-11.43,0.95,real
118.6,left,-4.768,2.832,0.91,real
118.6,left,-9.509,1.433,0.85,real
118.6,left,-13.591,-1.998,0.86,real
118.6,left,-16.811,-6.181,0.94,real
118.6,left,-19.796,-11.151,0.9,real
118.6,right,-2.804,-3.864,0.83,real
118.6,right,-6.686,-5.235,0.95,real
118.6,right,-9.515,-7.636,0.94,real
118.6,right,-12.384,-11.307,0.75,real
118.7,left,-3.903,3.193,0.89,real
118.7,left,-8.855,1.283,0.92,real
118.7,left,-12.767,-1.671,0.9,real
118.7,left,-16.891,-5.586,0.94,real
118.7,left,-19.517,-10.902,0.72,real
118.7,right,-2.742,-3.948,0.87,real
118.7,right,-6.143,-5.179,0.88,real
118.7,right,-9.425,-7.753,0.89,real
118.7,right,-12.249,-10.723,0.84,real
118.8,left,-3.727,3.433,0.86,real
118.8,left,-8.3,1.513,0.8,real
118.8,left,-13.212,-1.612,0.86,real
118.8,left,-16.636,-5.315,0.72,real
118.8,left,-19.833,-10.426,0.84,real
118.8,right,-2.394,-3.644,0.85,real
118.8,right,-5.618,-5.181,0.8,real
118.8,right,-9.192,-7.27,0.99,real
118.8,right,-12.127,-10.629,0.91,real
118.9,left,-3.584,3.292,0.85,real
118.9,left,-8.615,1.534,0.96,real
118.9,left,-12.635,-0.976,0.7,real
118.9,left,-16.42,-4.778,0.94,real
118.9,left,-19.519,-10.23,0.79,real
118.9,right,-2.162,-3.893,0.91,real
118.9,right,-5.699,-4.806,0.89,real
118.9,right,-8.798,-7.443,0.94,real
118.9,right,-11.898,-10.737,0.89,real
119.0,left,-3.29,3.257,0.93,real
119.0,left,-7.785,1.558,0.99,real
119.0,left,-12.487,-1.218,0.85,real
119.0,left,-16.258,-4.935,0.84,real
119.0,left,-19.687,-9.693,0.92,real
119.0,right,-2.005,-3.537,0.86,real
119.0,right,-5.446,-4.905,0.87,real
119.0,right,-8.798,-7.155,0.99,real
119.0,right,-12.063,-10.114,0.82,real
119.1,left,-3.06,3.524,0.84,real
119.1,left,-7.848,1.849,0.84,real
119.1,left,-11.969,-0.938,0.82,real
119.1,left,-16.174,-4.603,0.91,real
119.1,left,-19.718,-9.458,0.99,real
119.1,right,-1.542,-3.599,0.63,real
119.1,right,-5.097,-5.138,0.98,real
119.1,right,-8.492,-6.487,0.9,real
119.1,right,-11.567,-10.159,0.92,real
119.2,left,-2.767,3.544,0.78,real
119.2,left,-7.43,2.294,0.9,real
119.2,left,-11.771,-0.834,0.99,real
119.2,left,-15.784,-4.338,0.99,real
119.2,left,-19.587,-9.351,0.87,real
119.2,right,-1.392,-3.871,0.83,real
119.2,right,-5.391,-4.361,0.86,real
119.2,right,-8.393,-6.765,0.91,real
119.2,right,-11.634,-10.121,0.89,real
119.3,left,-2.319,3.702,0.96,real
119.3,left,-6.892,1.989,0.91,real
119.3,left,-11.778,-0.185,0.92,real
119.3,left,-15.479,-4.099,0.82,real
119.3,left,-19.422,-9.183,0.94,real
119.3,right,-1.348,-3.777,0.91,real
119.3,right,-5.065,-4.394,0.98,real
119.3,right,-8.508,-6.626,0.8,real
119.3,right,-11.462,-9.637,0.95,real
119.4,left,-2.003,3.316,0.8,real
119.4,left,-6.609,2.434,0.88,real
119.4,left,-11.329,-0.215,0.9,real
119.4,left,-15.556,-3.697,0.84,real
119.4,left,-19.124,-8.556,0.86,real
119.4,right,-1.512,-3.444,0.91,real
119.4,right,-4.655,-4.282,0.87,real
119.4,right,-8.553,-6.5,0.88,real
119.4,right,-11.359,-9.066,0.99,real
119.5,left,-1.841,3.319,0.85,real
119.5,left,-6.239,2.3,0.84,real
119.5,left,-11.33,-0.072,0.79,real
119.5,left,-15.473,-3.52,0.92,real
119.5,left,-18.934,-8.217,0.87,real
119.5,right,-0.608,-3.663,0.8,real
119.5,right,-4.871,-4.321,0.91,real
119.5,right,-8.422,-6.412,0.97,real
119.5,right,-11.538,-9.328,0.8,real
119.6,left,-1.299,3.348,0.8,real
119.6,left,-6.418,2.643,0.85,real
119.6,left,-10.909,0.069,0.75,real
119.6,left,-15.502,-3.587,0.96,real
119.6,left,-18.774,-7.788,0.84,real
119.6,right,-0.585,-3.73,0.99,real
119.6,right,-4.412,-4.349,0.85,real
119.6,right,-7.862,-5.965,0.79,real
119.6,right,-11.004,-9.17,0.85,real
119.7,left,-0.88,3.76,0.95,real
119.7,left,-5.687,2.678,0.81,real
119.7,left,-10.692,0.618,0.86,real
119.7,left,-14.614,-2.967,0.99,real
119.7,left,-18.812,-7.473,0.96,real
119.7,right,-0.66,-3.673,0.75,real
119.7,right,-4.637,-4.472,0.78,real
119.7,right,-7.915,-5.952,0.91,real
119.7,right,-11.371,-9.06,0.99,real
119.8,left,-0.684,3.528,0.85,real
119.8,left,-5.634,2.829,0.93,real
119.8,left,-10.008,0.393,0.95,real
119.8,left,-14.516,-2.929,0.76,real
119.8,left,-18.589,-7.079,0.84,real
119.8,right,-0.258,-3.263,0.79,real
119.8,right,-3.795,-3.829,0.88,real
119.8,right,-7.515,-6.132,0.77,real
119.8,right,-11.012,-9.106,0.99,real
119.9,left,-0.122,3.517,0.84,real
119.9,left,-5.427,2.728,0.84,real
119.9,left,-10.062,0.85,0.81,real
119.9,left,-14.422,-2.905,0.81,real
119.9,left,-18.439,-7.171,0.81,real
119.9,right,-0.183,-3.87,0.89,real
119.9,right,-4.251,-3.985,0.95,real
119.9,right,-7.808,-5.715,0.87,real
119.9,right,-10.872,-8.587,0.93,real
